{
"type": "FeatureCollection",
"name": "Primary schools",
"features": [
{ "type": "Feature", "properties": { "ID": 0, "NAME": "Shauro", "X_Coord": 29.8148, "Y_Coord": -20.4957 }, "geometry": { "type": "Point", "coordinates": [ 29.81475596857597, -20.495730473467511 ] } },
{ "type": "Feature", "properties": { "ID": 0, "NAME": "Zukombe", "X_Coord": 29.8062, "Y_Coord": -20.5155 }, "geometry": { "type": "Point", "coordinates": [ 29.806185462920144, -20.515510823848299 ] } },
{ "type": "Feature", "properties": { "ID": 0, "NAME": "Mberengwa", "X_Coord": 29.9165, "Y_Coord": -20.4756 }, "geometry": { "type": "Point", "coordinates": [ 29.916545185370413, -20.47559139525579 ] } },
{ "type": "Feature", "properties": { "ID": 0, "NAME": "Vanguard", "X_Coord": 29.9268, "Y_Coord": -20.54 }, "geometry": { "type": "Point", "coordinates": [ 29.926819818277313, -20.54001092971037 ] } },
{ "type": "Feature", "properties": { "ID": 0, "NAME": "Bvute", "X_Coord": 29.8221, "Y_Coord": -20.6698 }, "geometry": { "type": "Point", "coordinates": [ 29.822143229906452, -20.669759459169693 ] } },
{ "type": "Feature", "properties": { "ID": 0, "NAME": "Marirazhombe", "X_Coord": 29.7349, "Y_Coord": -20.673 }, "geometry": { "type": "Point", "coordinates": [ 29.734934801230107, -20.67297343906694 ] } },
{ "type": "Feature", "properties": { "ID": 0, "NAME": "Gwengwena", "X_Coord": 29.962, "Y_Coord": -20.6362 }, "geometry": { "type": "Point", "coordinates": [ 29.961969089733202, -20.636151457305864 ] } },
{ "type": "Feature", "properties": { "ID": 0, "NAME": "Mnene", "X_Coord": 30.0579, "Y_Coord": -20.6219 }, "geometry": { "type": "Point", "coordinates": [ 30.057921160602941, -20.621894853470565 ] } },
{ "type": "Feature", "properties": { "ID": 0, "NAME": "Chingozi", "X_Coord": 29.7946, "Y_Coord": -20.7018 }, "geometry": { "type": "Point", "coordinates": [ 29.794630252699157, -20.70181385746676 ] } },
{ "type": "Feature", "properties": { "ID": 0, "NAME": "Rupange", "X_Coord": 29.858, "Y_Coord": -20.6981 }, "geometry": { "type": "Point", "coordinates": [ 29.858019589672232, -20.69809502049435 ] } },
{ "type": "Feature", "properties": { "ID": 0, "NAME": "Mabika", "X_Coord": 29.9071, "Y_Coord": -20.7262 }, "geometry": { "type": "Point", "coordinates": [ 29.907067526540072, -20.726233985210776 ] } },
{ "type": "Feature", "properties": { "ID": 0, "NAME": "Pamushana", "X_Coord": 29.9591, "Y_Coord": -20.7053 }, "geometry": { "type": "Point", "coordinates": [ 29.959120301731801, -20.705290266037029 ] } },
{ "type": "Feature", "properties": { "ID": 0, "NAME": "Chaza", "X_Coord": 29.9856, "Y_Coord": -20.7272 }, "geometry": { "type": "Point", "coordinates": [ 29.985615049530587, -20.727154869794202 ] } },
{ "type": "Feature", "properties": { "ID": 0, "NAME": "Cheshanga", "X_Coord": 29.8254, "Y_Coord": -20.745 }, "geometry": { "type": "Point", "coordinates": [ 29.825372628986553, -20.744993126440981 ] } },
{ "type": "Feature", "properties": { "ID": 0, "NAME": "Zverenje", "X_Coord": 29.7772, "Y_Coord": -20.786 }, "geometry": { "type": "Point", "coordinates": [ 29.777182741526342, -20.786004204590036 ] } },
{ "type": "Feature", "properties": { "ID": 0, "NAME": "Mwanezi", "X_Coord": 29.726, "Y_Coord": -20.7444 }, "geometry": { "type": "Point", "coordinates": [ 29.726036177341211, -20.744435948147849 ] } },
{ "type": "Feature", "properties": { "ID": 0, "NAME": "Shumagange", "X_Coord": 29.7071, "Y_Coord": -20.7977 }, "geometry": { "type": "Point", "coordinates": [ 29.707096743437166, -20.797696041492404 ] } },
{ "type": "Feature", "properties": { "ID": 0, "NAME": "Chiedza", "X_Coord": 29.6865, "Y_Coord": -20.8667 }, "geometry": { "type": "Point", "coordinates": [ 29.686468704756091, -20.866653685439246 ] } },
{ "type": "Feature", "properties": { "ID": 0, "NAME": "Nyororo", "X_Coord": 29.7562, "Y_Coord": -20.8495 }, "geometry": { "type": "Point", "coordinates": [ 29.756227064462639, -20.849508855540705 ] } },
{ "type": "Feature", "properties": { "ID": 0, "NAME": "Chebvute", "X_Coord": 29.8722, "Y_Coord": -20.8218 }, "geometry": { "type": "Point", "coordinates": [ 29.872166652068586, -20.821750894724797 ] } },
{ "type": "Feature", "properties": { "ID": 0, "NAME": "Gaururo", "X_Coord": 29.9335, "Y_Coord": -20.7913 }, "geometry": { "type": "Point", "coordinates": [ 29.933480177187409, -20.791339161033935 ] } },
{ "type": "Feature", "properties": { "ID": 0, "NAME": "Ruvuzhe", "X_Coord": 29.9953, "Y_Coord": -20.8192 }, "geometry": { "type": "Point", "coordinates": [ 29.995259033457589, -20.819156196007345 ] } },
{ "type": "Feature", "properties": { "ID": 0, "NAME": "Chegato", "X_Coord": 29.9606, "Y_Coord": -20.8396 }, "geometry": { "type": "Point", "coordinates": [ 29.960608286755921, -20.839571518257326 ] } },
{ "type": "Feature", "properties": { "ID": 0, "NAME": "Ruvabvu", "X_Coord": 29.9159, "Y_Coord": -20.8667 }, "geometry": { "type": "Point", "coordinates": [ 29.915852608165881, -20.866667666461566 ] } },
{ "type": "Feature", "properties": { "ID": 0, "NAME": "Chavengwa", "X_Coord": 29.8598, "Y_Coord": -20.8576 }, "geometry": { "type": "Point", "coordinates": [ 29.859759525329157, -20.857623188211239 ] } },
{ "type": "Feature", "properties": { "ID": 0, "NAME": "Magavakava", "X_Coord": 29.9745, "Y_Coord": -20.8728 }, "geometry": { "type": "Point", "coordinates": [ 29.974456403216863, -20.872752737771822 ] } },
{ "type": "Feature", "properties": { "ID": 0, "NAME": "Chingechuru", "X_Coord": 29.8823, "Y_Coord": -20.8966 }, "geometry": { "type": "Point", "coordinates": [ 29.882295673010162, -20.896616337739896 ] } },
{ "type": "Feature", "properties": { "ID": 0, "NAME": "Sandawana", "X_Coord": 29.944, "Y_Coord": -20.9003 }, "geometry": { "type": "Point", "coordinates": [ 29.943980615419701, -20.900324984501577 ] } },
{ "type": "Feature", "properties": { "ID": 0, "NAME": "Mutsime", "X_Coord": 29.8362, "Y_Coord": -20.9095 }, "geometry": { "type": "Point", "coordinates": [ 29.83618370151305, -20.909539570574161 ] } },
{ "type": "Feature", "properties": { "ID": 0, "NAME": "Mavorovondo", "X_Coord": 29.7922, "Y_Coord": -20.8956 }, "geometry": { "type": "Point", "coordinates": [ 29.792153112610332, -20.895614748685759 ] } },
{ "type": "Feature", "properties": { "ID": 0, "NAME": "Gaha", "X_Coord": 29.8026, "Y_Coord": -20.9296 }, "geometry": { "type": "Point", "coordinates": [ 29.802599033306969, -20.929569917115519 ] } },
{ "type": "Feature", "properties": { "ID": 0, "NAME": "Bvumbura", "X_Coord": 29.756, "Y_Coord": -20.9396 }, "geometry": { "type": "Point", "coordinates": [ 29.756047674415672, -20.939597490280182 ] } },
{ "type": "Feature", "properties": { "ID": 0, "NAME": "Musiningira", "X_Coord": 29.7053, "Y_Coord": -20.9274 }, "geometry": { "type": "Point", "coordinates": [ 29.705322368890091, -20.92743408602303 ] } },
{ "type": "Feature", "properties": { "ID": 0, "NAME": "Vugwi", "X_Coord": 29.6031, "Y_Coord": -20.9225 }, "geometry": { "type": "Point", "coordinates": [ 29.603148693148274, -20.92246920222728 ] } },
{ "type": "Feature", "properties": { "ID": 0, "NAME": "Danangombe", "X_Coord": 29.6537, "Y_Coord": -20.9314 }, "geometry": { "type": "Point", "coordinates": [ 29.653679128261338, -20.93144810716586 ] } },
{ "type": "Feature", "properties": { "ID": 0, "NAME": "Masase", "X_Coord": 29.6813, "Y_Coord": -20.9827 }, "geometry": { "type": "Point", "coordinates": [ 29.681255417475967, -20.982699013605103 ] } },
{ "type": "Feature", "properties": { "ID": 0, "NAME": "Jordan", "X_Coord": 29.7289, "Y_Coord": -20.9833 }, "geometry": { "type": "Point", "coordinates": [ 29.728936451439459, -20.983266634573212 ] } },
{ "type": "Feature", "properties": { "ID": 0, "NAME": "Chimbapire", "X_Coord": 29.7799, "Y_Coord": -21.0017 }, "geometry": { "type": "Point", "coordinates": [ 29.779942428311028, -21.001741842392402 ] } },
{ "type": "Feature", "properties": { "ID": 0, "NAME": "Matobo", "X_Coord": 29.574, "Y_Coord": -20.9782 }, "geometry": { "type": "Point", "coordinates": [ 29.573972902656632, -20.97822736638944 ] } },
{ "type": "Feature", "properties": { "ID": 0, "NAME": "Matetsi", "X_Coord": 29.532, "Y_Coord": -20.9985 }, "geometry": { "type": "Point", "coordinates": [ 29.531971811355994, -20.99850622485042 ] } },
{ "type": "Feature", "properties": { "ID": 0, "NAME": "Zenda", "X_Coord": 29.6168, "Y_Coord": -21.0157 }, "geometry": { "type": "Point", "coordinates": [ 29.616764062990921, -21.015707232342837 ] } },
{ "type": "Feature", "properties": { "ID": 0, "NAME": "Mashura", "X_Coord": 29.5678, "Y_Coord": -21.0266 }, "geometry": { "type": "Point", "coordinates": [ 29.567824304860245, -21.02657205068445 ] } },
{ "type": "Feature", "properties": { "ID": 0, "NAME": "Machingwe", "X_Coord": 30.0227, "Y_Coord": -20.9063 }, "geometry": { "type": "Point", "coordinates": [ 30.022652170747332, -20.906261508289653 ] } },
{ "type": "Feature", "properties": { "ID": 0, "NAME": "Makuva", "X_Coord": 30.0734, "Y_Coord": -20.8922 }, "geometry": { "type": "Point", "coordinates": [ 30.073431236882399, -20.892177747533161 ] } },
{ "type": "Feature", "properties": { "ID": 0, "NAME": "Gwai", "X_Coord": 30.1235, "Y_Coord": -20.8946 }, "geometry": { "type": "Point", "coordinates": [ 30.123478182674546, -20.894563700188591 ] } },
{ "type": "Feature", "properties": { "ID": 0, "NAME": "Gwarava", "X_Coord": 30.0804, "Y_Coord": -20.9544 }, "geometry": { "type": "Point", "coordinates": [ 30.080393265743382, -20.954414392890676 ] } },
{ "type": "Feature", "properties": { "ID": 0, "NAME": "Sviba", "X_Coord": 30.1266, "Y_Coord": -20.9671 }, "geometry": { "type": "Point", "coordinates": [ 30.126640072265527, -20.967072100529961 ] } },
{ "type": "Feature", "properties": { "ID": 0, "NAME": "Rwavamutangwi", "X_Coord": 30.1707, "Y_Coord": -20.9249 }, "geometry": { "type": "Point", "coordinates": [ 30.170727848967537, -20.92493803180751 ] } },
{ "type": "Feature", "properties": { "ID": 0, "NAME": "Makwava", "X_Coord": 30.1282, "Y_Coord": -20.8868 }, "geometry": { "type": "Point", "coordinates": [ 30.128160490645101, -20.886768876612241 ] } },
{ "type": "Feature", "properties": { "ID": 0, "NAME": "Shumbashava", "X_Coord": 30.2022, "Y_Coord": -20.8724 }, "geometry": { "type": "Point", "coordinates": [ 30.20222641860207, -20.872425239824228 ] } },
{ "type": "Feature", "properties": { "ID": 0, "NAME": "Zvishava", "X_Coord": 30.1757, "Y_Coord": -20.8418 }, "geometry": { "type": "Point", "coordinates": [ 30.17567582260401, -20.841774142445836 ] } },
{ "type": "Feature", "properties": { "ID": 0, "NAME": "Sihando", "X_Coord": 30.1936, "Y_Coord": -20.8131 }, "geometry": { "type": "Point", "coordinates": [ 30.193562028835505, -20.813060519729301 ] } },
{ "type": "Feature", "properties": { "ID": 0, "NAME": "Vumukwana", "X_Coord": 30.1, "Y_Coord": -20.8116 }, "geometry": { "type": "Point", "coordinates": [ 30.099963711435183, -20.811625907402547 ] } },
{ "type": "Feature", "properties": { "ID": 0, "NAME": "Makereni", "X_Coord": 30.0402, "Y_Coord": -20.8314 }, "geometry": { "type": "Point", "coordinates": [ 30.040173041847183, -20.831416924273658 ] } },
{ "type": "Feature", "properties": { "ID": 0, "NAME": "Don Bosco", "X_Coord": 30.0575, "Y_Coord": -20.7895 }, "geometry": { "type": "Point", "coordinates": [ 30.057523568024664, -20.789520211945476 ] } },
{ "type": "Feature", "properties": { "ID": 0, "NAME": "Mpandashango", "X_Coord": 30.1274, "Y_Coord": -20.7875 }, "geometry": { "type": "Point", "coordinates": [ 30.127374367727903, -20.787504933101815 ] } },
{ "type": "Feature", "properties": { "ID": 0, "NAME": "Rusvinge", "X_Coord": 30.0503, "Y_Coord": -20.7462 }, "geometry": { "type": "Point", "coordinates": [ 30.0502802889335, -20.746227396452721 ] } },
{ "type": "Feature", "properties": { "ID": 0, "NAME": "Musume", "X_Coord": 30.2322, "Y_Coord": -20.9031 }, "geometry": { "type": "Point", "coordinates": [ 30.232227403302762, -20.903098856839879 ] } },
{ "type": "Feature", "properties": { "ID": 0, "NAME": "Dupwi", "X_Coord": 30.287, "Y_Coord": -20.9047 }, "geometry": { "type": "Point", "coordinates": [ 30.287012109719377, -20.904692006830476 ] } },
{ "type": "Feature", "properties": { "ID": 0, "NAME": "Chamakudo", "X_Coord": 30.2723, "Y_Coord": -20.8498 }, "geometry": { "type": "Point", "coordinates": [ 30.272345420852218, -20.849818596783685 ] } },
{ "type": "Feature", "properties": { "ID": 0, "NAME": "Chaora", "X_Coord": 30.2128, "Y_Coord": -20.7975 }, "geometry": { "type": "Point", "coordinates": [ 30.212846512296675, -20.797535616533718 ] } },
{ "type": "Feature", "properties": { "ID": 0, "NAME": "Matedzi", "X_Coord": 30.2845, "Y_Coord": -20.8017 }, "geometry": { "type": "Point", "coordinates": [ 30.284471435163496, -20.801709851254149 ] } },
{ "type": "Feature", "properties": { "ID": 0, "NAME": "Rwehanga", "X_Coord": 30.1866, "Y_Coord": -20.7512 }, "geometry": { "type": "Point", "coordinates": [ 30.186603261895343, -20.751235757954813 ] } },
{ "type": "Feature", "properties": { "ID": 0, "NAME": "Mudzidzi", "X_Coord": 30.2194, "Y_Coord": -20.7535 }, "geometry": { "type": "Point", "coordinates": [ 30.219398264174366, -20.753509112423941 ] } },
{ "type": "Feature", "properties": { "ID": 0, "NAME": "Gomututu", "X_Coord": 30.2818, "Y_Coord": -20.7428 }, "geometry": { "type": "Point", "coordinates": [ 30.281848487547343, -20.742796424107453 ] } },
{ "type": "Feature", "properties": { "ID": 0, "NAME": "Garenyama", "X_Coord": 30.3197, "Y_Coord": -20.8901 }, "geometry": { "type": "Point", "coordinates": [ 30.31967337324485, -20.890078134395345 ] } },
{ "type": "Feature", "properties": { "ID": 0, "NAME": "Manyenge", "X_Coord": 30.3386, "Y_Coord": -20.9367 }, "geometry": { "type": "Point", "coordinates": [ 30.338587809573919, -20.936742022328097 ] } },
{ "type": "Feature", "properties": { "ID": 0, "NAME": "Chengwe", "X_Coord": 30.4143, "Y_Coord": -20.9076 }, "geometry": { "type": "Point", "coordinates": [ 30.414261502732735, -20.907581836369609 ] } },
{ "type": "Feature", "properties": { "ID": 0, "NAME": "Mangonde", "X_Coord": 30.4334, "Y_Coord": -20.9258 }, "geometry": { "type": "Point", "coordinates": [ 30.43338216511318, -20.925828572027896 ] } },
{ "type": "Feature", "properties": { "ID": 0, "NAME": "Manyanga", "X_Coord": 30.4255, "Y_Coord": -20.9749 }, "geometry": { "type": "Point", "coordinates": [ 30.425529909862956, -20.974863641162468 ] } },
{ "type": "Feature", "properties": { "ID": 0, "NAME": "Makuwerere", "X_Coord": 30.2355, "Y_Coord": -20.9834 }, "geometry": { "type": "Point", "coordinates": [ 30.235451269389291, -20.983433045258831 ] } },
{ "type": "Feature", "properties": { "ID": 0, "NAME": "Odza", "X_Coord": 30.1847, "Y_Coord": -21.0062 }, "geometry": { "type": "Point", "coordinates": [ 30.184740703591402, -21.006166361258966 ] } },
{ "type": "Feature", "properties": { "ID": 0, "NAME": "Remiti", "X_Coord": 30.3755, "Y_Coord": -20.86 }, "geometry": { "type": "Point", "coordinates": [ 30.375500807521938, -20.859964693356545 ] } },
{ "type": "Feature", "properties": { "ID": 0, "NAME": "Bonda", "X_Coord": 30.4233, "Y_Coord": -20.857 }, "geometry": { "type": "Point", "coordinates": [ 30.423348855404306, -20.856982084659283 ] } },
{ "type": "Feature", "properties": { "ID": 0, "NAME": "Batanai", "X_Coord": 30.4321, "Y_Coord": -20.813 }, "geometry": { "type": "Point", "coordinates": [ 30.43205710022114, -20.812969655322796 ] } },
{ "type": "Feature", "properties": { "ID": 0, "NAME": "Jena", "X_Coord": 30.3526, "Y_Coord": -20.7964 }, "geometry": { "type": "Point", "coordinates": [ 30.352570945148869, -20.796388243927613 ] } },
{ "type": "Feature", "properties": { "ID": 0, "NAME": "Ngungumbane", "X_Coord": 30.4051, "Y_Coord": -20.7794 }, "geometry": { "type": "Point", "coordinates": [ 30.405052372189523, -20.779432557908535 ] } },
{ "type": "Feature", "properties": { "ID": 0, "NAME": "Vambare", "X_Coord": 30.3004, "Y_Coord": -21.0176 }, "geometry": { "type": "Point", "coordinates": [ 30.300413535070593, -21.017629742265985 ] } },
{ "type": "Feature", "properties": { "ID": 0, "NAME": "Shamba", "X_Coord": 30.3699, "Y_Coord": -21.0213 }, "geometry": { "type": "Point", "coordinates": [ 30.369898346453876, -21.021252862667161 ] } },
{ "type": "Feature", "properties": { "ID": 0, "NAME": "Chiwara", "X_Coord": 30.3504, "Y_Coord": -20.742 }, "geometry": { "type": "Point", "coordinates": [ 30.350415177249541, -20.742008351148911 ] } },
{ "type": "Feature", "properties": { "ID": 0, "NAME": "Mponjani", "X_Coord": 30.4063, "Y_Coord": -20.7148 }, "geometry": { "type": "Point", "coordinates": [ 30.406265444972366, -20.714778095191328 ] } },
{ "type": "Feature", "properties": { "ID": 0, "NAME": "Nhenga", "X_Coord": 30.4628, "Y_Coord": -20.7201 }, "geometry": { "type": "Point", "coordinates": [ 30.462804703027658, -20.720089457247838 ] } },
{ "type": "Feature", "properties": { "ID": 0, "NAME": "Runde", "X_Coord": 30.4776, "Y_Coord": -20.6868 }, "geometry": { "type": "Point", "coordinates": [ 30.477635938015361, -20.686825410435357 ] } },
{ "type": "Feature", "properties": { "ID": 0, "NAME": "Supwi", "X_Coord": 30.4282, "Y_Coord": -20.6589 }, "geometry": { "type": "Point", "coordinates": [ 30.428249350308139, -20.658908305541331 ] } },
{ "type": "Feature", "properties": { "ID": 0, "NAME": "Mahombe", "X_Coord": 30.3949, "Y_Coord": -20.6389 }, "geometry": { "type": "Point", "coordinates": [ 30.3948827868461, -20.63892114204722 ] } },
{ "type": "Feature", "properties": { "ID": 0, "NAME": "Masvingo", "X_Coord": 30.3387, "Y_Coord": -20.6793 }, "geometry": { "type": "Point", "coordinates": [ 30.338705602001635, -20.679328857707134 ] } },
{ "type": "Feature", "properties": { "ID": 0, "NAME": "Chipinda", "X_Coord": 30.2784, "Y_Coord": -20.6868 }, "geometry": { "type": "Point", "coordinates": [ 30.278385776201262, -20.686760552132661 ] } },
{ "type": "Feature", "properties": { "ID": 0, "NAME": "Mapunya", "X_Coord": 30.2148, "Y_Coord": -20.7139 }, "geometry": { "type": "Point", "coordinates": [ 30.214772133897529, -20.713940138906409 ] } },
{ "type": "Feature", "properties": { "ID": 0, "NAME": "Chomunyaka", "X_Coord": 30.1763, "Y_Coord": -20.7079 }, "geometry": { "type": "Point", "coordinates": [ 30.176340892689378, -20.707923237779454 ] } },
{ "type": "Feature", "properties": { "ID": 0, "NAME": "Ruvuraugwi", "X_Coord": 30.1718, "Y_Coord": -20.6819 }, "geometry": { "type": "Point", "coordinates": [ 30.171822405799553, -20.681946422501937 ] } },
{ "type": "Feature", "properties": { "ID": 0, "NAME": "Chabwira", "X_Coord": 30.2449, "Y_Coord": -20.6524 }, "geometry": { "type": "Point", "coordinates": [ 30.244905045510581, -20.652357463232473 ] } },
{ "type": "Feature", "properties": { "ID": 0, "NAME": "Mbirashava", "X_Coord": 30.2015, "Y_Coord": -20.6158 }, "geometry": { "type": "Point", "coordinates": [ 30.201488137695769, -20.615830212460008 ] } },
{ "type": "Feature", "properties": { "ID": 0, "NAME": "Vuhwa", "X_Coord": 30.34, "Y_Coord": -20.6279 }, "geometry": { "type": "Point", "coordinates": [ 30.340023056250661, -20.627854669646911 ] } },
{ "type": "Feature", "properties": { "ID": 0, "NAME": "Marian Evora", "X_Coord": 30.389, "Y_Coord": -20.6014 }, "geometry": { "type": "Point", "coordinates": [ 30.388979070409874, -20.601403141580871 ] } },
{ "type": "Feature", "properties": { "ID": 0, "NAME": "Ngezi", "X_Coord": 30.341, "Y_Coord": -20.5826 }, "geometry": { "type": "Point", "coordinates": [ 30.340958140724137, -20.582555920377494 ] } },
{ "type": "Feature", "properties": { "ID": 0, "NAME": "Mahindi", "X_Coord": 30.4062, "Y_Coord": -20.5942 }, "geometry": { "type": "Point", "coordinates": [ 30.406209765063156, -20.594189577441188 ] } },
{ "type": "Feature", "properties": { "ID": 0, "NAME": "Murongwe", "X_Coord": 30.2762, "Y_Coord": -20.576 }, "geometry": { "type": "Point", "coordinates": [ 30.27621442373766, -20.575955423433399 ] } },
{ "type": "Feature", "properties": { "ID": 0, "NAME": "Chibvumba", "X_Coord": 30.2105, "Y_Coord": -20.5512 }, "geometry": { "type": "Point", "coordinates": [ 30.210464585059515, -20.551226418926635 ] } },
{ "type": "Feature", "properties": { "ID": 0, "NAME": "Svita", "X_Coord": 30.1861, "Y_Coord": -20.5737 }, "geometry": { "type": "Point", "coordinates": [ 30.186059971198318, -20.57371956357785 ] } },
{ "type": "Feature", "properties": { "ID": 0, "NAME": "Mwembe", "X_Coord": 30.1404, "Y_Coord": -20.6368 }, "geometry": { "type": "Point", "coordinates": [ 30.140413358106738, -20.636848435216237 ] } },
{ "type": "Feature", "properties": { "ID": 0, "NAME": "Rengwe", "X_Coord": 30.1353, "Y_Coord": -20.7052 }, "geometry": { "type": "Point", "coordinates": [ 30.135347955320814, -20.705184515588805 ] } },
{ "type": "Feature", "properties": { "ID": 0, "NAME": "Mawani", "X_Coord": 30.0617, "Y_Coord": -20.6914 }, "geometry": { "type": "Point", "coordinates": [ 30.061666630177271, -20.691447740983737 ] } },
{ "type": "Feature", "properties": { "ID": 0, "NAME": "Gundekunde", "X_Coord": 30.4242, "Y_Coord": -20.5794 }, "geometry": { "type": "Point", "coordinates": [ 30.424191733873698, -20.579381401732011 ] } },
{ "type": "Feature", "properties": { "ID": 0, "NAME": "Rugora", "X_Coord": 28.6896, "Y_Coord": -17.8409 }, "geometry": { "type": "Point", "coordinates": [ 28.689615639896953, -17.840915373012244 ] } },
{ "type": "Feature", "properties": { "ID": 0, "NAME": "Savaranda", "X_Coord": 28.7422, "Y_Coord": -17.8619 }, "geometry": { "type": "Point", "coordinates": [ 28.74219421893801, -17.861908912356927 ] } },
{ "type": "Feature", "properties": { "ID": 0, "NAME": "Musita", "X_Coord": 28.6991, "Y_Coord": -17.8691 }, "geometry": { "type": "Point", "coordinates": [ 28.699132924256677, -17.869099720476946 ] } },
{ "type": "Feature", "properties": { "ID": 0, "NAME": "Chibasa", "X_Coord": 28.6349, "Y_Coord": -17.882 }, "geometry": { "type": "Point", "coordinates": [ 28.634940291743277, -17.88202419658575 ] } },
{ "type": "Feature", "properties": { "ID": 0, "NAME": "Mutendi", "X_Coord": 28.5704, "Y_Coord": -17.8626 }, "geometry": { "type": "Point", "coordinates": [ 28.57042564654563, -17.862574913174061 ] } },
{ "type": "Feature", "properties": { "ID": 0, "NAME": "Dopota", "X_Coord": 28.5827, "Y_Coord": -17.8913 }, "geometry": { "type": "Point", "coordinates": [ 28.582656332477171, -17.891282099281757 ] } },
{ "type": "Feature", "properties": { "ID": 0, "NAME": "Zimbodza", "X_Coord": 28.5749, "Y_Coord": -17.9092 }, "geometry": { "type": "Point", "coordinates": [ 28.574947105460424, -17.909192309245078 ] } },
{ "type": "Feature", "properties": { "ID": 0, "NAME": "Jobolingo", "X_Coord": 28.5884, "Y_Coord": -17.9359 }, "geometry": { "type": "Point", "coordinates": [ 28.588379065607057, -17.935906638616196 ] } },
{ "type": "Feature", "properties": { "ID": 0, "NAME": "Masuka", "X_Coord": 28.5328, "Y_Coord": -17.9536 }, "geometry": { "type": "Point", "coordinates": [ 28.532751617422345, -17.953605121601715 ] } },
{ "type": "Feature", "properties": { "ID": 0, "NAME": "Huchu", "X_Coord": 28.585, "Y_Coord": -17.9622 }, "geometry": { "type": "Point", "coordinates": [ 28.585021338455377, -17.962226296703609 ] } },
{ "type": "Feature", "properties": { "ID": 0, "NAME": "Kaguta", "X_Coord": 28.6672, "Y_Coord": -17.9373 }, "geometry": { "type": "Point", "coordinates": [ 28.667180772595042, -17.937298399910595 ] } },
{ "type": "Feature", "properties": { "ID": 0, "NAME": "Dzire", "X_Coord": 28.7592, "Y_Coord": -17.8866 }, "geometry": { "type": "Point", "coordinates": [ 28.759204967196293, -17.886583944663652 ] } },
{ "type": "Feature", "properties": { "ID": 0, "NAME": "Zarova", "X_Coord": 28.8169, "Y_Coord": -17.9407 }, "geometry": { "type": "Point", "coordinates": [ 28.816913460882425, -17.940714277422398 ] } },
{ "type": "Feature", "properties": { "ID": 0, "NAME": "Gwavi", "X_Coord": 28.7309, "Y_Coord": -17.9714 }, "geometry": { "type": "Point", "coordinates": [ 28.730887254040454, -17.971364572065397 ] } },
{ "type": "Feature", "properties": { "ID": 0, "NAME": "Chamatendera", "X_Coord": 28.616, "Y_Coord": -18.0329 }, "geometry": { "type": "Point", "coordinates": [ 28.616039108632016, -18.032920758199587 ] } },
{ "type": "Feature", "properties": { "ID": 0, "NAME": "St BonifaceTare", "X_Coord": 28.7396, "Y_Coord": -18.0082 }, "geometry": { "type": "Point", "coordinates": [ 28.739554864336419, -18.008224829664943 ] } },
{ "type": "Feature", "properties": { "ID": 0, "NAME": "Sungwiza", "X_Coord": 28.8652, "Y_Coord": -17.9681 }, "geometry": { "type": "Point", "coordinates": [ 28.86516988197975, -17.968089261859269 ] } },
{ "type": "Feature", "properties": { "ID": 0, "NAME": "Kasuwe", "X_Coord": 28.855, "Y_Coord": -18.0079 }, "geometry": { "type": "Point", "coordinates": [ 28.854961018160481, -18.007922164145391 ] } },
{ "type": "Feature", "properties": { "ID": 0, "NAME": "Boyi", "X_Coord": 28.8801, "Y_Coord": -18.0405 }, "geometry": { "type": "Point", "coordinates": [ 28.880132771378499, -18.040471101340621 ] } },
{ "type": "Feature", "properties": { "ID": 0, "NAME": "Svisvi", "X_Coord": 28.8241, "Y_Coord": -18.0415 }, "geometry": { "type": "Point", "coordinates": [ 28.82405610620523, -18.041487000467626 ] } },
{ "type": "Feature", "properties": { "ID": 0, "NAME": "Ngani", "X_Coord": 28.7247, "Y_Coord": -18.0484 }, "geometry": { "type": "Point", "coordinates": [ 28.724739519443684, -18.048414636016638 ] } },
{ "type": "Feature", "properties": { "ID": 0, "NAME": "Kwaramba", "X_Coord": 28.7804, "Y_Coord": -18.0826 }, "geometry": { "type": "Point", "coordinates": [ 28.780427984038894, -18.082612530109888 ] } },
{ "type": "Feature", "properties": { "ID": 0, "NAME": "Gwarusombe", "X_Coord": 28.721, "Y_Coord": -18.1814 }, "geometry": { "type": "Point", "coordinates": [ 28.721010308863683, -18.181385774484575 ] } },
{ "type": "Feature", "properties": { "ID": 0, "NAME": "Manyoni", "X_Coord": 28.6072, "Y_Coord": -18.1451 }, "geometry": { "type": "Point", "coordinates": [ 28.607242836482982, -18.145056775938755 ] } },
{ "type": "Feature", "properties": { "ID": 0, "NAME": "Karova", "X_Coord": 28.5267, "Y_Coord": -18.0961 }, "geometry": { "type": "Point", "coordinates": [ 28.526684167891755, -18.096055413754858 ] } },
{ "type": "Feature", "properties": { "ID": 0, "NAME": "Manyepa", "X_Coord": 28.538, "Y_Coord": -18.157 }, "geometry": { "type": "Point", "coordinates": [ 28.537984835238795, -18.157005759014183 ] } },
{ "type": "Feature", "properties": { "ID": 0, "NAME": "Mangisi", "X_Coord": 28.4907, "Y_Coord": -18.127 }, "geometry": { "type": "Point", "coordinates": [ 28.490740985253634, -18.127027509549777 ] } },
{ "type": "Feature", "properties": { "ID": 0, "NAME": "Charamba", "X_Coord": 28.423, "Y_Coord": -18.0515 }, "geometry": { "type": "Point", "coordinates": [ 28.422991138216439, -18.051474763538483 ] } },
{ "type": "Feature", "properties": { "ID": 0, "NAME": "Kasongo", "X_Coord": 28.3683, "Y_Coord": -18.0924 }, "geometry": { "type": "Point", "coordinates": [ 28.368269978530009, -18.092448094873031 ] } },
{ "type": "Feature", "properties": { "ID": 0, "NAME": "Savi", "X_Coord": 28.3778, "Y_Coord": -18.1564 }, "geometry": { "type": "Point", "coordinates": [ 28.377825417526331, -18.156415280016283 ] } },
{ "type": "Feature", "properties": { "ID": 0, "NAME": "Muchirinji", "X_Coord": 28.3093, "Y_Coord": -18.1969 }, "geometry": { "type": "Point", "coordinates": [ 28.309310243660718, -18.196947618303753 ] } },
{ "type": "Feature", "properties": { "ID": 0, "NAME": "Karuware", "X_Coord": 28.3501, "Y_Coord": -18.2265 }, "geometry": { "type": "Point", "coordinates": [ 28.350057134933653, -18.226524786917523 ] } },
{ "type": "Feature", "properties": { "ID": 0, "NAME": "Kanetowa", "X_Coord": 28.4078, "Y_Coord": -18.2545 }, "geometry": { "type": "Point", "coordinates": [ 28.407818987878386, -18.254514704682187 ] } },
{ "type": "Feature", "properties": { "ID": 0, "NAME": "Manyena", "X_Coord": 28.4896, "Y_Coord": -18.2704 }, "geometry": { "type": "Point", "coordinates": [ 28.489611171863917, -18.270432043800561 ] } },
{ "type": "Feature", "properties": { "ID": 0, "NAME": "Nyahuni", "X_Coord": 28.5911, "Y_Coord": -18.2548 }, "geometry": { "type": "Point", "coordinates": [ 28.591086902416542, -18.254771615231956 ] } },
{ "type": "Feature", "properties": { "ID": 0, "NAME": "Jororo", "X_Coord": 28.674, "Y_Coord": -18.2536 }, "geometry": { "type": "Point", "coordinates": [ 28.674036506376591, -18.25359489615613 ] } },
{ "type": "Feature", "properties": { "ID": 0, "NAME": "Chehanga", "X_Coord": 28.3928, "Y_Coord": -18.3077 }, "geometry": { "type": "Point", "coordinates": [ 28.392818451605002, -18.307690046548142 ] } },
{ "type": "Feature", "properties": { "ID": 0, "NAME": "Paradza", "X_Coord": 28.3427, "Y_Coord": -18.2965 }, "geometry": { "type": "Point", "coordinates": [ 28.342719195881937, -18.29653113986484 ] } },
{ "type": "Feature", "properties": { "ID": 0, "NAME": "Zengeya", "X_Coord": 28.2585, "Y_Coord": -18.3123 }, "geometry": { "type": "Point", "coordinates": [ 28.258495690774406, -18.312313076298558 ] } },
{ "type": "Feature", "properties": { "ID": 0, "NAME": "Jiri", "X_Coord": 28.2567, "Y_Coord": -18.3833 }, "geometry": { "type": "Point", "coordinates": [ 28.256656268226386, -18.383285341374076 ] } },
{ "type": "Feature", "properties": { "ID": 0, "NAME": "Choto", "X_Coord": 28.347, "Y_Coord": -18.3734 }, "geometry": { "type": "Point", "coordinates": [ 28.347025623969092, -18.373426574407414 ] } },
{ "type": "Feature", "properties": { "ID": 0, "NAME": "Matura", "X_Coord": 28.3607, "Y_Coord": -18.4036 }, "geometry": { "type": "Point", "coordinates": [ 28.360663446135696, -18.40362812375729 ] } },
{ "type": "Feature", "properties": { "ID": 0, "NAME": "Mawisa", "X_Coord": 28.435, "Y_Coord": -18.3844 }, "geometry": { "type": "Point", "coordinates": [ 28.434999568320432, -18.384379790197933 ] } },
{ "type": "Feature", "properties": { "ID": 0, "NAME": "Nyamhunga", "X_Coord": 28.4928, "Y_Coord": -18.3453 }, "geometry": { "type": "Point", "coordinates": [ 28.492782950618729, -18.34528567901609 ] } },
{ "type": "Feature", "properties": { "ID": 0, "NAME": "Ngomeni", "X_Coord": 28.5036, "Y_Coord": -18.31 }, "geometry": { "type": "Point", "coordinates": [ 28.503632188741729, -18.309996863333694 ] } },
{ "type": "Feature", "properties": { "ID": 0, "NAME": "Manyewu", "X_Coord": 28.5422, "Y_Coord": -18.3305 }, "geometry": { "type": "Point", "coordinates": [ 28.542163484411208, -18.330528273877057 ] } },
{ "type": "Feature", "properties": { "ID": 0, "NAME": "Kadziramwanda", "X_Coord": 28.5861, "Y_Coord": -18.3094 }, "geometry": { "type": "Point", "coordinates": [ 28.586060426452477, -18.309356329251838 ] } },
{ "type": "Feature", "properties": { "ID": 0, "NAME": "Bopoma", "X_Coord": 28.6155, "Y_Coord": -18.3736 }, "geometry": { "type": "Point", "coordinates": [ 28.615528583361684, -18.373579385985195 ] } },
{ "type": "Feature", "properties": { "ID": 0, "NAME": "Ndhlalambi", "X_Coord": 28.5811, "Y_Coord": -18.413 }, "geometry": { "type": "Point", "coordinates": [ 28.581059224578834, -18.413030361635926 ] } },
{ "type": "Feature", "properties": { "ID": 0, "NAME": "Mateta 2", "X_Coord": 28.5165, "Y_Coord": -18.3952 }, "geometry": { "type": "Point", "coordinates": [ 28.516472402751315, -18.39518904460466 ] } },
{ "type": "Feature", "properties": { "ID": 0, "NAME": "Chiedza", "X_Coord": 28.4733, "Y_Coord": -18.4134 }, "geometry": { "type": "Point", "coordinates": [ 28.473327020908567, -18.413365895276854 ] } },
{ "type": "Feature", "properties": { "ID": 0, "NAME": "Rongaronga", "X_Coord": 28.2248, "Y_Coord": -18.2385 }, "geometry": { "type": "Point", "coordinates": [ 28.224827387936056, -18.238519202698857 ] } },
{ "type": "Feature", "properties": { "ID": 0, "NAME": "Gwetsanga", "X_Coord": 28.1957, "Y_Coord": -18.3334 }, "geometry": { "type": "Point", "coordinates": [ 28.19574694067693, -18.333428834559989 ] } },
{ "type": "Feature", "properties": { "ID": 0, "NAME": "Zhomba", "X_Coord": 28.0884, "Y_Coord": -18.3062 }, "geometry": { "type": "Point", "coordinates": [ 28.088427224451259, -18.306151881190626 ] } },
{ "type": "Feature", "properties": { "ID": 0, "NAME": "Marirangwe", "X_Coord": 28.12, "Y_Coord": -18.3219 }, "geometry": { "type": "Point", "coordinates": [ 28.119977875356817, -18.321878725975278 ] } },
{ "type": "Feature", "properties": { "ID": 0, "NAME": "Mabuke", "X_Coord": 28.1278, "Y_Coord": -18.3432 }, "geometry": { "type": "Point", "coordinates": [ 28.127809306024446, -18.343199490997666 ] } },
{ "type": "Feature", "properties": { "ID": 0, "NAME": "Kangura", "X_Coord": 28.125, "Y_Coord": -18.4317 }, "geometry": { "type": "Point", "coordinates": [ 28.12499694225647, -18.431653339074227 ] } },
{ "type": "Feature", "properties": { "ID": 0, "NAME": "Murwira", "X_Coord": 28.2364, "Y_Coord": -18.432 }, "geometry": { "type": "Point", "coordinates": [ 28.236377595112607, -18.432008672820263 ] } },
{ "type": "Feature", "properties": { "ID": 0, "NAME": "Mwambani", "X_Coord": 28.1826, "Y_Coord": -18.4691 }, "geometry": { "type": "Point", "coordinates": [ 28.182599785212975, -18.469081003090185 ] } },
{ "type": "Feature", "properties": { "ID": 0, "NAME": "Chemba", "X_Coord": 28.2341, "Y_Coord": -18.4822 }, "geometry": { "type": "Point", "coordinates": [ 28.234138705084874, -18.482183163672648 ] } },
{ "type": "Feature", "properties": { "ID": 0, "NAME": "Lukukwe", "X_Coord": 28.2914, "Y_Coord": -18.4685 }, "geometry": { "type": "Point", "coordinates": [ 28.29138278743109, -18.468478695424057 ] } },
{ "type": "Feature", "properties": { "ID": 0, "NAME": "Muyambi", "X_Coord": 28.3352, "Y_Coord": -18.4936 }, "geometry": { "type": "Point", "coordinates": [ 28.335156712042174, -18.493574216262534 ] } },
{ "type": "Feature", "properties": { "ID": 0, "NAME": "Chehamba", "X_Coord": 28.1182, "Y_Coord": -18.517 }, "geometry": { "type": "Point", "coordinates": [ 28.118205459143581, -18.516968813445317 ] } },
{ "type": "Feature", "properties": { "ID": 0, "NAME": "Mazinyo", "X_Coord": 28.4436, "Y_Coord": -18.4934 }, "geometry": { "type": "Point", "coordinates": [ 28.443638908804587, -18.493420636625956 ] } },
{ "type": "Feature", "properties": { "ID": 0, "NAME": "Dzvuke", "X_Coord": 28.4945, "Y_Coord": -18.4519 }, "geometry": { "type": "Point", "coordinates": [ 28.494536214033516, -18.451884907962548 ] } },
{ "type": "Feature", "properties": { "ID": 0, "NAME": "Mbungu", "X_Coord": 28.0611, "Y_Coord": -18.4913 }, "geometry": { "type": "Point", "coordinates": [ 28.061118773767415, -18.491279760270093 ] } },
{ "type": "Feature", "properties": { "ID": 0, "NAME": "Msala", "X_Coord": 28.0567, "Y_Coord": -18.5153 }, "geometry": { "type": "Point", "coordinates": [ 28.056718427740936, -18.515348744806936 ] } },
{ "type": "Feature", "properties": { "ID": 0, "NAME": "Kambe", "X_Coord": 28.2249, "Y_Coord": -18.5319 }, "geometry": { "type": "Point", "coordinates": [ 28.224929725263614, -18.531916436038262 ] } },
{ "type": "Feature", "properties": { "ID": 0, "NAME": "Mkoka", "X_Coord": 28.2755, "Y_Coord": -18.545 }, "geometry": { "type": "Point", "coordinates": [ 28.275513597401822, -18.54501781601633 ] } },
{ "type": "Feature", "properties": { "ID": 0, "NAME": "Gadza", "X_Coord": 28.331, "Y_Coord": -18.5512 }, "geometry": { "type": "Point", "coordinates": [ 28.330978588842864, -18.551157698076118 ] } },
{ "type": "Feature", "properties": { "ID": 0, "NAME": "Selima", "X_Coord": 28.412, "Y_Coord": -18.5447 }, "geometry": { "type": "Point", "coordinates": [ 28.412047925579589, -18.544724466797664 ] } },
{ "type": "Feature", "properties": { "ID": 0, "NAME": "Magede", "X_Coord": 28.4608, "Y_Coord": -18.5424 }, "geometry": { "type": "Point", "coordinates": [ 28.460847259002509, -18.542385444743452 ] } },
{ "type": "Feature", "properties": { "ID": 0, "NAME": "Batanai", "X_Coord": 28.5221, "Y_Coord": -18.4165 }, "geometry": { "type": "Point", "coordinates": [ 28.52208849111015, -18.416468222824275 ] } },
{ "type": "Feature", "properties": { "ID": 0, "NAME": "Gawa", "X_Coord": 28.6858, "Y_Coord": -18.3403 }, "geometry": { "type": "Point", "coordinates": [ 28.685804986276782, -18.340267274249381 ] } },
{ "type": "Feature", "properties": { "ID": 0, "NAME": "Sacred Heart", "X_Coord": 28.5235, "Y_Coord": -18.5439 }, "geometry": { "type": "Point", "coordinates": [ 28.523455674614954, -18.543894308099478 ] } },
{ "type": "Feature", "properties": { "ID": 0, "NAME": "Tachi", "X_Coord": 28.6839, "Y_Coord": -18.5431 }, "geometry": { "type": "Point", "coordinates": [ 28.683927438355227, -18.543078850470003 ] } },
{ "type": "Feature", "properties": { "ID": 0, "NAME": "Mapiwa", "X_Coord": 28.7475, "Y_Coord": -18.5538 }, "geometry": { "type": "Point", "coordinates": [ 28.747486885468028, -18.553809806468305 ] } },
{ "type": "Feature", "properties": { "ID": 0, "NAME": "Nyaje", "X_Coord": 28.793, "Y_Coord": -18.5539 }, "geometry": { "type": "Point", "coordinates": [ 28.793018985103519, -18.553894064930063 ] } },
{ "type": "Feature", "properties": { "ID": 0, "NAME": "Mateme", "X_Coord": 28.8624, "Y_Coord": -18.5657 }, "geometry": { "type": "Point", "coordinates": [ 28.862418191369368, -18.565661761509421 ] } },
{ "type": "Feature", "properties": { "ID": 0, "NAME": "Sizanani", "X_Coord": 28.7944, "Y_Coord": -18.3582 }, "geometry": { "type": "Point", "coordinates": [ 28.794395394350055, -18.358173640633311 ] } },
{ "type": "Feature", "properties": { "ID": 0, "NAME": "Nyaradza", "X_Coord": 28.8701, "Y_Coord": -18.3535 }, "geometry": { "type": "Point", "coordinates": [ 28.870067535734638, -18.353496294722092 ] } },
{ "type": "Feature", "properties": { "ID": 0, "NAME": "Mlalazi", "X_Coord": 28.8677, "Y_Coord": -18.3004 }, "geometry": { "type": "Point", "coordinates": [ 28.867693277472412, -18.300370857027385 ] } },
{ "type": "Feature", "properties": { "ID": 0, "NAME": "Sawi", "X_Coord": 28.7844, "Y_Coord": -18.2927 }, "geometry": { "type": "Point", "coordinates": [ 28.784435733304715, -18.292695826337052 ] } },
{ "type": "Feature", "properties": { "ID": 0, "NAME": "Ndarire", "X_Coord": 28.6109, "Y_Coord": -18.5452 }, "geometry": { "type": "Point", "coordinates": [ 28.610875708351365, -18.545180239842189 ] } },
{ "type": "Feature", "properties": { "ID": 0, "NAME": "Gababe", "X_Coord": 28.9234, "Y_Coord": -18.5432 }, "geometry": { "type": "Point", "coordinates": [ 28.923380633054606, -18.543215349889671 ] } },
{ "type": "Feature", "properties": { "ID": 0, "NAME": "Chegama", "X_Coord": 28.9163, "Y_Coord": -18.3123 }, "geometry": { "type": "Point", "coordinates": [ 28.916261872865174, -18.312322764426877 ] } },
{ "type": "Feature", "properties": { "ID": 0, "NAME": "Mateta 1", "X_Coord": 28.8188, "Y_Coord": -18.343 }, "geometry": { "type": "Point", "coordinates": [ 28.818842433136787, -18.343047995883147 ] } },
{ "type": "Feature", "properties": { "ID": 0, "NAME": "Chiurayi", "X_Coord": 28.8351, "Y_Coord": -18.2654 }, "geometry": { "type": "Point", "coordinates": [ 28.835095908378904, -18.265409329015242 ] } },
{ "type": "Feature", "properties": { "ID": 0, "NAME": "Gwehava", "X_Coord": 28.9779, "Y_Coord": -18.2923 }, "geometry": { "type": "Point", "coordinates": [ 28.977945978695097, -18.292342558141478 ] } },
{ "type": "Feature", "properties": { "ID": 0, "NAME": "Mapfumo", "X_Coord": 29.0128, "Y_Coord": -18.2726 }, "geometry": { "type": "Point", "coordinates": [ 29.012825016617256, -18.272619013167866 ] } },
{ "type": "Feature", "properties": { "ID": 0, "NAME": "Machakata", "X_Coord": 29.0533, "Y_Coord": -18.2518 }, "geometry": { "type": "Point", "coordinates": [ 29.05333245598149, -18.25183790769443 ] } },
{ "type": "Feature", "properties": { "ID": 0, "NAME": "Simbe", "X_Coord": 29.1022, "Y_Coord": -18.2528 }, "geometry": { "type": "Point", "coordinates": [ 29.102238319320971, -18.252812646088131 ] } },
{ "type": "Feature", "properties": { "ID": 0, "NAME": "Sengwa", "X_Coord": 29.1132, "Y_Coord": -18.3133 }, "geometry": { "type": "Point", "coordinates": [ 29.113202963452533, -18.313286957426577 ] } },
{ "type": "Feature", "properties": { "ID": 0, "NAME": "Ganye", "X_Coord": 28.8729, "Y_Coord": -18.1836 }, "geometry": { "type": "Point", "coordinates": [ 28.87287294840997, -18.183594280815164 ] } },
{ "type": "Feature", "properties": { "ID": 0, "NAME": "Sesami", "X_Coord": 28.9225, "Y_Coord": -18.1752 }, "geometry": { "type": "Point", "coordinates": [ 28.922506468268196, -18.175172453238513 ] } },
{ "type": "Feature", "properties": { "ID": 0, "NAME": "Bova", "X_Coord": 28.9527, "Y_Coord": -18.1893 }, "geometry": { "type": "Point", "coordinates": [ 28.952697478506924, -18.189281835906549 ] } },
{ "type": "Feature", "properties": { "ID": 0, "NAME": "Nhongo", "X_Coord": 28.9892, "Y_Coord": -18.1676 }, "geometry": { "type": "Point", "coordinates": [ 28.989231666951845, -18.167560875372793 ] } },
{ "type": "Feature", "properties": { "ID": 0, "NAME": "Satengwe", "X_Coord": 28.925, "Y_Coord": -18.1434 }, "geometry": { "type": "Point", "coordinates": [ 28.925008801458876, -18.14335910887986 ] } },
{ "type": "Feature", "properties": { "ID": 0, "NAME": "Zambezi", "X_Coord": 28.801, "Y_Coord": -18.1604 }, "geometry": { "type": "Point", "coordinates": [ 28.800999329996127, -18.160415591999314 ] } },
{ "type": "Feature", "properties": { "ID": 0, "NAME": "Gokwe", "X_Coord": 28.9889, "Y_Coord": -18.2108 }, "geometry": { "type": "Point", "coordinates": [ 28.988877814083136, -18.210776256028723 ] } },
{ "type": "Feature", "properties": { "ID": 0, "NAME": "Insukamini", "X_Coord": 28.9869, "Y_Coord": -18.1452 }, "geometry": { "type": "Point", "coordinates": [ 28.986941823483562, -18.145232793396254 ] } },
{ "type": "Feature", "properties": { "ID": 0, "NAME": "Chavanyati", "X_Coord": 29.0536, "Y_Coord": -18.151 }, "geometry": { "type": "Point", "coordinates": [ 29.053615066004841, -18.151010744236757 ] } },
{ "type": "Feature", "properties": { "ID": 0, "NAME": "Chidamoyo", "X_Coord": 29.0639, "Y_Coord": -18.1161 }, "geometry": { "type": "Point", "coordinates": [ 29.063900850569961, -18.116136924007137 ] } },
{ "type": "Feature", "properties": { "ID": 0, "NAME": "Mudzongwe", "X_Coord": 29.1106, "Y_Coord": -18.0734 }, "geometry": { "type": "Point", "coordinates": [ 29.110608541930016, -18.07342960081327 ] } },
{ "type": "Feature", "properties": { "ID": 0, "NAME": "Bhejani", "X_Coord": 28.9781, "Y_Coord": -18.0718 }, "geometry": { "type": "Point", "coordinates": [ 28.978059376967487, -18.071810755447189 ] } },
{ "type": "Feature", "properties": { "ID": 0, "NAME": "Ganyungu", "X_Coord": 29.1674, "Y_Coord": -18.0892 }, "geometry": { "type": "Point", "coordinates": [ 29.167398089541528, -18.089207845731394 ] } },
{ "type": "Feature", "properties": { "ID": 0, "NAME": "Nyamacheni", "X_Coord": 29.1781, "Y_Coord": -18.1472 }, "geometry": { "type": "Point", "coordinates": [ 29.17805497725859, -18.147198372872012 ] } },
{ "type": "Feature", "properties": { "ID": 0, "NAME": "Chiumbu", "X_Coord": 29.1828, "Y_Coord": -18.1318 }, "geometry": { "type": "Point", "coordinates": [ 29.182779554485666, -18.131750483290489 ] } },
{ "type": "Feature", "properties": { "ID": 0, "NAME": "Jahana", "X_Coord": 28.9658, "Y_Coord": -18.0287 }, "geometry": { "type": "Point", "coordinates": [ 28.965799950338649, -18.028719167164837 ] } },
{ "type": "Feature", "properties": { "ID": 0, "NAME": "Murandu", "X_Coord": 29.2314, "Y_Coord": -18.1034 }, "geometry": { "type": "Point", "coordinates": [ 29.231379387564822, -18.103397631177433 ] } },
{ "type": "Feature", "properties": { "ID": 0, "NAME": "Nyarupakwe", "X_Coord": 29.2327, "Y_Coord": -18.1327 }, "geometry": { "type": "Point", "coordinates": [ 29.232658754541955, -18.132684251036203 ] } },
{ "type": "Feature", "properties": { "ID": 0, "NAME": "Cuthbert", "X_Coord": 29.2394, "Y_Coord": -18.1435 }, "geometry": { "type": "Point", "coordinates": [ 29.239393095054467, -18.143533918273803 ] } },
{ "type": "Feature", "properties": { "ID": 0, "NAME": "Mutange G.B", "X_Coord": 29.2569, "Y_Coord": -18.2049 }, "geometry": { "type": "Point", "coordinates": [ 29.256884127856157, -18.204915789061992 ] } },
{ "type": "Feature", "properties": { "ID": 0, "NAME": "Mtange SDA", "X_Coord": 29.2036, "Y_Coord": -18.2348 }, "geometry": { "type": "Point", "coordinates": [ 29.203600566122482, -18.234819493329304 ] } },
{ "type": "Feature", "properties": { "ID": 0, "NAME": "Gwenungu", "X_Coord": 29.2439, "Y_Coord": -18.2815 }, "geometry": { "type": "Point", "coordinates": [ 29.243933869163325, -18.28154288251115 ] } },
{ "type": "Feature", "properties": { "ID": 0, "NAME": "Gwenya", "X_Coord": 29.3213, "Y_Coord": -18.2667 }, "geometry": { "type": "Point", "coordinates": [ 29.321310981480202, -18.266738825338102 ] } },
{ "type": "Feature", "properties": { "ID": 0, "NAME": "Maliyami", "X_Coord": 29.2899, "Y_Coord": -18.2875 }, "geometry": { "type": "Point", "coordinates": [ 29.289936163764803, -18.287467816274681 ] } },
{ "type": "Feature", "properties": { "ID": 0, "NAME": "Davambi", "X_Coord": 29.3325, "Y_Coord": -18.3216 }, "geometry": { "type": "Point", "coordinates": [ 29.332547882141228, -18.32159347034511 ] } },
{ "type": "Feature", "properties": { "ID": 0, "NAME": "Blue Gum", "X_Coord": 29.3461, "Y_Coord": -18.362 }, "geometry": { "type": "Point", "coordinates": [ 29.346076042176826, -18.362036539087033 ] } },
{ "type": "Feature", "properties": { "ID": 0, "NAME": "Zhombe SDA", "X_Coord": 29.1393, "Y_Coord": -18.3547 }, "geometry": { "type": "Point", "coordinates": [ 29.13929347759106, -18.354722637807392 ] } },
{ "type": "Feature", "properties": { "ID": 0, "NAME": "Masawi", "X_Coord": 29.1407, "Y_Coord": -18.3756 }, "geometry": { "type": "Point", "coordinates": [ 29.140712233744249, -18.37556607842874 ] } },
{ "type": "Feature", "properties": { "ID": 0, "NAME": "Gwanyika", "X_Coord": 29.1888, "Y_Coord": -18.3874 }, "geometry": { "type": "Point", "coordinates": [ 29.188807969954155, -18.387450016878979 ] } },
{ "type": "Feature", "properties": { "ID": 0, "NAME": "Chidoma", "X_Coord": 29.2568, "Y_Coord": -18.4068 }, "geometry": { "type": "Point", "coordinates": [ 29.256791468115541, -18.406805957795164 ] } },
{ "type": "Feature", "properties": { "ID": 0, "NAME": "Mapu", "X_Coord": 29.2781, "Y_Coord": -18.3883 }, "geometry": { "type": "Point", "coordinates": [ 29.278122384081048, -18.388310486600613 ] } },
{ "type": "Feature", "properties": { "ID": 0, "NAME": "Krima", "X_Coord": 29.3699, "Y_Coord": -18.3973 }, "geometry": { "type": "Point", "coordinates": [ 29.369912934194797, -18.397330320438002 ] } },
{ "type": "Feature", "properties": { "ID": 0, "NAME": "Mwembezi", "X_Coord": 29.3916, "Y_Coord": -18.4183 }, "geometry": { "type": "Point", "coordinates": [ 29.391643381387457, -18.418255989640453 ] } },
{ "type": "Feature", "properties": { "ID": 0, "NAME": "Kasikana", "X_Coord": 29.1028, "Y_Coord": -18.1416 }, "geometry": { "type": "Point", "coordinates": [ 29.102770896441044, -18.141590589570225 ] } },
{ "type": "Feature", "properties": { "ID": 0, "NAME": "Mukwakwe", "X_Coord": 30.4056, "Y_Coord": -20.5712 }, "geometry": { "type": "Point", "coordinates": [ 30.405614381731276, -20.571237757301549 ] } },
{ "type": "Feature", "properties": { "ID": 0, "NAME": "Murowa", "X_Coord": 30.4169, "Y_Coord": -20.5617 }, "geometry": { "type": "Point", "coordinates": [ 30.416939888985841, -20.561715266571781 ] } },
{ "type": "Feature", "properties": { "ID": 0, "NAME": "Mapedza", "X_Coord": 30.2949, "Y_Coord": -20.5263 }, "geometry": { "type": "Point", "coordinates": [ 30.294854340025097, -20.526287932374185 ] } },
{ "type": "Feature", "properties": { "ID": 0, "NAME": "Zeruvi", "X_Coord": 30.2541, "Y_Coord": -20.5095 }, "geometry": { "type": "Point", "coordinates": [ 30.254124325094512, -20.50950141883256 ] } },
{ "type": "Feature", "properties": { "ID": 0, "NAME": "Baradzanwa", "X_Coord": 30.3808, "Y_Coord": -20.4651 }, "geometry": { "type": "Point", "coordinates": [ 30.380801055636134, -20.465053473599571 ] } },
{ "type": "Feature", "properties": { "ID": 0, "NAME": "Gwengombe", "X_Coord": 30.3254, "Y_Coord": -20.4618 }, "geometry": { "type": "Point", "coordinates": [ 30.325366999781338, -20.46181562814192 ] } },
{ "type": "Feature", "properties": { "ID": 0, "NAME": "Vukwe", "X_Coord": 30.1679, "Y_Coord": -20.5085 }, "geometry": { "type": "Point", "coordinates": [ 30.167861345608085, -20.50852654431802 ] } },
{ "type": "Feature", "properties": { "ID": 0, "NAME": "Gwemombe", "X_Coord": 30.2692, "Y_Coord": -20.4368 }, "geometry": { "type": "Point", "coordinates": [ 30.269153532353727, -20.436831865016522 ] } },
{ "type": "Feature", "properties": { "ID": 0, "NAME": "Manyarira", "X_Coord": 30.2561, "Y_Coord": -20.4509 }, "geometry": { "type": "Point", "coordinates": [ 30.256049387979097, -20.450932333973725 ] } },
{ "type": "Feature", "properties": { "ID": 0, "NAME": "Gwamadube", "X_Coord": 30.1691, "Y_Coord": -20.4395 }, "geometry": { "type": "Point", "coordinates": [ 30.169053392509433, -20.439516423205834 ] } },
{ "type": "Feature", "properties": { "ID": 0, "NAME": "Zvoi", "X_Coord": 30.2177, "Y_Coord": -20.3772 }, "geometry": { "type": "Point", "coordinates": [ 30.217656300786828, -20.377248364362853 ] } },
{ "type": "Feature", "properties": { "ID": 0, "NAME": "Mototi", "X_Coord": 30.2837, "Y_Coord": -20.376 }, "geometry": { "type": "Point", "coordinates": [ 30.283664418458621, -20.376010238590524 ] } },
{ "type": "Feature", "properties": { "ID": 0, "NAME": "Gudo", "X_Coord": 30.2438, "Y_Coord": -20.3561 }, "geometry": { "type": "Point", "coordinates": [ 30.243781996166202, -20.356139885246911 ] } },
{ "type": "Feature", "properties": { "ID": 0, "NAME": "Gundekunde", "X_Coord": 30.4242, "Y_Coord": -20.5794 }, "geometry": { "type": "Point", "coordinates": [ 30.424191733873698, -20.579381401732011 ] } },
{ "type": "Feature", "properties": { "ID": 0, "NAME": "Mwezhe", "X_Coord": 30.0093, "Y_Coord": -19.9667 }, "geometry": { "type": "Point", "coordinates": [ 30.009342230245554, -19.966709575059362 ] } },
{ "type": "Feature", "properties": { "ID": 0, "NAME": "Matenda", "X_Coord": 30.035, "Y_Coord": -19.996 }, "geometry": { "type": "Point", "coordinates": [ 30.034975885671663, -19.996031319418353 ] } },
{ "type": "Feature", "properties": { "ID": 0, "NAME": "Hanawa", "X_Coord": 30.0868, "Y_Coord": -19.982 }, "geometry": { "type": "Point", "coordinates": [ 30.086829432322599, -19.981958972773409 ] } },
{ "type": "Feature", "properties": { "ID": 0, "NAME": "Tom Chibi", "X_Coord": 30.1133, "Y_Coord": -19.9908 }, "geometry": { "type": "Point", "coordinates": [ 30.113337863608319, -19.990835956579893 ] } },
{ "type": "Feature", "properties": { "ID": 0, "NAME": "Lundi", "X_Coord": 29.9756, "Y_Coord": -20.0203 }, "geometry": { "type": "Point", "coordinates": [ 29.975603573097455, -20.020336086135092 ] } },
{ "type": "Feature", "properties": { "ID": 0, "NAME": "Sinami", "X_Coord": 29.9304, "Y_Coord": -20.0762 }, "geometry": { "type": "Point", "coordinates": [ 29.93036106172579, -20.07624899784998 ] } },
{ "type": "Feature", "properties": { "ID": 0, "NAME": "Fishu", "X_Coord": 29.9772, "Y_Coord": -20.1231 }, "geometry": { "type": "Point", "coordinates": [ 29.977167509716853, -20.123144935496065 ] } },
{ "type": "Feature", "properties": { "ID": 0, "NAME": "Mapazuli", "X_Coord": 29.9314, "Y_Coord": -20.1122 }, "geometry": { "type": "Point", "coordinates": [ 29.931376483106408, -20.112181628500927 ] } },
{ "type": "Feature", "properties": { "ID": 0, "NAME": "Chamini", "X_Coord": 30.0202, "Y_Coord": -20.0827 }, "geometry": { "type": "Point", "coordinates": [ 30.020168231664975, -20.082657075777099 ] } },
{ "type": "Feature", "properties": { "ID": 0, "NAME": "Ramofu", "X_Coord": 30.0242, "Y_Coord": -20.1225 }, "geometry": { "type": "Point", "coordinates": [ 30.024236839402342, -20.122534747478205 ] } },
{ "type": "Feature", "properties": { "ID": 0, "NAME": "Danga", "X_Coord": 30.1134, "Y_Coord": -20.0941 }, "geometry": { "type": "Point", "coordinates": [ 30.11340573999604, -20.094105222266801 ] } },
{ "type": "Feature", "properties": { "ID": 0, "NAME": "Shiku", "X_Coord": 30.0959, "Y_Coord": -20.0716 }, "geometry": { "type": "Point", "coordinates": [ 30.095896393026269, -20.071618966791934 ] } },
{ "type": "Feature", "properties": { "ID": 0, "NAME": "Venge", "X_Coord": 30.0864, "Y_Coord": -20.0886 }, "geometry": { "type": "Point", "coordinates": [ 30.086432009578814, -20.088613607674901 ] } },
{ "type": "Feature", "properties": { "ID": 0, "NAME": "Sivanga", "X_Coord": 29.9026, "Y_Coord": -20.1576 }, "geometry": { "type": "Point", "coordinates": [ 29.902615014694163, -20.157629509938744 ] } },
{ "type": "Feature", "properties": { "ID": 0, "NAME": "Rusvinge", "X_Coord": 29.8808, "Y_Coord": -20.2026 }, "geometry": { "type": "Point", "coordinates": [ 29.880828970481243, -20.202591616583195 ] } },
{ "type": "Feature", "properties": { "ID": 0, "NAME": "Msipani", "X_Coord": 29.9188, "Y_Coord": -20.1968 }, "geometry": { "type": "Point", "coordinates": [ 29.918825418726481, -20.196843341436185 ] } },
{ "type": "Feature", "properties": { "ID": 0, "NAME": "Wedza", "X_Coord": 29.8689, "Y_Coord": -20.252 }, "geometry": { "type": "Point", "coordinates": [ 29.868901533079246, -20.252007859701052 ] } },
{ "type": "Feature", "properties": { "ID": 0, "NAME": "Ingome", "X_Coord": 29.9608, "Y_Coord": -20.2571 }, "geometry": { "type": "Point", "coordinates": [ 29.960833363374963, -20.257082734194274 ] } },
{ "type": "Feature", "properties": { "ID": 0, "NAME": "Siboza", "X_Coord": 29.9939, "Y_Coord": -20.2513 }, "geometry": { "type": "Point", "coordinates": [ 29.99388313844522, -20.251308187719317 ] } },
{ "type": "Feature", "properties": { "ID": 0, "NAME": "Bilashava", "X_Coord": 29.9684, "Y_Coord": -20.2212 }, "geometry": { "type": "Point", "coordinates": [ 29.968422216065012, -20.221203385269586 ] } },
{ "type": "Feature", "properties": { "ID": 0, "NAME": "Sasula", "X_Coord": 30.0455, "Y_Coord": -20.1857 }, "geometry": { "type": "Point", "coordinates": [ 30.045510858032827, -20.185719040250021 ] } },
{ "type": "Feature", "properties": { "ID": 0, "NAME": "Makovere", "X_Coord": 30.0909, "Y_Coord": -20.2311 }, "geometry": { "type": "Point", "coordinates": [ 30.090878039847645, -20.231083113711282 ] } },
{ "type": "Feature", "properties": { "ID": 0, "NAME": "Weleza", "X_Coord": 30.0994, "Y_Coord": -20.2105 }, "geometry": { "type": "Point", "coordinates": [ 30.09942872998019, -20.210504070159494 ] } },
{ "type": "Feature", "properties": { "ID": 0, "NAME": "Marovanidze", "X_Coord": 30.1084, "Y_Coord": -20.188 }, "geometry": { "type": "Point", "coordinates": [ 30.108428078238113, -20.188011114489807 ] } },
{ "type": "Feature", "properties": { "ID": 0, "NAME": "Gresham", "X_Coord": 30.053, "Y_Coord": -20.2943 }, "geometry": { "type": "Point", "coordinates": [ 30.052988914208637, -20.294273094380706 ] } },
{ "type": "Feature", "properties": { "ID": 0, "NAME": "Zvegona", "X_Coord": 29.9697, "Y_Coord": -20.2963 }, "geometry": { "type": "Point", "coordinates": [ 29.969707031521434, -20.296293575290662 ] } },
{ "type": "Feature", "properties": { "ID": 0, "NAME": "Ndinaneni", "X_Coord": 29.9293, "Y_Coord": -20.2997 }, "geometry": { "type": "Point", "coordinates": [ 29.929304057556646, -20.299663409027666 ] } },
{ "type": "Feature", "properties": { "ID": 0, "NAME": "Shabani Mine", "X_Coord": 30.0782, "Y_Coord": -20.3243 }, "geometry": { "type": "Point", "coordinates": [ 30.078182703237982, -20.324272788371825 ] } },
{ "type": "Feature", "properties": { "ID": 0, "NAME": "Kandodo", "X_Coord": 30.0565, "Y_Coord": -20.3275 }, "geometry": { "type": "Point", "coordinates": [ 30.056452281056981, -20.327461564103491 ] } },
{ "type": "Feature", "properties": { "ID": 0, "NAME": "Shabani", "X_Coord": 30.0484, "Y_Coord": -20.3376 }, "geometry": { "type": "Point", "coordinates": [ 30.048378048063601, -20.337578819596462 ] } },
{ "type": "Feature", "properties": { "ID": 0, "NAME": "Dadaya", "X_Coord": 29.8861, "Y_Coord": -20.3205 }, "geometry": { "type": "Point", "coordinates": [ 29.886143121717009, -20.320532051566868 ] } },
{ "type": "Feature", "properties": { "ID": 0, "NAME": "Tangley Ranch", "X_Coord": 30.3872, "Y_Coord": -19.5279 }, "geometry": { "type": "Point", "coordinates": [ 30.387189637681985, -19.527907903486515 ] } },
{ "type": "Feature", "properties": { "ID": 0, "NAME": "Munikwa", "X_Coord": 30.3386, "Y_Coord": -19.508 }, "geometry": { "type": "Point", "coordinates": [ 30.338571584349371, -19.508049597896104 ] } },
{ "type": "Feature", "properties": { "ID": 0, "NAME": "Chitora", "X_Coord": 30.3484, "Y_Coord": -19.5726 }, "geometry": { "type": "Point", "coordinates": [ 30.348399261209153, -19.572634650490766 ] } },
{ "type": "Feature", "properties": { "ID": 0, "NAME": "Magumise", "X_Coord": 30.2461, "Y_Coord": -19.551 }, "geometry": { "type": "Point", "coordinates": [ 30.246056554057702, -19.551040795911263 ] } },
{ "type": "Feature", "properties": { "ID": 0, "NAME": "Makonese", "X_Coord": 30.2161, "Y_Coord": -19.565 }, "geometry": { "type": "Point", "coordinates": [ 30.216059023319353, -19.565041315218387 ] } },
{ "type": "Feature", "properties": { "ID": 0, "NAME": "Chiltern", "X_Coord": 30.1908, "Y_Coord": -19.5045 }, "geometry": { "type": "Point", "coordinates": [ 30.190823979944589, -19.504533912159143 ] } },
{ "type": "Feature", "properties": { "ID": 0, "NAME": "Sibolise", "X_Coord": 30.1604, "Y_Coord": -19.5588 }, "geometry": { "type": "Point", "coordinates": [ 30.160392823135414, -19.558753137976403 ] } },
{ "type": "Feature", "properties": { "ID": 0, "NAME": "Dombwe", "X_Coord": 30.16, "Y_Coord": -19.5844 }, "geometry": { "type": "Point", "coordinates": [ 30.160014850151718, -19.584416250998739 ] } },
{ "type": "Feature", "properties": { "ID": 0, "NAME": "Gwanza", "X_Coord": 30.4261, "Y_Coord": -19.7523 }, "geometry": { "type": "Point", "coordinates": [ 30.42606550044486, -19.752324865565253 ] } },
{ "type": "Feature", "properties": { "ID": 0, "NAME": "Batanai", "X_Coord": 30.3923, "Y_Coord": -19.6617 }, "geometry": { "type": "Point", "coordinates": [ 30.392270342434333, -19.661674844711808 ] } },
{ "type": "Feature", "properties": { "ID": 0, "NAME": "Nyagari", "X_Coord": 30.3618, "Y_Coord": -19.6444 }, "geometry": { "type": "Point", "coordinates": [ 30.361832570516825, -19.644431677916174 ] } },
{ "type": "Feature", "properties": { "ID": 0, "NAME": "Jobolinko", "X_Coord": 30.2834, "Y_Coord": -19.674 }, "geometry": { "type": "Point", "coordinates": [ 30.2833612164677, -19.674044271261845 ] } },
{ "type": "Feature", "properties": { "ID": 0, "NAME": "St Francis Nhema", "X_Coord": 30.229, "Y_Coord": -19.6077 }, "geometry": { "type": "Point", "coordinates": [ 30.229043996461694, -19.607711833780069 ] } },
{ "type": "Feature", "properties": { "ID": 0, "NAME": "Hanke Mission", "X_Coord": 30.176, "Y_Coord": -19.6399 }, "geometry": { "type": "Point", "coordinates": [ 30.176029286259585, -19.639874103387051 ] } },
{ "type": "Feature", "properties": { "ID": 0, "NAME": "Zvamaunje", "X_Coord": 30.2333, "Y_Coord": -19.6539 }, "geometry": { "type": "Point", "coordinates": [ 30.233345069136583, -19.65388301378421 ] } },
{ "type": "Feature", "properties": { "ID": 0, "NAME": "Musavezi", "X_Coord": 30.1888, "Y_Coord": -19.6685 }, "geometry": { "type": "Point", "coordinates": [ 30.188792789778191, -19.668543752463194 ] } },
{ "type": "Feature", "properties": { "ID": 0, "NAME": "Tumba", "X_Coord": 30.2175, "Y_Coord": -19.7088 }, "geometry": { "type": "Point", "coordinates": [ 30.217463601576636, -19.70876525600227 ] } },
{ "type": "Feature", "properties": { "ID": 0, "NAME": "St Marys Pashayi", "X_Coord": 30.2506, "Y_Coord": -19.7536 }, "geometry": { "type": "Point", "coordinates": [ 30.250594350318995, -19.753608336317477 ] } },
{ "type": "Feature", "properties": { "ID": 0, "NAME": "Rockford", "X_Coord": 30.3136, "Y_Coord": -19.7545 }, "geometry": { "type": "Point", "coordinates": [ 30.313557150421534, -19.754538107939606 ] } },
{ "type": "Feature", "properties": { "ID": 0, "NAME": "Chinho", "X_Coord": 30.3112, "Y_Coord": -19.7902 }, "geometry": { "type": "Point", "coordinates": [ 30.311181977983946, -19.790204186196249 ] } },
{ "type": "Feature", "properties": { "ID": 0, "NAME": "Makandire", "X_Coord": 30.2071, "Y_Coord": -19.7929 }, "geometry": { "type": "Point", "coordinates": [ 30.207067251350235, -19.792911904136265 ] } },
{ "type": "Feature", "properties": { "ID": 0, "NAME": "Mavedzenge", "X_Coord": 30.1969, "Y_Coord": -19.7471 }, "geometry": { "type": "Point", "coordinates": [ 30.196887910241937, -19.747109138552819 ] } },
{ "type": "Feature", "properties": { "ID": 0, "NAME": "Old Gato", "X_Coord": 30.2558, "Y_Coord": -19.9959 }, "geometry": { "type": "Point", "coordinates": [ 30.255824669953014, -19.995898264772173 ] } },
{ "type": "Feature", "properties": { "ID": 0, "NAME": "New Gato", "X_Coord": 30.3113, "Y_Coord": -19.9792 }, "geometry": { "type": "Point", "coordinates": [ 30.311299081935811, -19.979154478588658 ] } },
{ "type": "Feature", "properties": { "ID": 0, "NAME": null, "X_Coord": 30.3176, "Y_Coord": -19.951 }, "geometry": { "type": "Point", "coordinates": [ 30.317563418192307, -19.951005773823969 ] } },
{ "type": "Feature", "properties": { "ID": 0, "NAME": "Dhlodhlo", "X_Coord": 30.2754, "Y_Coord": -19.9297 }, "geometry": { "type": "Point", "coordinates": [ 30.275387323022638, -19.929735787024271 ] } },
{ "type": "Feature", "properties": { "ID": 0, "NAME": "St Francis", "X_Coord": 30.3819, "Y_Coord": -19.9634 }, "geometry": { "type": "Point", "coordinates": [ 30.381881813651905, -19.963353677857633 ] } },
{ "type": "Feature", "properties": { "ID": 0, "NAME": "Gamwa", "X_Coord": 30.4375, "Y_Coord": -19.9215 }, "geometry": { "type": "Point", "coordinates": [ 30.437452353555212, -19.921468411935443 ] } },
{ "type": "Feature", "properties": { "ID": 0, "NAME": "Tokwe", "X_Coord": 30.3746, "Y_Coord": -19.8798 }, "geometry": { "type": "Point", "coordinates": [ 30.37464538185937, -19.879782978416188 ] } },
{ "type": "Feature", "properties": { "ID": 0, "NAME": null, "X_Coord": 30.3063, "Y_Coord": -19.893 }, "geometry": { "type": "Point", "coordinates": [ 30.306311338276046, -19.892998595172394 ] } },
{ "type": "Feature", "properties": { "ID": 0, "NAME": "Musasa", "X_Coord": 30.2914, "Y_Coord": -19.837 }, "geometry": { "type": "Point", "coordinates": [ 30.291413488095028, -19.83700900144996 ] } },
{ "type": "Feature", "properties": { "ID": 0, "NAME": "Chikato", "X_Coord": 30.2965, "Y_Coord": -19.8252 }, "geometry": { "type": "Point", "coordinates": [ 30.296495803532832, -19.825237776515884 ] } },
{ "type": "Feature", "properties": { "ID": 0, "NAME": null, "X_Coord": 30.2434, "Y_Coord": -19.8066 }, "geometry": { "type": "Point", "coordinates": [ 30.243395551915899, -19.806580131486733 ] } },
{ "type": "Feature", "properties": { "ID": 0, "NAME": "Shamba", "X_Coord": 30.2348, "Y_Coord": -19.8458 }, "geometry": { "type": "Point", "coordinates": [ 30.234850147595512, -19.845782729190848 ] } },
{ "type": "Feature", "properties": { "ID": 0, "NAME": "Makotore", "X_Coord": 30.1831, "Y_Coord": -19.8269 }, "geometry": { "type": "Point", "coordinates": [ 30.183150013729112, -19.826898741741942 ] } },
{ "type": "Feature", "properties": { "ID": 0, "NAME": "Chechenyu", "X_Coord": 30.1782, "Y_Coord": -19.8802 }, "geometry": { "type": "Point", "coordinates": [ 30.178188655429786, -19.880227230980697 ] } },
{ "type": "Feature", "properties": { "ID": 0, "NAME": "Banga", "X_Coord": 30.1814, "Y_Coord": -19.9245 }, "geometry": { "type": "Point", "coordinates": [ 30.181377526770696, -19.924515237254671 ] } },
{ "type": "Feature", "properties": { "ID": 0, "NAME": null, "X_Coord": 30.0506, "Y_Coord": -19.9246 }, "geometry": { "type": "Point", "coordinates": [ 30.050572534732041, -19.924639504357934 ] } },
{ "type": "Feature", "properties": { "ID": 0, "NAME": "Makonde", "X_Coord": 30.0915, "Y_Coord": -19.8998 }, "geometry": { "type": "Point", "coordinates": [ 30.091525590025835, -19.899822581521082 ] } },
{ "type": "Feature", "properties": { "ID": 0, "NAME": "Marishongwe", "X_Coord": 30.0122, "Y_Coord": -19.8638 }, "geometry": { "type": "Point", "coordinates": [ 30.012185896119522, -19.863772036773113 ] } },
{ "type": "Feature", "properties": { "ID": 0, "NAME": "Gundura", "X_Coord": 30.083, "Y_Coord": -19.8652 }, "geometry": { "type": "Point", "coordinates": [ 30.08298267724879, -19.865180962097597 ] } },
{ "type": "Feature", "properties": { "ID": 0, "NAME": null, "X_Coord": 30.1366, "Y_Coord": -19.8897 }, "geometry": { "type": "Point", "coordinates": [ 30.136620309863588, -19.889676166379218 ] } },
{ "type": "Feature", "properties": { "ID": 0, "NAME": "Ndawora", "X_Coord": 30.1346, "Y_Coord": -19.829 }, "geometry": { "type": "Point", "coordinates": [ 30.134613459678295, -19.829010680463085 ] } },
{ "type": "Feature", "properties": { "ID": 0, "NAME": "Mhangami", "X_Coord": 30.0995, "Y_Coord": -19.8013 }, "geometry": { "type": "Point", "coordinates": [ 30.09945819088146, -19.801316038534001 ] } },
{ "type": "Feature", "properties": { "ID": 0, "NAME": "Dhlemiti", "X_Coord": 30.1156, "Y_Coord": -19.5594 }, "geometry": { "type": "Point", "coordinates": [ 30.115625847131579, -19.559382561054356 ] } },
{ "type": "Feature", "properties": { "ID": 0, "NAME": "Valley Chrome", "X_Coord": 30.0456, "Y_Coord": -19.5592 }, "geometry": { "type": "Point", "coordinates": [ 30.045643902635536, -19.559217589110293 ] } },
{ "type": "Feature", "properties": { "ID": 0, "NAME": null, "X_Coord": 30.1428, "Y_Coord": -19.7065 }, "geometry": { "type": "Point", "coordinates": [ 30.142834168508855, -19.706510607581908 ] } },
{ "type": "Feature", "properties": { "ID": 0, "NAME": "Wida", "X_Coord": 30.1364, "Y_Coord": -19.7466 }, "geometry": { "type": "Point", "coordinates": [ 30.136386131784754, -19.746606945736151 ] } },
{ "type": "Feature", "properties": { "ID": 0, "NAME": "Vungwi", "X_Coord": 30.0997, "Y_Coord": -19.7649 }, "geometry": { "type": "Point", "coordinates": [ 30.099658793052548, -19.764862363330217 ] } },
{ "type": "Feature", "properties": { "ID": 0, "NAME": "Zvishazha", "X_Coord": 30.0761, "Y_Coord": -19.7302 }, "geometry": { "type": "Point", "coordinates": [ 30.076093337673786, -19.730247895531825 ] } },
{ "type": "Feature", "properties": { "ID": 0, "NAME": "Chironde", "X_Coord": 30.0895, "Y_Coord": -19.7022 }, "geometry": { "type": "Point", "coordinates": [ 30.089530402811963, -19.702249665395378 ] } },
{ "type": "Feature", "properties": { "ID": 0, "NAME": "Iron Side", "X_Coord": 30.0138, "Y_Coord": -19.662 }, "geometry": { "type": "Point", "coordinates": [ 30.013777255354697, -19.662004015717901 ] } },
{ "type": "Feature", "properties": { "ID": 0, "NAME": "Railway Block", "X_Coord": 30.0068, "Y_Coord": -19.6471 }, "geometry": { "type": "Point", "coordinates": [ 30.00679893766004, -19.647104609802941 ] } },
{ "type": "Feature", "properties": { "ID": 0, "NAME": "Douglas Smith", "X_Coord": 29.9945, "Y_Coord": -19.6678 }, "geometry": { "type": "Point", "coordinates": [ 29.994500706419007, -19.66777984221536 ] } },
{ "type": "Feature", "properties": { "ID": 0, "NAME": "Charles Wrath", "X_Coord": 29.9852, "Y_Coord": -19.6728 }, "geometry": { "type": "Point", "coordinates": [ 29.985224638331157, -19.672778865305641 ] } },
{ "type": "Feature", "properties": { "ID": 0, "NAME": "Gwenoro", "X_Coord": 29.9167, "Y_Coord": -19.7444 }, "geometry": { "type": "Point", "coordinates": [ 29.916681678562032, -19.74444406274074 ] } },
{ "type": "Feature", "properties": { "ID": 0, "NAME": "Bethel", "X_Coord": 29.9431, "Y_Coord": -19.7196 }, "geometry": { "type": "Point", "coordinates": [ 29.943066412665349, -19.719601905155443 ] } },
{ "type": "Feature", "properties": { "ID": 0, "NAME": "Peak Mine", "X_Coord": 29.9748, "Y_Coord": -19.6606 }, "geometry": { "type": "Point", "coordinates": [ 29.974765704954532, -19.660585758191381 ] } },
{ "type": "Feature", "properties": { "ID": 0, "NAME": "Somapani", "X_Coord": 29.3995, "Y_Coord": -18.3114 }, "geometry": { "type": "Point", "coordinates": [ 29.399519485308904, -18.311447270168923 ] } },
{ "type": "Feature", "properties": { "ID": 0, "NAME": "Samambwa", "X_Coord": 29.4426, "Y_Coord": -18.3129 }, "geometry": { "type": "Point", "coordinates": [ 29.442639680506005, -18.312900395958291 ] } },
{ "type": "Feature", "properties": { "ID": 0, "NAME": "Mangwarangwara", "X_Coord": 29.4799, "Y_Coord": -18.376 }, "geometry": { "type": "Point", "coordinates": [ 29.479948926850906, -18.375993266698629 ] } },
{ "type": "Feature", "properties": { "ID": 0, "NAME": "Bee Mine", "X_Coord": 29.4254, "Y_Coord": -18.4019 }, "geometry": { "type": "Point", "coordinates": [ 29.425403792126971, -18.401905582527505 ] } },
{ "type": "Feature", "properties": { "ID": 0, "NAME": "Kasawi", "X_Coord": 29.5169, "Y_Coord": -18.413 }, "geometry": { "type": "Point", "coordinates": [ 29.516911452447843, -18.413005562205775 ] } },
{ "type": "Feature", "properties": { "ID": 0, "NAME": "Commoner", "X_Coord": 29.4387, "Y_Coord": -18.4281 }, "geometry": { "type": "Point", "coordinates": [ 29.438713332161932, -18.428102337687633 ] } },
{ "type": "Feature", "properties": { "ID": 0, "NAME": "Mopani", "X_Coord": 29.4492, "Y_Coord": -18.4587 }, "geometry": { "type": "Point", "coordinates": [ 29.449214584405059, -18.458735541421738 ] } },
{ "type": "Feature", "properties": { "ID": 0, "NAME": "Sidakeni", "X_Coord": 29.4778, "Y_Coord": -18.4469 }, "geometry": { "type": "Point", "coordinates": [ 29.477772284045482, -18.446942896676322 ] } },
{ "type": "Feature", "properties": { "ID": 0, "NAME": "Munyati", "X_Coord": 29.5205, "Y_Coord": -18.4567 }, "geometry": { "type": "Point", "coordinates": [ 29.520546504748339, -18.456700496444384 ] } },
{ "type": "Feature", "properties": { "ID": 0, "NAME": "Totororo", "X_Coord": 29.4983, "Y_Coord": -18.4897 }, "geometry": { "type": "Point", "coordinates": [ 29.498302545371775, -18.489743781149741 ] } },
{ "type": "Feature", "properties": { "ID": 0, "NAME": "Nevata", "X_Coord": 29.4324, "Y_Coord": -18.514 }, "geometry": { "type": "Point", "coordinates": [ 29.43237076110206, -18.513986112555507 ] } },
{ "type": "Feature", "properties": { "ID": 0, "NAME": "Sengezi", "X_Coord": 29.404, "Y_Coord": -18.5423 }, "geometry": { "type": "Point", "coordinates": [ 29.404009441604682, -18.542340509316723 ] } },
{ "type": "Feature", "properties": { "ID": 0, "NAME": "Bemhara", "X_Coord": 29.5125, "Y_Coord": -18.5383 }, "geometry": { "type": "Point", "coordinates": [ 29.512477915603817, -18.538334474831014 ] } },
{ "type": "Feature", "properties": { "ID": 0, "NAME": "Sekwasi", "X_Coord": 29.4882, "Y_Coord": -18.568 }, "geometry": { "type": "Point", "coordinates": [ 29.488159069432232, -18.568038470629023 ] } },
{ "type": "Feature", "properties": { "ID": 0, "NAME": "Manzimnyama", "X_Coord": 29.4552, "Y_Coord": -18.601 }, "geometry": { "type": "Point", "coordinates": [ 29.455241697289175, -18.600959052798267 ] } },
{ "type": "Feature", "properties": { "ID": 0, "NAME": "Donjuan St Georges", "X_Coord": 29.4926, "Y_Coord": -18.6007 }, "geometry": { "type": "Point", "coordinates": [ 29.492583444175565, -18.600724415187322 ] } },
{ "type": "Feature", "properties": { "ID": 0, "NAME": "Zivagwe", "X_Coord": 29.6085, "Y_Coord": -18.6414 }, "geometry": { "type": "Point", "coordinates": [ 29.608491741065876, -18.641385448742088 ] } },
{ "type": "Feature", "properties": { "ID": 0, "NAME": "Donjane", "X_Coord": 29.4944, "Y_Coord": -18.6472 }, "geometry": { "type": "Point", "coordinates": [ 29.494438484861604, -18.647213953673361 ] } },
{ "type": "Feature", "properties": { "ID": 0, "NAME": "Gwesela", "X_Coord": 29.4453, "Y_Coord": -18.6963 }, "geometry": { "type": "Point", "coordinates": [ 29.445293137000675, -18.696343668418177 ] } },
{ "type": "Feature", "properties": { "ID": 0, "NAME": "St Martins Depores", "X_Coord": 29.3883, "Y_Coord": -18.6928 }, "geometry": { "type": "Point", "coordinates": [ 29.388252908172539, -18.692794068937694 ] } },
{ "type": "Feature", "properties": { "ID": 0, "NAME": "Vulamatshena", "X_Coord": 29.3757, "Y_Coord": -18.6839 }, "geometry": { "type": "Point", "coordinates": [ 29.375667240633096, -18.68388733267793 ] } },
{ "type": "Feature", "properties": { "ID": 0, "NAME": "Fafi", "X_Coord": 29.3661, "Y_Coord": -18.6876 }, "geometry": { "type": "Point", "coordinates": [ 29.366058582741097, -18.68762518189428 ] } },
{ "type": "Feature", "properties": { "ID": 0, "NAME": "Mugandani", "X_Coord": 29.361, "Y_Coord": -18.6991 }, "geometry": { "type": "Point", "coordinates": [ 29.360960997641481, -18.699058883082568 ] } },
{ "type": "Feature", "properties": { "ID": 0, "NAME": "Mavuli", "X_Coord": 29.2833, "Y_Coord": -18.7531 }, "geometry": { "type": "Point", "coordinates": [ 29.283268543185674, -18.753099391140857 ] } },
{ "type": "Feature", "properties": { "ID": 0, "NAME": "St Theresa Ndaku", "X_Coord": 29.2698, "Y_Coord": -18.8207 }, "geometry": { "type": "Point", "coordinates": [ 29.269751964625492, -18.820742710334326 ] } },
{ "type": "Feature", "properties": { "ID": 0, "NAME": "Ntabeni", "X_Coord": 29.3287, "Y_Coord": -18.8225 }, "geometry": { "type": "Point", "coordinates": [ 29.32874209238237, -18.822473802697463 ] } },
{ "type": "Feature", "properties": { "ID": 0, "NAME": "Zhombe", "X_Coord": 29.3793, "Y_Coord": -18.778 }, "geometry": { "type": "Point", "coordinates": [ 29.37925511090236, -18.77804922136718 ] } },
{ "type": "Feature", "properties": { "ID": 0, "NAME": "Rusununguko", "X_Coord": 29.4699, "Y_Coord": -18.8067 }, "geometry": { "type": "Point", "coordinates": [ 29.469888821367171, -18.806722378553875 ] } },
{ "type": "Feature", "properties": { "ID": 0, "NAME": "Gomola", "X_Coord": 29.4177, "Y_Coord": -18.7632 }, "geometry": { "type": "Point", "coordinates": [ 29.417669276413491, -18.763209407824903 ] } },
{ "type": "Feature", "properties": { "ID": 0, "NAME": "Somalala", "X_Coord": 29.4252, "Y_Coord": -18.745 }, "geometry": { "type": "Point", "coordinates": [ 29.42516225963324, -18.74496388550395 ] } },
{ "type": "Feature", "properties": { "ID": 0, "NAME": "Genzimkulu", "X_Coord": 29.3572, "Y_Coord": -18.7159 }, "geometry": { "type": "Point", "coordinates": [ 29.357245864726472, -18.715940988423508 ] } },
{ "type": "Feature", "properties": { "ID": 0, "NAME": "Mariyangu", "X_Coord": 29.5445, "Y_Coord": -18.6979 }, "geometry": { "type": "Point", "coordinates": [ 29.544475215500519, -18.697862121187345 ] } },
{ "type": "Feature", "properties": { "ID": 0, "NAME": "St Judes Mhazhe", "X_Coord": 29.2268, "Y_Coord": -18.7513 }, "geometry": { "type": "Point", "coordinates": [ 29.22677638760225, -18.751273910034126 ] } },
{ "type": "Feature", "properties": { "ID": 0, "NAME": "Somoza", "X_Coord": 29.1814, "Y_Coord": -18.8347 }, "geometry": { "type": "Point", "coordinates": [ 29.181384657152773, -18.834711839535366 ] } },
{ "type": "Feature", "properties": { "ID": 0, "NAME": "Mabidu", "X_Coord": 29.1331, "Y_Coord": -18.7522 }, "geometry": { "type": "Point", "coordinates": [ 29.133148995904929, -18.752178208728143 ] } },
{ "type": "Feature", "properties": { "ID": 0, "NAME": "Ruya", "X_Coord": 29.1272, "Y_Coord": -18.8616 }, "geometry": { "type": "Point", "coordinates": [ 29.12717979148794, -18.861595729537967 ] } },
{ "type": "Feature", "properties": { "ID": 0, "NAME": "Dendera", "X_Coord": 29.0959, "Y_Coord": -18.7077 }, "geometry": { "type": "Point", "coordinates": [ 29.095873096932579, -18.707706658260538 ] } },
{ "type": "Feature", "properties": { "ID": 0, "NAME": "Tshapewa", "X_Coord": 28.9834, "Y_Coord": -18.7551 }, "geometry": { "type": "Point", "coordinates": [ 28.98340478460943, -18.755126111980822 ] } },
{ "type": "Feature", "properties": { "ID": 0, "NAME": "Mkobokwe", "X_Coord": 29.0072, "Y_Coord": -18.7124 }, "geometry": { "type": "Point", "coordinates": [ 29.00718606154993, -18.712396518116098 ] } },
{ "type": "Feature", "properties": { "ID": 0, "NAME": "Mawolokohlo", "X_Coord": 28.8999, "Y_Coord": -18.7366 }, "geometry": { "type": "Point", "coordinates": [ 28.899894093987026, -18.736571980690105 ] } },
{ "type": "Feature", "properties": { "ID": 0, "NAME": "Donsa Dam", "X_Coord": 28.9048, "Y_Coord": -18.7835 }, "geometry": { "type": "Point", "coordinates": [ 28.904834351893534, -18.783475022040271 ] } },
{ "type": "Feature", "properties": { "ID": 0, "NAME": "Donsa", "X_Coord": 28.9487, "Y_Coord": -18.8198 }, "geometry": { "type": "Point", "coordinates": [ 28.948739739214837, -18.819786132868039 ] } },
{ "type": "Feature", "properties": { "ID": 0, "NAME": "Gobo", "X_Coord": 29.0006, "Y_Coord": -18.8418 }, "geometry": { "type": "Point", "coordinates": [ 29.00059512301447, -18.841841472386029 ] } },
{ "type": "Feature", "properties": { "ID": 0, "NAME": "Sehanga", "X_Coord": 29.0576, "Y_Coord": -18.8289 }, "geometry": { "type": "Point", "coordinates": [ 29.057623521365315, -18.828912524854484 ] } },
{ "type": "Feature", "properties": { "ID": 0, "NAME": "Malisa", "X_Coord": 28.9776, "Y_Coord": -18.9031 }, "geometry": { "type": "Point", "coordinates": [ 28.977582251081902, -18.903114363375142 ] } },
{ "type": "Feature", "properties": { "ID": 0, "NAME": "Siyezi", "X_Coord": 28.9362, "Y_Coord": -18.9206 }, "geometry": { "type": "Point", "coordinates": [ 28.936218708886784, -18.920637873255103 ] } },
{ "type": "Feature", "properties": { "ID": 0, "NAME": "Mbombela St Michaels", "X_Coord": 29.0733, "Y_Coord": -18.9076 }, "geometry": { "type": "Point", "coordinates": [ 29.073294099834733, -18.907550413666151 ] } },
{ "type": "Feature", "properties": { "ID": 0, "NAME": "Leopardess", "X_Coord": 29.1299, "Y_Coord": -18.8983 }, "geometry": { "type": "Point", "coordinates": [ 29.129867103446053, -18.898324144602647 ] } },
{ "type": "Feature", "properties": { "ID": 0, "NAME": "Sibangani", "X_Coord": 29.0703, "Y_Coord": -18.9268 }, "geometry": { "type": "Point", "coordinates": [ 29.07032068107382, -18.926759845516894 ] } },
{ "type": "Feature", "properties": { "ID": 0, "NAME": "Nyakwati", "X_Coord": 29.0318, "Y_Coord": -18.9601 }, "geometry": { "type": "Point", "coordinates": [ 29.031785974874943, -18.960138496377354 ] } },
{ "type": "Feature", "properties": { "ID": 0, "NAME": "St Xavier", "X_Coord": 29.0768, "Y_Coord": -18.9584 }, "geometry": { "type": "Point", "coordinates": [ 29.076785137390253, -18.958446048499493 ] } },
{ "type": "Feature", "properties": { "ID": 0, "NAME": "Simana", "X_Coord": 29.1243, "Y_Coord": -18.9535 }, "geometry": { "type": "Point", "coordinates": [ 29.124271994314881, -18.95348302393576 ] } },
{ "type": "Feature", "properties": { "ID": 0, "NAME": "Khanye", "X_Coord": 29.142, "Y_Coord": -18.9709 }, "geometry": { "type": "Point", "coordinates": [ 29.141950397597284, -18.970895042748676 ] } },
{ "type": "Feature", "properties": { "ID": 0, "NAME": "Ndlamatuli", "X_Coord": 29.1799, "Y_Coord": -18.9706 }, "geometry": { "type": "Point", "coordinates": [ 29.179926305459997, -18.970577679767416 ] } },
{ "type": "Feature", "properties": { "ID": 0, "NAME": "Kando", "X_Coord": 29.0688, "Y_Coord": -19.0017 }, "geometry": { "type": "Point", "coordinates": [ 29.06875258030809, -19.001705973439044 ] } },
{ "type": "Feature", "properties": { "ID": 0, "NAME": "Fatima", "X_Coord": 29.1302, "Y_Coord": -19.0143 }, "geometry": { "type": "Point", "coordinates": [ 29.130218357951321, -19.014264689655025 ] } },
{ "type": "Feature", "properties": { "ID": 0, "NAME": "Ntobe", "X_Coord": 29.0755, "Y_Coord": -19.0684 }, "geometry": { "type": "Point", "coordinates": [ 29.0754829304936, -19.068443831913026 ] } },
{ "type": "Feature", "properties": { "ID": 0, "NAME": "Sikumba", "X_Coord": 29.1523, "Y_Coord": -19.065 }, "geometry": { "type": "Point", "coordinates": [ 29.152318126987691, -19.06501100250653 ] } },
{ "type": "Feature", "properties": { "ID": 0, "NAME": "Bambanani", "X_Coord": 29.1879, "Y_Coord": -19.0401 }, "geometry": { "type": "Point", "coordinates": [ 29.187926791337294, -19.040059932494344 ] } },
{ "type": "Feature", "properties": { "ID": 0, "NAME": "Comyn", "X_Coord": 29.2436, "Y_Coord": -19.0623 }, "geometry": { "type": "Point", "coordinates": [ 29.243598215988609, -19.062311122692325 ] } },
{ "type": "Feature", "properties": { "ID": 0, "NAME": "Totololo", "X_Coord": 29.2559, "Y_Coord": -19.0866 }, "geometry": { "type": "Point", "coordinates": [ 29.255909156732187, -19.086642750940726 ] } },
{ "type": "Feature", "properties": { "ID": 0, "NAME": "Loreto", "X_Coord": 29.2843, "Y_Coord": -18.9814 }, "geometry": { "type": "Point", "coordinates": [ 29.284318243743471, -18.981417903006484 ] } },
{ "type": "Feature", "properties": { "ID": 0, "NAME": "Msilahobe", "X_Coord": 29.1568, "Y_Coord": -19.1796 }, "geometry": { "type": "Point", "coordinates": [ 29.156841163557687, -19.179614519137839 ] } },
{ "type": "Feature", "properties": { "ID": 0, "NAME": "Melusi", "X_Coord": 29.1809, "Y_Coord": -19.155 }, "geometry": { "type": "Point", "coordinates": [ 29.180900409334654, -19.155002492555521 ] } },
{ "type": "Feature", "properties": { "ID": 0, "NAME": "Mpinda", "X_Coord": 29.2345, "Y_Coord": -19.1773 }, "geometry": { "type": "Point", "coordinates": [ 29.234544860531617, -19.177313408516969 ] } },
{ "type": "Feature", "properties": { "ID": 0, "NAME": "Lozane", "X_Coord": 29.292, "Y_Coord": -19.166 }, "geometry": { "type": "Point", "coordinates": [ 29.292020278535702, -19.166029410663381 ] } },
{ "type": "Feature", "properties": { "ID": 0, "NAME": "Muchape", "X_Coord": 29.3767, "Y_Coord": -18.993 }, "geometry": { "type": "Point", "coordinates": [ 29.376744861775563, -18.992961839448064 ] } },
{ "type": "Feature", "properties": { "ID": 0, "NAME": "Wozoli", "X_Coord": 29.3312, "Y_Coord": -19.0585 }, "geometry": { "type": "Point", "coordinates": [ 29.331156724404067, -19.058483795059786 ] } },
{ "type": "Feature", "properties": { "ID": 0, "NAME": "Redcliff", "X_Coord": 29.7698, "Y_Coord": -19.0136 }, "geometry": { "type": "Point", "coordinates": [ 29.769834194279472, -19.013554264930946 ] } },
{ "type": "Feature", "properties": { "ID": 0, "NAME": "George Hill", "X_Coord": 29.7305, "Y_Coord": -18.999 }, "geometry": { "type": "Point", "coordinates": [ 29.730490424720706, -18.999007497401749 ] } },
{ "type": "Feature", "properties": { "ID": 0, "NAME": "Torwood", "X_Coord": 29.6914, "Y_Coord": -18.9918 }, "geometry": { "type": "Point", "coordinates": [ 29.691394583083444, -18.991775845830546 ] } },
{ "type": "Feature", "properties": { "ID": 0, "NAME": "Newlands", "X_Coord": 29.6253, "Y_Coord": -18.986 }, "geometry": { "type": "Point", "coordinates": [ 29.62534681181695, -18.98600228977822 ] } },
{ "type": "Feature", "properties": { "ID": 0, "NAME": "R.J. Davies", "X_Coord": 29.696, "Y_Coord": -18.9776 }, "geometry": { "type": "Point", "coordinates": [ 29.696036354161727, -18.977641039692323 ] } },
{ "type": "Feature", "properties": { "ID": 0, "NAME": "Riverlea", "X_Coord": 29.7142, "Y_Coord": -18.9299 }, "geometry": { "type": "Point", "coordinates": [ 29.714227167115293, -18.929871996051038 ] } },
{ "type": "Feature", "properties": { "ID": 0, "NAME": "Rutendo", "X_Coord": 29.7837, "Y_Coord": -18.9847 }, "geometry": { "type": "Point", "coordinates": [ 29.783655419374035, -18.984704724625526 ] } },
{ "type": "Feature", "properties": { "ID": 0, "NAME": "Rutendo II", "X_Coord": 29.7945, "Y_Coord": -18.9773 }, "geometry": { "type": "Point", "coordinates": [ 29.794486792084477, -18.977267221227425 ] } },
{ "type": "Feature", "properties": { "ID": 0, "NAME": "Gaika", "X_Coord": 29.8137, "Y_Coord": -18.9494 }, "geometry": { "type": "Point", "coordinates": [ 29.813709976842759, -18.949383732857285 ] } },
{ "type": "Feature", "properties": { "ID": 0, "NAME": "Fitchlea", "X_Coord": 29.793, "Y_Coord": -18.9292 }, "geometry": { "type": "Point", "coordinates": [ 29.793030768845231, -18.929158929645226 ] } },
{ "type": "Feature", "properties": { "ID": 0, "NAME": "Kwekwe", "X_Coord": 29.8179, "Y_Coord": -18.9292 }, "geometry": { "type": "Point", "coordinates": [ 29.817941286112227, -18.929244921501684 ] } },
{ "type": "Feature", "properties": { "ID": 0, "NAME": "Kwekwe", "X_Coord": 29.8101, "Y_Coord": -18.9185 }, "geometry": { "type": "Point", "coordinates": [ 29.810088429884882, -18.918467714270786 ] } },
{ "type": "Feature", "properties": { "ID": 0, "NAME": "St Martins", "X_Coord": 29.7794, "Y_Coord": -18.9179 }, "geometry": { "type": "Point", "coordinates": [ 29.779398732416048, -18.917893939382179 ] } },
{ "type": "Feature", "properties": { "ID": 0, "NAME": "Kushinga", "X_Coord": 29.7778, "Y_Coord": -18.9041 }, "geometry": { "type": "Point", "coordinates": [ 29.777803746904134, -18.904145983275363 ] } },
{ "type": "Feature", "properties": { "ID": 0, "NAME": "Amaveni", "X_Coord": 29.7915, "Y_Coord": -18.9095 }, "geometry": { "type": "Point", "coordinates": [ 29.791461234868496, -18.909512096709609 ] } },
{ "type": "Feature", "properties": { "ID": 0, "NAME": "Gold Ridge", "X_Coord": 29.8466, "Y_Coord": -18.9276 }, "geometry": { "type": "Point", "coordinates": [ 29.846615125721598, -18.927591012079535 ] } },
{ "type": "Feature", "properties": { "ID": 0, "NAME": "Globe & Phoenix", "X_Coord": 29.8014, "Y_Coord": -18.9027 }, "geometry": { "type": "Point", "coordinates": [ 29.801442375721802, -18.902724091024243 ] } },
{ "type": "Feature", "properties": { "ID": 0, "NAME": "Chiedza", "X_Coord": 29.8114, "Y_Coord": -18.9046 }, "geometry": { "type": "Point", "coordinates": [ 29.811387879672264, -18.904628603827167 ] } },
{ "type": "Feature", "properties": { "ID": 0, "NAME": "Russell", "X_Coord": 29.8085, "Y_Coord": -18.8995 }, "geometry": { "type": "Point", "coordinates": [ 29.808504765153511, -18.899505134954303 ] } },
{ "type": "Feature", "properties": { "ID": 0, "NAME": "Emtonjeni", "X_Coord": 29.8567, "Y_Coord": -18.9004 }, "geometry": { "type": "Point", "coordinates": [ 29.856683231911013, -18.900393012120226 ] } },
{ "type": "Feature", "properties": { "ID": 0, "NAME": "Sherwood", "X_Coord": 29.7605, "Y_Coord": -18.7903 }, "geometry": { "type": "Point", "coordinates": [ 29.760519901437949, -18.790272748939987 ] } },
{ "type": "Feature", "properties": { "ID": 0, "NAME": "Tiger Reef", "X_Coord": 29.7021, "Y_Coord": -18.8607 }, "geometry": { "type": "Point", "coordinates": [ 29.702128573721687, -18.860707159597201 ] } },
{ "type": "Feature", "properties": { "ID": 0, "NAME": "Chana", "X_Coord": 29.8518, "Y_Coord": -18.8659 }, "geometry": { "type": "Point", "coordinates": [ 29.851823272892698, -18.865902317814083 ] } },
{ "type": "Feature", "properties": { "ID": 0, "NAME": "Chimwaoga", "X_Coord": 29.9368, "Y_Coord": -18.9104 }, "geometry": { "type": "Point", "coordinates": [ 29.936821329843127, -18.910378965534171 ] } },
{ "type": "Feature", "properties": { "ID": 0, "NAME": "Bembezani", "X_Coord": 29.888, "Y_Coord": -18.9649 }, "geometry": { "type": "Point", "coordinates": [ 29.888036367274061, -18.964862511809116 ] } },
{ "type": "Feature", "properties": { "ID": 0, "NAME": "Bonwei", "X_Coord": 29.761, "Y_Coord": -18.7718 }, "geometry": { "type": "Point", "coordinates": [ 29.761023510689405, -18.771783907956468 ] } },
{ "type": "Feature", "properties": { "ID": 0, "NAME": "Kotamai", "X_Coord": 29.7328, "Y_Coord": -18.7807 }, "geometry": { "type": "Point", "coordinates": [ 29.732807169152231, -18.780715993154939 ] } },
{ "type": "Feature", "properties": { "ID": 0, "NAME": "Munyati", "X_Coord": 29.7873, "Y_Coord": -18.6484 }, "geometry": { "type": "Point", "coordinates": [ 29.787292751457578, -18.64842673309435 ] } },
{ "type": "Feature", "properties": { "ID": 0, "NAME": "Umlala Park", "X_Coord": 30.0161, "Y_Coord": -18.9191 }, "geometry": { "type": "Point", "coordinates": [ 30.016136192664103, -18.919133116522318 ] } },
{ "type": "Feature", "properties": { "ID": 0, "NAME": "Sebakwe", "X_Coord": 30.1184, "Y_Coord": -18.9854 }, "geometry": { "type": "Point", "coordinates": [ 30.118430167171329, -18.985351230203698 ] } },
{ "type": "Feature", "properties": { "ID": 0, "NAME": "Rhino", "X_Coord": 29.6051, "Y_Coord": -18.8215 }, "geometry": { "type": "Point", "coordinates": [ 29.605138707958183, -18.821465077575038 ] } },
{ "type": "Feature", "properties": { "ID": 0, "NAME": "Brooms Groove", "X_Coord": 29.5605, "Y_Coord": -18.8482 }, "geometry": { "type": "Point", "coordinates": [ 29.560510379888168, -18.848150496751632 ] } },
{ "type": "Feature", "properties": { "ID": 0, "NAME": "Mutimutema", "X_Coord": 29.3957, "Y_Coord": -18.8895 }, "geometry": { "type": "Point", "coordinates": [ 29.395725551766056, -18.889541159576041 ] } },
{ "type": "Feature", "properties": { "ID": 0, "NAME": "Batanai", "X_Coord": 29.2913, "Y_Coord": -18.9005 }, "geometry": { "type": "Point", "coordinates": [ 29.291256057786562, -18.900482351494986 ] } },
{ "type": "Feature", "properties": { "ID": 0, "NAME": "Sibomvu", "X_Coord": 29.237, "Y_Coord": -18.941 }, "geometry": { "type": "Point", "coordinates": [ 29.236987355520789, -18.941002241053393 ] } },
{ "type": "Feature", "properties": { "ID": 0, "NAME": "Mangwizi", "X_Coord": 29.0918, "Y_Coord": -18.6568 }, "geometry": { "type": "Point", "coordinates": [ 29.091783856672979, -18.656787720387868 ] } },
{ "type": "Feature", "properties": { "ID": 0, "NAME": "Nkiwane", "X_Coord": 29.1371, "Y_Coord": -18.6356 }, "geometry": { "type": "Point", "coordinates": [ 29.137121135321497, -18.635647126011076 ] } },
{ "type": "Feature", "properties": { "ID": 0, "NAME": "Nhengure", "X_Coord": 29.1966, "Y_Coord": -18.6645 }, "geometry": { "type": "Point", "coordinates": [ 29.196649556987349, -18.664531181509467 ] } },
{ "type": "Feature", "properties": { "ID": 0, "NAME": "Tombankala", "X_Coord": 29.2188, "Y_Coord": -18.6599 }, "geometry": { "type": "Point", "coordinates": [ 29.218830287312507, -18.65989033846288 ] } },
{ "type": "Feature", "properties": { "ID": 0, "NAME": "Ntombankala St Johns", "X_Coord": 29.1928, "Y_Coord": -18.6313 }, "geometry": { "type": "Point", "coordinates": [ 29.192754885367169, -18.631294698519604 ] } },
{ "type": "Feature", "properties": { "ID": 0, "NAME": "Sikabela", "X_Coord": 29.2231, "Y_Coord": -18.6137 }, "geometry": { "type": "Point", "coordinates": [ 29.223135305551995, -18.613670548449733 ] } },
{ "type": "Feature", "properties": { "ID": 0, "NAME": "St Phillips", "X_Coord": 29.295, "Y_Coord": -18.625 }, "geometry": { "type": "Point", "coordinates": [ 29.294955691390172, -18.625021926603139 ] } },
{ "type": "Feature", "properties": { "ID": 0, "NAME": "Champeni", "X_Coord": 29.3137, "Y_Coord": -18.6802 }, "geometry": { "type": "Point", "coordinates": [ 29.313690799420804, -18.68016837835199 ] } },
{ "type": "Feature", "properties": { "ID": 0, "NAME": "Tore", "X_Coord": 29.8068, "Y_Coord": -19.0521 }, "geometry": { "type": "Point", "coordinates": [ 29.80677324327042, -19.052135893748577 ] } },
{ "type": "Feature", "properties": { "ID": 0, "NAME": "Zhomba", "X_Coord": 28.309, "Y_Coord": -17.5567 }, "geometry": { "type": "Point", "coordinates": [ 28.309035626069846, -17.556670544174338 ] } },
{ "type": "Feature", "properties": { "ID": 0, "NAME": "Kakondo", "X_Coord": 28.5251, "Y_Coord": -17.553 }, "geometry": { "type": "Point", "coordinates": [ 28.525054778703566, -17.552987470073528 ] } },
{ "type": "Feature", "properties": { "ID": 0, "NAME": "Chiwodza", "X_Coord": 28.5912, "Y_Coord": -17.4922 }, "geometry": { "type": "Point", "coordinates": [ 28.591207875676844, -17.492176685821107 ] } },
{ "type": "Feature", "properties": { "ID": 0, "NAME": "Madzivazvido", "X_Coord": 28.543, "Y_Coord": -17.618 }, "geometry": { "type": "Point", "coordinates": [ 28.542978099554617, -17.617975499536797 ] } },
{ "type": "Feature", "properties": { "ID": 0, "NAME": "Nenyunga", "X_Coord": 28.2805, "Y_Coord": -17.4734 }, "geometry": { "type": "Point", "coordinates": [ 28.280455462611812, -17.473378076026833 ] } },
{ "type": "Feature", "properties": { "ID": 0, "NAME": "Chitora", "X_Coord": 28.626, "Y_Coord": -17.4798 }, "geometry": { "type": "Point", "coordinates": [ 28.626025551957976, -17.479834556846019 ] } },
{ "type": "Feature", "properties": { "ID": 0, "NAME": "Chireya", "X_Coord": 28.6131, "Y_Coord": -17.5226 }, "geometry": { "type": "Point", "coordinates": [ 28.613077937805713, -17.52264196187468 ] } },
{ "type": "Feature", "properties": { "ID": 0, "NAME": "Kajiravanda", "X_Coord": 28.6325, "Y_Coord": -17.5779 }, "geometry": { "type": "Point", "coordinates": [ 28.632514041605056, -17.577922828808294 ] } },
{ "type": "Feature", "properties": { "ID": 0, "NAME": "Mafungura", "X_Coord": 28.4761, "Y_Coord": -17.6469 }, "geometry": { "type": "Point", "coordinates": [ 28.476107261072727, -17.646881190255087 ] } },
{ "type": "Feature", "properties": { "ID": 0, "NAME": "Katamba", "X_Coord": 28.687, "Y_Coord": -17.4495 }, "geometry": { "type": "Point", "coordinates": [ 28.687019206900676, -17.449456886123343 ] } },
{ "type": "Feature", "properties": { "ID": 0, "NAME": "Zumba", "X_Coord": 28.7231, "Y_Coord": -17.4137 }, "geometry": { "type": "Point", "coordinates": [ 28.723115529451718, -17.413656548753604 ] } },
{ "type": "Feature", "properties": { "ID": 0, "NAME": "Sawirangwanda", "X_Coord": 28.7194, "Y_Coord": -17.3702 }, "geometry": { "type": "Point", "coordinates": [ 28.719399659564463, -17.370199174591324 ] } },
{ "type": "Feature", "properties": { "ID": 0, "NAME": "Dambamazura", "X_Coord": 28.7283, "Y_Coord": -17.4681 }, "geometry": { "type": "Point", "coordinates": [ 28.728261722442731, -17.4681107474313 ] } },
{ "type": "Feature", "properties": { "ID": 0, "NAME": "Dindimutwi", "X_Coord": 28.8195, "Y_Coord": -17.4646 }, "geometry": { "type": "Point", "coordinates": [ 28.819471404115102, -17.46463467556913 ] } },
{ "type": "Feature", "properties": { "ID": 0, "NAME": "Chomukuyu", "X_Coord": 28.7349, "Y_Coord": -17.5246 }, "geometry": { "type": "Point", "coordinates": [ 28.734895689603022, -17.52458419525837 ] } },
{ "type": "Feature", "properties": { "ID": 0, "NAME": "Chiodza", "X_Coord": 28.7259, "Y_Coord": -17.6449 }, "geometry": { "type": "Point", "coordinates": [ 28.725906671919724, -17.64485170625931 ] } },
{ "type": "Feature", "properties": { "ID": 0, "NAME": "Masemo", "X_Coord": 28.765, "Y_Coord": -17.6751 }, "geometry": { "type": "Point", "coordinates": [ 28.765004161162253, -17.675080166316995 ] } },
{ "type": "Feature", "properties": { "ID": 0, "NAME": "Dekete", "X_Coord": 28.7709, "Y_Coord": -17.2073 }, "geometry": { "type": "Point", "coordinates": [ 28.77088649468871, -17.207263977635993 ] } },
{ "type": "Feature", "properties": { "ID": 0, "NAME": "Mashame", "X_Coord": 28.7669, "Y_Coord": -17.2618 }, "geometry": { "type": "Point", "coordinates": [ 28.766865052844196, -17.261763006946222 ] } },
{ "type": "Feature", "properties": { "ID": 0, "NAME": "Mashuma", "X_Coord": 28.8491, "Y_Coord": -17.2352 }, "geometry": { "type": "Point", "coordinates": [ 28.849140245750167, -17.235191918513653 ] } },
{ "type": "Feature", "properties": { "ID": 0, "NAME": "Mudondo", "X_Coord": 28.8963, "Y_Coord": -17.1691 }, "geometry": { "type": "Point", "coordinates": [ 28.896272531408599, -17.169124146862504 ] } },
{ "type": "Feature", "properties": { "ID": 0, "NAME": "Tenda", "X_Coord": 28.9137, "Y_Coord": -17.2647 }, "geometry": { "type": "Point", "coordinates": [ 28.913680721230083, -17.264663894358236 ] } },
{ "type": "Feature", "properties": { "ID": 0, "NAME": "Machichiri", "X_Coord": 28.9679, "Y_Coord": -17.2914 }, "geometry": { "type": "Point", "coordinates": [ 28.967887093407775, -17.29140211743956 ] } },
{ "type": "Feature", "properties": { "ID": 0, "NAME": "Chomuuyu", "X_Coord": 28.8759, "Y_Coord": -17.3404 }, "geometry": { "type": "Point", "coordinates": [ 28.875942847839323, -17.340365187784368 ] } },
{ "type": "Feature", "properties": { "ID": 0, "NAME": "Nyamasaka", "X_Coord": 28.8846, "Y_Coord": -17.4073 }, "geometry": { "type": "Point", "coordinates": [ 28.884549901382197, -17.407335278516104 ] } },
{ "type": "Feature", "properties": { "ID": 0, "NAME": "Gumunyu", "X_Coord": 28.9068, "Y_Coord": -17.4426 }, "geometry": { "type": "Point", "coordinates": [ 28.906782713655229, -17.442602173561916 ] } },
{ "type": "Feature", "properties": { "ID": 0, "NAME": "Nyamuponda", "X_Coord": 29.0665, "Y_Coord": -17.3139 }, "geometry": { "type": "Point", "coordinates": [ 29.066508571389466, -17.31393821046527 ] } },
{ "type": "Feature", "properties": { "ID": 0, "NAME": "Gandavaroyi", "X_Coord": 29.1551, "Y_Coord": -17.319 }, "geometry": { "type": "Point", "coordinates": [ 29.155071963184092, -17.318999211455985 ] } },
{ "type": "Feature", "properties": { "ID": 0, "NAME": "Mavanga", "X_Coord": 29.0694, "Y_Coord": -17.3756 }, "geometry": { "type": "Point", "coordinates": [ 29.069409167350592, -17.375620712018975 ] } },
{ "type": "Feature", "properties": { "ID": 0, "NAME": "Mutakanyi", "X_Coord": 29.2544, "Y_Coord": -17.3627 }, "geometry": { "type": "Point", "coordinates": [ 29.254381453072842, -17.362695501919855 ] } },
{ "type": "Feature", "properties": { "ID": 0, "NAME": "Tafara", "X_Coord": 29.1579, "Y_Coord": -17.4275 }, "geometry": { "type": "Point", "coordinates": [ 29.157850381792361, -17.427495673162976 ] } },
{ "type": "Feature", "properties": { "ID": 0, "NAME": "Musadzi", "X_Coord": 29.0672, "Y_Coord": -17.5163 }, "geometry": { "type": "Point", "coordinates": [ 29.067200491588451, -17.51626712268633 ] } },
{ "type": "Feature", "properties": { "ID": 0, "NAME": "Munyatipanze", "X_Coord": 28.9799, "Y_Coord": -17.4667 }, "geometry": { "type": "Point", "coordinates": [ 28.979902464804404, -17.466693228399087 ] } },
{ "type": "Feature", "properties": { "ID": 0, "NAME": "Mvumvudze", "X_Coord": 28.923, "Y_Coord": -17.4773 }, "geometry": { "type": "Point", "coordinates": [ 28.923048023532743, -17.477272475864719 ] } },
{ "type": "Feature", "properties": { "ID": 0, "NAME": "Kadzidirire", "X_Coord": 28.9159, "Y_Coord": -17.5046 }, "geometry": { "type": "Point", "coordinates": [ 28.91593323436777, -17.504589750160655 ] } },
{ "type": "Feature", "properties": { "ID": 0, "NAME": "Hwadze", "X_Coord": 29.0858, "Y_Coord": -17.5333 }, "geometry": { "type": "Point", "coordinates": [ 29.085757914707827, -17.533349638477365 ] } },
{ "type": "Feature", "properties": { "ID": 0, "NAME": "Kwaedza", "X_Coord": 29.0566, "Y_Coord": -17.5713 }, "geometry": { "type": "Point", "coordinates": [ 29.056638781135831, -17.571274471074911 ] } },
{ "type": "Feature", "properties": { "ID": 0, "NAME": "Shingai", "X_Coord": 29.0637, "Y_Coord": -17.5927 }, "geometry": { "type": "Point", "coordinates": [ 29.063680866926003, -17.592678788573654 ] } },
{ "type": "Feature", "properties": { "ID": 0, "NAME": "Musorowenzou", "X_Coord": 28.9743, "Y_Coord": -17.5913 }, "geometry": { "type": "Point", "coordinates": [ 28.97433009994079, -17.591282977028325 ] } },
{ "type": "Feature", "properties": { "ID": 0, "NAME": "Mutehwe", "X_Coord": 28.9285, "Y_Coord": -17.5761 }, "geometry": { "type": "Point", "coordinates": [ 28.928534590652554, -17.576105748931258 ] } },
{ "type": "Feature", "properties": { "ID": 0, "NAME": "Nyamhara", "X_Coord": 28.8658, "Y_Coord": -17.5656 }, "geometry": { "type": "Point", "coordinates": [ 28.865770548637926, -17.565632742360776 ] } },
{ "type": "Feature", "properties": { "ID": 0, "NAME": "Ronga", "X_Coord": 29.2593, "Y_Coord": -17.5779 }, "geometry": { "type": "Point", "coordinates": [ 29.259329716055223, -17.577875183973223 ] } },
{ "type": "Feature", "properties": { "ID": 0, "NAME": "Nora", "X_Coord": 29.2384, "Y_Coord": -17.4866 }, "geometry": { "type": "Point", "coordinates": [ 29.238444384127952, -17.486569620457228 ] } },
{ "type": "Feature", "properties": { "ID": 0, "NAME": "Mangorohwe", "X_Coord": 29.265, "Y_Coord": -17.4432 }, "geometry": { "type": "Point", "coordinates": [ 29.264966457911978, -17.443170485488778 ] } },
{ "type": "Feature", "properties": { "ID": 0, "NAME": "Tsungai", "X_Coord": 29.125, "Y_Coord": -17.6096 }, "geometry": { "type": "Point", "coordinates": [ 29.125000508325225, -17.609626629630913 ] } },
{ "type": "Feature", "properties": { "ID": 0, "NAME": "Kamwa", "X_Coord": 28.8626, "Y_Coord": -17.59 }, "geometry": { "type": "Point", "coordinates": [ 28.862649453273619, -17.590020767855894 ] } },
{ "type": "Feature", "properties": { "ID": 0, "NAME": "Bande", "X_Coord": 29.0309, "Y_Coord": -17.6267 }, "geometry": { "type": "Point", "coordinates": [ 29.030945950818843, -17.626679464070456 ] } },
{ "type": "Feature", "properties": { "ID": 0, "NAME": "Nyamuhwawo", "X_Coord": 28.9705, "Y_Coord": -17.5583 }, "geometry": { "type": "Point", "coordinates": [ 28.970497406866137, -17.558309103832379 ] } },
{ "type": "Feature", "properties": { "ID": 0, "NAME": "Lunga", "X_Coord": 29.0266, "Y_Coord": -17.7327 }, "geometry": { "type": "Point", "coordinates": [ 29.026561662783443, -17.732713094986707 ] } },
{ "type": "Feature", "properties": { "ID": 0, "NAME": "Gandavacheche", "X_Coord": 28.8775, "Y_Coord": -17.7075 }, "geometry": { "type": "Point", "coordinates": [ 28.877495677152996, -17.707459896597324 ] } },
{ "type": "Feature", "properties": { "ID": 0, "NAME": "Bungwa", "X_Coord": 28.8779, "Y_Coord": -17.7349 }, "geometry": { "type": "Point", "coordinates": [ 28.877853007861965, -17.734895475047388 ] } },
{ "type": "Feature", "properties": { "ID": 0, "NAME": "Nyamuroro", "X_Coord": 29.0377, "Y_Coord": -17.755 }, "geometry": { "type": "Point", "coordinates": [ 29.037745122398125, -17.755037703627909 ] } },
{ "type": "Feature", "properties": { "ID": 0, "NAME": "Ukoma", "X_Coord": 29.1217, "Y_Coord": -17.7106 }, "geometry": { "type": "Point", "coordinates": [ 29.121745276987461, -17.710631769166909 ] } },
{ "type": "Feature", "properties": { "ID": 0, "NAME": "Mupawa", "X_Coord": 29.1925, "Y_Coord": -17.6766 }, "geometry": { "type": "Point", "coordinates": [ 29.192547353437178, -17.676592310412737 ] } },
{ "type": "Feature", "properties": { "ID": 0, "NAME": "Mvumba", "X_Coord": 28.8082, "Y_Coord": -17.7835 }, "geometry": { "type": "Point", "coordinates": [ 28.808242961501687, -17.783465063709485 ] } },
{ "type": "Feature", "properties": { "ID": 0, "NAME": "Kahobo", "X_Coord": 28.7776, "Y_Coord": -17.7301 }, "geometry": { "type": "Point", "coordinates": [ 28.777623715779448, -17.73007673919772 ] } },
{ "type": "Feature", "properties": { "ID": 0, "NAME": "Kamwambe", "X_Coord": 28.8372, "Y_Coord": -17.8221 }, "geometry": { "type": "Point", "coordinates": [ 28.837224976400375, -17.822083877213231 ] } },
{ "type": "Feature", "properties": { "ID": 0, "NAME": "Zande", "X_Coord": 28.8173, "Y_Coord": -17.8328 }, "geometry": { "type": "Point", "coordinates": [ 28.817333110861075, -17.832757998700782 ] } },
{ "type": "Feature", "properties": { "ID": 0, "NAME": "Mhumha", "X_Coord": 28.8605, "Y_Coord": -17.8474 }, "geometry": { "type": "Point", "coordinates": [ 28.860535769530145, -17.847414181512686 ] } },
{ "type": "Feature", "properties": { "ID": 0, "NAME": "Nyamazengwe", "X_Coord": 29.0545, "Y_Coord": -17.8374 }, "geometry": { "type": "Point", "coordinates": [ 29.054507803738172, -17.83744005494011 ] } },
{ "type": "Feature", "properties": { "ID": 0, "NAME": "Marowa", "X_Coord": 29.1382, "Y_Coord": -17.8232 }, "geometry": { "type": "Point", "coordinates": [ 29.138195501394669, -17.82315717063992 ] } },
{ "type": "Feature", "properties": { "ID": 0, "NAME": "Nyatso", "X_Coord": 29.0415, "Y_Coord": -17.8601 }, "geometry": { "type": "Point", "coordinates": [ 29.041493472716908, -17.860099230923392 ] } },
{ "type": "Feature", "properties": { "ID": 0, "NAME": "Kuedza", "X_Coord": 29.1229, "Y_Coord": -17.8863 }, "geometry": { "type": "Point", "coordinates": [ 29.122855933574442, -17.886328151097068 ] } },
{ "type": "Feature", "properties": { "ID": 0, "NAME": "Ungwe", "X_Coord": 29.1515, "Y_Coord": -17.9055 }, "geometry": { "type": "Point", "coordinates": [ 29.151526666080528, -17.905458851700946 ] } },
{ "type": "Feature", "properties": { "ID": 0, "NAME": "Chinyenyetu", "X_Coord": 29.0337, "Y_Coord": -17.9253 }, "geometry": { "type": "Point", "coordinates": [ 29.033730235653952, -17.925308287445535 ] } },
{ "type": "Feature", "properties": { "ID": 0, "NAME": "Goredema", "X_Coord": 28.9544, "Y_Coord": -17.8941 }, "geometry": { "type": "Point", "coordinates": [ 28.954415882233228, -17.894135359800565 ] } },
{ "type": "Feature", "properties": { "ID": 0, "NAME": "Matiza", "X_Coord": 29.3161, "Y_Coord": -17.4363 }, "geometry": { "type": "Point", "coordinates": [ 29.316098240569936, -17.436254782652899 ] } },
{ "type": "Feature", "properties": { "ID": 0, "NAME": "Nyaurungwe", "X_Coord": 29.3547, "Y_Coord": -17.5321 }, "geometry": { "type": "Point", "coordinates": [ 29.354664366153045, -17.532065663773704 ] } },
{ "type": "Feature", "properties": { "ID": 0, "NAME": "Kasonde", "X_Coord": 29.2985, "Y_Coord": -17.619 }, "geometry": { "type": "Point", "coordinates": [ 29.298504792489958, -17.618969438322129 ] } },
{ "type": "Feature", "properties": { "ID": 0, "NAME": "Tongogara", "X_Coord": 29.2621, "Y_Coord": -17.7391 }, "geometry": { "type": "Point", "coordinates": [ 29.262106014534666, -17.739113541389219 ] } },
{ "type": "Feature", "properties": { "ID": 0, "NAME": "Dewe", "X_Coord": 29.2211, "Y_Coord": -17.7793 }, "geometry": { "type": "Point", "coordinates": [ 29.221057886315737, -17.77932028208771 ] } },
{ "type": "Feature", "properties": { "ID": 0, "NAME": "Chakarimatsito", "X_Coord": 29.0596, "Y_Coord": -17.9556 }, "geometry": { "type": "Point", "coordinates": [ 29.059582068315084, -17.955612837795485 ] } },
{ "type": "Feature", "properties": { "ID": 0, "NAME": "Mavhirivhi", "X_Coord": 29.0179, "Y_Coord": -17.9656 }, "geometry": { "type": "Point", "coordinates": [ 29.017890346699705, -17.965553763451748 ] } },
{ "type": "Feature", "properties": { "ID": 0, "NAME": "Batsiranai", "X_Coord": 29.0069, "Y_Coord": -17.9277 }, "geometry": { "type": "Point", "coordinates": [ 29.006930365994172, -17.927669191203119 ] } },
{ "type": "Feature", "properties": { "ID": 0, "NAME": "Masosoni", "X_Coord": 28.8885, "Y_Coord": -17.9514 }, "geometry": { "type": "Point", "coordinates": [ 28.888525314820303, -17.951405868008163 ] } },
{ "type": "Feature", "properties": { "ID": 0, "NAME": "Gwebo", "X_Coord": 28.9202, "Y_Coord": -17.8695 }, "geometry": { "type": "Point", "coordinates": [ 28.920194298344999, -17.869526398219325 ] } },
{ "type": "Feature", "properties": { "ID": 0, "NAME": "Umbe", "X_Coord": 28.7725, "Y_Coord": -17.7603 }, "geometry": { "type": "Point", "coordinates": [ 28.772546595862678, -17.760292580948711 ] } },
{ "type": "Feature", "properties": { "ID": 0, "NAME": "Hongoro", "X_Coord": 28.5267, "Y_Coord": -17.489 }, "geometry": { "type": "Point", "coordinates": [ 28.526668744461965, -17.489003994140273 ] } },
{ "type": "Feature", "properties": { "ID": 0, "NAME": "Chemhondoro", "X_Coord": 28.7111, "Y_Coord": -17.581 }, "geometry": { "type": "Point", "coordinates": [ 28.711119200342843, -17.581046160112713 ] } },
{ "type": "Feature", "properties": { "ID": 0, "NAME": "Chaminuka", "X_Coord": 28.9792, "Y_Coord": -17.5166 }, "geometry": { "type": "Point", "coordinates": [ 28.979238395768771, -17.516649949138692 ] } },
{ "type": "Feature", "properties": { "ID": 0, "NAME": "Simuchembu", "X_Coord": 28.2682, "Y_Coord": -17.7111 }, "geometry": { "type": "Point", "coordinates": [ 28.268164921215284, -17.711056578681056 ] } },
{ "type": "Feature", "properties": { "ID": 0, "NAME": "Simuchembu 1", "X_Coord": 28.2048, "Y_Coord": -17.7499 }, "geometry": { "type": "Point", "coordinates": [ 28.204767498234379, -17.749931750663084 ] } },
{ "type": "Feature", "properties": { "ID": 0, "NAME": "Vumba", "X_Coord": 28.1408, "Y_Coord": -17.791 }, "geometry": { "type": "Point", "coordinates": [ 28.140790369873059, -17.791049252332009 ] } },
{ "type": "Feature", "properties": { "ID": 0, "NAME": "Nyikavanhu", "X_Coord": 30.5208, "Y_Coord": -19.2023 }, "geometry": { "type": "Point", "coordinates": [ 30.520752532978481, -19.202344252317527 ] } },
{ "type": "Feature", "properties": { "ID": 0, "NAME": "Gangarabwe", "X_Coord": 30.551, "Y_Coord": -19.211 }, "geometry": { "type": "Point", "coordinates": [ 30.550975226291538, -19.211026839102992 ] } },
{ "type": "Feature", "properties": { "ID": 0, "NAME": "St Theresa", "X_Coord": 30.5193, "Y_Coord": -19.2643 }, "geometry": { "type": "Point", "coordinates": [ 30.519329122034819, -19.264304855579073 ] } },
{ "type": "Feature", "properties": { "ID": 0, "NAME": "Njerere", "X_Coord": 30.514, "Y_Coord": -19.2633 }, "geometry": { "type": "Point", "coordinates": [ 30.513993623593663, -19.263317157078664 ] } },
{ "type": "Feature", "properties": { "ID": 0, "NAME": null, "X_Coord": 30.5202, "Y_Coord": -19.277 }, "geometry": { "type": "Point", "coordinates": [ 30.520170644094975, -19.276952242307981 ] } },
{ "type": "Feature", "properties": { "ID": 0, "NAME": "Chitenderano", "X_Coord": 30.4963, "Y_Coord": -19.3128 }, "geometry": { "type": "Point", "coordinates": [ 30.49630358808373, -19.31276914710693 ] } },
{ "type": "Feature", "properties": { "ID": 0, "NAME": "Chimbindi", "X_Coord": 30.4491, "Y_Coord": -19.5634 }, "geometry": { "type": "Point", "coordinates": [ 30.449071686534438, -19.563374531261193 ] } },
{ "type": "Feature", "properties": { "ID": 0, "NAME": "Magada", "X_Coord": 30.4472, "Y_Coord": -19.5027 }, "geometry": { "type": "Point", "coordinates": [ 30.447227186127435, -19.502727164368814 ] } },
{ "type": "Feature", "properties": { "ID": 0, "NAME": "Nhomboka", "X_Coord": 30.4726, "Y_Coord": -19.5399 }, "geometry": { "type": "Point", "coordinates": [ 30.472594955796623, -19.539892020737938 ] } },
{ "type": "Feature", "properties": { "ID": 0, "NAME": "Majandu", "X_Coord": 30.4875, "Y_Coord": -19.5156 }, "geometry": { "type": "Point", "coordinates": [ 30.487519105395723, -19.515613001314637 ] } },
{ "type": "Feature", "properties": { "ID": 0, "NAME": "Mapiriyana", "X_Coord": 30.4933, "Y_Coord": -19.4698 }, "geometry": { "type": "Point", "coordinates": [ 30.493330312038818, -19.469763367372394 ] } },
{ "type": "Feature", "properties": { "ID": 0, "NAME": "Chamakanda", "X_Coord": 30.5124, "Y_Coord": -19.4515 }, "geometry": { "type": "Point", "coordinates": [ 30.512384273159064, -19.451488776152281 ] } },
{ "type": "Feature", "properties": { "ID": 0, "NAME": "Chiweshe", "X_Coord": 30.5575, "Y_Coord": -19.513 }, "geometry": { "type": "Point", "coordinates": [ 30.557532765070377, -19.513041179118538 ] } },
{ "type": "Feature", "properties": { "ID": 0, "NAME": "Makanya", "X_Coord": 30.607, "Y_Coord": -19.5223 }, "geometry": { "type": "Point", "coordinates": [ 30.607034155186746, -19.522251578266168 ] } },
{ "type": "Feature", "properties": { "ID": 0, "NAME": "Matende", "X_Coord": 30.5693, "Y_Coord": -19.372 }, "geometry": { "type": "Point", "coordinates": [ 30.569343944012182, -19.371971853369445 ] } },
{ "type": "Feature", "properties": { "ID": 0, "NAME": "Machekano", "X_Coord": 30.5716, "Y_Coord": -19.5653 }, "geometry": { "type": "Point", "coordinates": [ 30.571570922726, -19.565325611343511 ] } },
{ "type": "Feature", "properties": { "ID": 0, "NAME": "Muzeza", "X_Coord": 30.5138, "Y_Coord": -19.5534 }, "geometry": { "type": "Point", "coordinates": [ 30.513774516006915, -19.553363241639126 ] } },
{ "type": "Feature", "properties": { "ID": 0, "NAME": "Guramatunhu", "X_Coord": 30.4604, "Y_Coord": -19.6299 }, "geometry": { "type": "Point", "coordinates": [ 30.460385891665947, -19.629864612122198 ] } },
{ "type": "Feature", "properties": { "ID": 0, "NAME": "Rutunga", "X_Coord": 30.5222, "Y_Coord": -19.6091 }, "geometry": { "type": "Point", "coordinates": [ 30.522163524003577, -19.609112676286351 ] } },
{ "type": "Feature", "properties": { "ID": 0, "NAME": "Hwata", "X_Coord": 30.5738, "Y_Coord": -19.6119 }, "geometry": { "type": "Point", "coordinates": [ 30.573765749705707, -19.611928147839539 ] } },
{ "type": "Feature", "properties": { "ID": 0, "NAME": "Maponda", "X_Coord": 30.5421, "Y_Coord": -19.6618 }, "geometry": { "type": "Point", "coordinates": [ 30.542132515835355, -19.661840024007354 ] } },
{ "type": "Feature", "properties": { "ID": 0, "NAME": "Debwe", "X_Coord": 30.4852, "Y_Coord": -19.6592 }, "geometry": { "type": "Point", "coordinates": [ 30.485190501563562, -19.659158900723362 ] } },
{ "type": "Feature", "properties": { "ID": 0, "NAME": "Chihosho", "X_Coord": 30.4844, "Y_Coord": -19.7051 }, "geometry": { "type": "Point", "coordinates": [ 30.484421415622975, -19.705146577898756 ] } },
{ "type": "Feature", "properties": { "ID": 0, "NAME": "Ngezi", "X_Coord": 30.4689, "Y_Coord": -19.7342 }, "geometry": { "type": "Point", "coordinates": [ 30.468885842307294, -19.734178055712832 ] } },
{ "type": "Feature", "properties": { "ID": 0, "NAME": "Mhende", "X_Coord": 30.5091, "Y_Coord": -19.776 }, "geometry": { "type": "Point", "coordinates": [ 30.50906729076496, -19.775956596977061 ] } },
{ "type": "Feature", "properties": { "ID": 0, "NAME": "Maware", "X_Coord": 30.5787, "Y_Coord": -19.7849 }, "geometry": { "type": "Point", "coordinates": [ 30.578740381284959, -19.78487763397942 ] } },
{ "type": "Feature", "properties": { "ID": 0, "NAME": "Mavhaire", "X_Coord": 30.6078, "Y_Coord": -19.7801 }, "geometry": { "type": "Point", "coordinates": [ 30.607828174798613, -19.780063178768685 ] } },
{ "type": "Feature", "properties": { "ID": 0, "NAME": "Mutya", "X_Coord": 30.57, "Y_Coord": -19.7372 }, "geometry": { "type": "Point", "coordinates": [ 30.570023779152823, -19.737227552256236 ] } },
{ "type": "Feature", "properties": { "ID": 0, "NAME": "Chilimanzi", "X_Coord": 30.5357, "Y_Coord": -19.7172 }, "geometry": { "type": "Point", "coordinates": [ 30.53569165242931, -19.717210815111397 ] } },
{ "type": "Feature", "properties": { "ID": 0, "NAME": "Vudzi", "X_Coord": 30.588, "Y_Coord": -19.6909 }, "geometry": { "type": "Point", "coordinates": [ 30.587998612144073, -19.690869311033975 ] } },
{ "type": "Feature", "properties": { "ID": 0, "NAME": "Chapwanya", "X_Coord": 30.6145, "Y_Coord": -19.6708 }, "geometry": { "type": "Point", "coordinates": [ 30.614474964374121, -19.670834142721326 ] } },
{ "type": "Feature", "properties": { "ID": 0, "NAME": null, "X_Coord": 30.6107, "Y_Coord": -19.5782 }, "geometry": { "type": "Point", "coordinates": [ 30.610676565282031, -19.578151601562489 ] } },
{ "type": "Feature", "properties": { "ID": 0, "NAME": "Nyamandi", "X_Coord": 30.639, "Y_Coord": -19.612 }, "geometry": { "type": "Point", "coordinates": [ 30.639023158690545, -19.612031519524407 ] } },
{ "type": "Feature", "properties": { "ID": 0, "NAME": "St Josephs' Hama", "X_Coord": 30.6273, "Y_Coord": -19.7329 }, "geometry": { "type": "Point", "coordinates": [ 30.627289202063352, -19.732904003420082 ] } },
{ "type": "Feature", "properties": { "ID": 0, "NAME": "Rupwepwe", "X_Coord": 30.6771, "Y_Coord": -19.7707 }, "geometry": { "type": "Point", "coordinates": [ 30.677089462474633, -19.770737772786642 ] } },
{ "type": "Feature", "properties": { "ID": 0, "NAME": "Govere", "X_Coord": 30.6687, "Y_Coord": -19.7141 }, "geometry": { "type": "Point", "coordinates": [ 30.668703776701665, -19.714119437094851 ] } },
{ "type": "Feature", "properties": { "ID": 0, "NAME": "Nyautongwe", "X_Coord": 30.6743, "Y_Coord": -19.6483 }, "geometry": { "type": "Point", "coordinates": [ 30.674294537788196, -19.648345352800451 ] } },
{ "type": "Feature", "properties": { "ID": 0, "NAME": "Mazvimba", "X_Coord": 30.6647, "Y_Coord": -19.585 }, "geometry": { "type": "Point", "coordinates": [ 30.664748211444167, -19.584962255729828 ] } },
{ "type": "Feature", "properties": { "ID": 0, "NAME": "Muwani", "X_Coord": 30.6586, "Y_Coord": -19.5534 }, "geometry": { "type": "Point", "coordinates": [ 30.658639832996442, -19.55337442218481 ] } },
{ "type": "Feature", "properties": { "ID": 0, "NAME": "Chizvinire", "X_Coord": 30.5197, "Y_Coord": -19.8186 }, "geometry": { "type": "Point", "coordinates": [ 30.519694548331326, -19.818581880752362 ] } },
{ "type": "Feature", "properties": { "ID": 0, "NAME": "Chinyuchi", "X_Coord": 30.573, "Y_Coord": -19.8428 }, "geometry": { "type": "Point", "coordinates": [ 30.572994833607034, -19.842764962041894 ] } },
{ "type": "Feature", "properties": { "ID": 0, "NAME": "Mashamba", "X_Coord": 30.6151, "Y_Coord": -19.8358 }, "geometry": { "type": "Point", "coordinates": [ 30.615142474668122, -19.835783189975245 ] } },
{ "type": "Feature", "properties": { "ID": 0, "NAME": "Shashe", "X_Coord": 30.6659, "Y_Coord": -19.8341 }, "geometry": { "type": "Point", "coordinates": [ 30.6658720748786, -19.834086113881082 ] } },
{ "type": "Feature", "properties": { "ID": 0, "NAME": "Driefontein", "X_Coord": 30.6733, "Y_Coord": -19.4169 }, "geometry": { "type": "Point", "coordinates": [ 30.673283321974171, -19.416872514671031 ] } },
{ "type": "Feature", "properties": { "ID": 0, "NAME": "Chaka", "X_Coord": 30.6855, "Y_Coord": -19.5218 }, "geometry": { "type": "Point", "coordinates": [ 30.685519188017842, -19.52178509361168 ] } },
{ "type": "Feature", "properties": { "ID": 0, "NAME": "Alen Redefern", "X_Coord": 27.7773, "Y_Coord": -20.4859 }, "geometry": { "type": "Point", "coordinates": [ 27.777309063614574, -20.485908662578147 ] } },
{ "type": "Feature", "properties": { "ID": 0, "NAME": "Dingumuzi", "X_Coord": 27.81, "Y_Coord": -20.523 }, "geometry": { "type": "Point", "coordinates": [ 27.809980451126485, -20.523023580413799 ] } },
{ "type": "Feature", "properties": { "ID": 0, "NAME": "Vaka", "X_Coord": 27.7375, "Y_Coord": -20.5459 }, "geometry": { "type": "Point", "coordinates": [ 27.737527697876303, -20.545868787241009 ] } },
{ "type": "Feature", "properties": { "ID": 0, "NAME": "Zimnyama", "X_Coord": 27.7747, "Y_Coord": -20.5622 }, "geometry": { "type": "Point", "coordinates": [ 27.7746501895348, -20.562240021810926 ] } },
{ "type": "Feature", "properties": { "ID": 0, "NAME": "Matole", "X_Coord": 27.8506, "Y_Coord": -20.591 }, "geometry": { "type": "Point", "coordinates": [ 27.850573141667077, -20.590990902360971 ] } },
{ "type": "Feature", "properties": { "ID": 0, "NAME": "Mkayeni", "X_Coord": 27.917, "Y_Coord": -20.6402 }, "geometry": { "type": "Point", "coordinates": [ 27.917017247697643, -20.640180457729471 ] } },
{ "type": "Feature", "properties": { "ID": 0, "NAME": "Silima", "X_Coord": 27.8427, "Y_Coord": -20.6517 }, "geometry": { "type": "Point", "coordinates": [ 27.842711346734252, -20.651726612580187 ] } },
{ "type": "Feature", "properties": { "ID": 0, "NAME": "Empandeni Mission", "X_Coord": 27.8865, "Y_Coord": -20.6621 }, "geometry": { "type": "Point", "coordinates": [ 27.886456219463486, -20.66209464522737 ] } },
{ "type": "Feature", "properties": { "ID": 0, "NAME": "Kwite", "X_Coord": 27.9688, "Y_Coord": -20.6921 }, "geometry": { "type": "Point", "coordinates": [ 27.968811133051805, -20.692086250122742 ] } },
{ "type": "Feature", "properties": { "ID": 0, "NAME": "Mhlotshana", "X_Coord": 27.9703, "Y_Coord": -20.7435 }, "geometry": { "type": "Point", "coordinates": [ 27.970277684667014, -20.743452638951265 ] } },
{ "type": "Feature", "properties": { "ID": 0, "NAME": "Osabeni", "X_Coord": 27.7202, "Y_Coord": -20.6638 }, "geometry": { "type": "Point", "coordinates": [ 27.720228752527429, -20.663784509841207 ] } },
{ "type": "Feature", "properties": { "ID": 0, "NAME": "Khahlu", "X_Coord": 27.7427, "Y_Coord": -20.7251 }, "geometry": { "type": "Point", "coordinates": [ 27.742667469418343, -20.725147995712298 ] } },
{ "type": "Feature", "properties": { "ID": 0, "NAME": "Embakwe Mission", "X_Coord": 27.8456, "Y_Coord": -20.7599 }, "geometry": { "type": "Point", "coordinates": [ 27.845643241714331, -20.759947149562109 ] } },
{ "type": "Feature", "properties": { "ID": 0, "NAME": "Marula", "X_Coord": 28.0645, "Y_Coord": -20.4888 }, "geometry": { "type": "Point", "coordinates": [ 28.064495359627408, -20.488798331424373 ] } },
{ "type": "Feature", "properties": { "ID": 0, "NAME": "Lydeard", "X_Coord": 28.1226, "Y_Coord": -20.6087 }, "geometry": { "type": "Point", "coordinates": [ 28.122572486181213, -20.608705331233143 ] } },
{ "type": "Feature", "properties": { "ID": 0, "NAME": "Keme", "X_Coord": 28.0839, "Y_Coord": -21.0673 }, "geometry": { "type": "Point", "coordinates": [ 28.083857625459391, -21.067321135814009 ] } },
{ "type": "Feature", "properties": { "ID": 0, "NAME": "Sansukwi", "X_Coord": 28.0088, "Y_Coord": -21.0892 }, "geometry": { "type": "Point", "coordinates": [ 28.008767907219344, -21.089214618382719 ] } },
{ "type": "Feature", "properties": { "ID": 0, "NAME": "Tshingababili", "X_Coord": 27.781, "Y_Coord": -21.0179 }, "geometry": { "type": "Point", "coordinates": [ 27.780953307741289, -21.017936645555835 ] } },
{ "type": "Feature", "properties": { "ID": 0, "NAME": "Makuzeze", "X_Coord": 27.791, "Y_Coord": -20.9591 }, "geometry": { "type": "Point", "coordinates": [ 27.79102250861132, -20.95907572976007 ] } },
{ "type": "Feature", "properties": { "ID": 0, "NAME": "Tshitshi", "X_Coord": 27.7203, "Y_Coord": -20.9913 }, "geometry": { "type": "Point", "coordinates": [ 27.720320676805603, -20.991260124988905 ] } },
{ "type": "Feature", "properties": { "ID": 0, "NAME": "Bulu", "X_Coord": 27.8383, "Y_Coord": -21.1365 }, "geometry": { "type": "Point", "coordinates": [ 27.838305397010522, -21.136510192434578 ] } },
{ "type": "Feature", "properties": { "ID": 0, "NAME": "Makubu", "X_Coord": 27.9447, "Y_Coord": -21.1546 }, "geometry": { "type": "Point", "coordinates": [ 27.944666251834239, -21.154627398136373 ] } },
{ "type": "Feature", "properties": { "ID": 0, "NAME": "Patse", "X_Coord": 27.861, "Y_Coord": -21.1804 }, "geometry": { "type": "Point", "coordinates": [ 27.86096947529656, -21.180440709458868 ] } },
{ "type": "Feature", "properties": { "ID": 0, "NAME": "Mabuledi", "X_Coord": 27.9, "Y_Coord": -21.2276 }, "geometry": { "type": "Point", "coordinates": [ 27.900050050560321, -21.227560000863324 ] } },
{ "type": "Feature", "properties": { "ID": 0, "NAME": "Nkedile", "X_Coord": 27.9481, "Y_Coord": -21.199 }, "geometry": { "type": "Point", "coordinates": [ 27.948069212897938, -21.198998669604276 ] } },
{ "type": "Feature", "properties": { "ID": 0, "NAME": "Brunapeg", "X_Coord": 28.033, "Y_Coord": -21.1451 }, "geometry": { "type": "Point", "coordinates": [ 28.03303125845175, -21.145133555365796 ] } },
{ "type": "Feature", "properties": { "ID": 0, "NAME": "Sangulube", "X_Coord": 28.0598, "Y_Coord": -21.1964 }, "geometry": { "type": "Point", "coordinates": [ 28.059834044755846, -21.196396707401671 ] } },
{ "type": "Feature", "properties": { "ID": 0, "NAME": "Hobodo", "X_Coord": 28.1014, "Y_Coord": -21.2991 }, "geometry": { "type": "Point", "coordinates": [ 28.101385208612083, -21.299052566251216 ] } },
{ "type": "Feature", "properties": { "ID": 0, "NAME": "Hlanganani", "X_Coord": 28.1549, "Y_Coord": -21.2296 }, "geometry": { "type": "Point", "coordinates": [ 28.154913098683608, -21.229618995610366 ] } },
{ "type": "Feature", "properties": { "ID": 0, "NAME": "Bango", "X_Coord": 28.1991, "Y_Coord": -21.2721 }, "geometry": { "type": "Point", "coordinates": [ 28.199095343749878, -21.272062696810924 ] } },
{ "type": "Feature", "properties": { "ID": 0, "NAME": "Mayobodo", "X_Coord": 28.1631, "Y_Coord": -21.3729 }, "geometry": { "type": "Point", "coordinates": [ 28.163090878580469, -21.372943287062892 ] } },
{ "type": "Feature", "properties": { "ID": 0, "NAME": "Maninji", "X_Coord": 28.0693, "Y_Coord": -21.3774 }, "geometry": { "type": "Point", "coordinates": [ 28.069295062461649, -21.377404526706922 ] } },
{ "type": "Feature", "properties": { "ID": 0, "NAME": "Ngulubeni", "X_Coord": 27.9861, "Y_Coord": -21.4138 }, "geometry": { "type": "Point", "coordinates": [ 27.986095675392185, -21.413841153953886 ] } },
{ "type": "Feature", "properties": { "ID": 0, "NAME": "Makorokoro", "X_Coord": 28.1002, "Y_Coord": -21.4811 }, "geometry": { "type": "Point", "coordinates": [ 28.100159665095603, -21.481110510788799 ] } },
{ "type": "Feature", "properties": { "ID": 0, "NAME": "Mkologwe", "X_Coord": 28.2171, "Y_Coord": -21.5375 }, "geometry": { "type": "Point", "coordinates": [ 28.217052778287304, -21.537485525257164 ] } },
{ "type": "Feature", "properties": { "ID": 0, "NAME": "Matsheamhlope", "X_Coord": 28.3058, "Y_Coord": -21.5579 }, "geometry": { "type": "Point", "coordinates": [ 28.305808437702545, -21.557856377822358 ] } },
{ "type": "Feature", "properties": { "ID": 0, "NAME": "Mambale", "X_Coord": 28.3253, "Y_Coord": -21.4903 }, "geometry": { "type": "Point", "coordinates": [ 28.32530659026266, -21.490313954806837 ] } },
{ "type": "Feature", "properties": { "ID": 0, "NAME": "Madabe", "X_Coord": 27.7447, "Y_Coord": -20.7986 }, "geometry": { "type": "Point", "coordinates": [ 27.744658950522098, -20.798607393472711 ] } },
{ "type": "Feature", "properties": { "ID": 0, "NAME": "Ngwanyana", "X_Coord": 27.703, "Y_Coord": -20.8752 }, "geometry": { "type": "Point", "coordinates": [ 27.702986561669906, -20.875240376484175 ] } },
{ "type": "Feature", "properties": { "ID": 0, "NAME": "Dupute", "X_Coord": 27.2745, "Y_Coord": -19.8511 }, "geometry": { "type": "Point", "coordinates": [ 27.274542288079846, -19.851142612059672 ] } },
{ "type": "Feature", "properties": { "ID": 0, "NAME": "Makhulela", "X_Coord": 27.224, "Y_Coord": -19.887 }, "geometry": { "type": "Point", "coordinates": [ 27.22401626619542, -19.887037291455766 ] } },
{ "type": "Feature", "properties": { "ID": 0, "NAME": "Butshe", "X_Coord": 27.2621, "Y_Coord": -19.8758 }, "geometry": { "type": "Point", "coordinates": [ 27.262094001193109, -19.875776795554827 ] } },
{ "type": "Feature", "properties": { "ID": 0, "NAME": "Zuzaphi", "X_Coord": 27.3755, "Y_Coord": -19.8819 }, "geometry": { "type": "Point", "coordinates": [ 27.37551008775521, -19.881904596592793 ] } },
{ "type": "Feature", "properties": { "ID": 0, "NAME": "Huwana", "X_Coord": 27.502, "Y_Coord": -19.8691 }, "geometry": { "type": "Point", "coordinates": [ 27.502033440994207, -19.869087674169538 ] } },
{ "type": "Feature", "properties": { "ID": 0, "NAME": "Ndolwane", "X_Coord": 27.3457, "Y_Coord": -19.9232 }, "geometry": { "type": "Point", "coordinates": [ 27.345680921485393, -19.923229319924808 ] } },
{ "type": "Feature", "properties": { "ID": 0, "NAME": "Khame", "X_Coord": 27.4526, "Y_Coord": -19.9461 }, "geometry": { "type": "Point", "coordinates": [ 27.452559564454582, -19.946129501171239 ] } },
{ "type": "Feature", "properties": { "ID": 0, "NAME": "Manguba", "X_Coord": 27.5298, "Y_Coord": -19.9733 }, "geometry": { "type": "Point", "coordinates": [ 27.529834725248012, -19.97329354224296 ] } },
{ "type": "Feature", "properties": { "ID": 0, "NAME": "Gala", "X_Coord": 27.5524, "Y_Coord": -19.9928 }, "geometry": { "type": "Point", "coordinates": [ 27.552386193208537, -19.992806972016201 ] } },
{ "type": "Feature", "properties": { "ID": 0, "NAME": "Ntoli", "X_Coord": 27.6072, "Y_Coord": -20.0353 }, "geometry": { "type": "Point", "coordinates": [ 27.607150965725104, -20.035276640468439 ] } },
{ "type": "Feature", "properties": { "ID": 0, "NAME": "Kungubo", "X_Coord": 27.5325, "Y_Coord": -20.0402 }, "geometry": { "type": "Point", "coordinates": [ 27.532455191311982, -20.040204445814439 ] } },
{ "type": "Feature", "properties": { "ID": 0, "NAME": "Tsukuru", "X_Coord": 27.3814, "Y_Coord": -20.01 }, "geometry": { "type": "Point", "coordinates": [ 27.381377586320379, -20.009977844396683 ] } },
{ "type": "Feature", "properties": { "ID": 0, "NAME": "Gonde", "X_Coord": 27.4923, "Y_Coord": -20.085 }, "geometry": { "type": "Point", "coordinates": [ 27.492269837489289, -20.08499006044536 ] } },
{ "type": "Feature", "properties": { "ID": 0, "NAME": "Masendu", "X_Coord": 27.5336, "Y_Coord": -20.13 }, "geometry": { "type": "Point", "coordinates": [ 27.533582959784475, -20.130032548720738 ] } },
{ "type": "Feature", "properties": { "ID": 0, "NAME": "Mbimba", "X_Coord": 27.2473, "Y_Coord": -20.0155 }, "geometry": { "type": "Point", "coordinates": [ 27.24725858703561, -20.015511727931624 ] } },
{ "type": "Feature", "properties": { "ID": 0, "NAME": "Bambadzi", "X_Coord": 27.2306, "Y_Coord": -20.0833 }, "geometry": { "type": "Point", "coordinates": [ 27.230596695075558, -20.083255466291092 ] } },
{ "type": "Feature", "properties": { "ID": 0, "NAME": "Hingwe", "X_Coord": 27.2861, "Y_Coord": -20.1305 }, "geometry": { "type": "Point", "coordinates": [ 27.286085920801966, -20.130540879371981 ] } },
{ "type": "Feature", "properties": { "ID": 0, "NAME": "Madlambuzi", "X_Coord": 27.4218, "Y_Coord": -20.1768 }, "geometry": { "type": "Point", "coordinates": [ 27.421802410053079, -20.17680683285904 ] } },
{ "type": "Feature", "properties": { "ID": 0, "NAME": "Mangubo", "X_Coord": 27.3595, "Y_Coord": -20.192 }, "geometry": { "type": "Point", "coordinates": [ 27.359503622309632, -20.191961728108328 ] } },
{ "type": "Feature", "properties": { "ID": 0, "NAME": "Malopa", "X_Coord": 27.407, "Y_Coord": -20.2571 }, "geometry": { "type": "Point", "coordinates": [ 27.406963065086835, -20.25707554594829 ] } },
{ "type": "Feature", "properties": { "ID": 0, "NAME": "Mboma", "X_Coord": 27.477, "Y_Coord": -20.2616 }, "geometry": { "type": "Point", "coordinates": [ 27.477003014094496, -20.2616012242481 ] } },
{ "type": "Feature", "properties": { "ID": 0, "NAME": "Nopemano", "X_Coord": 27.5935, "Y_Coord": -20.1776 }, "geometry": { "type": "Point", "coordinates": [ 27.593509259359934, -20.177640626279377 ] } },
{ "type": "Feature", "properties": { "ID": 0, "NAME": "Makumbi", "X_Coord": 27.6568, "Y_Coord": -20.1605 }, "geometry": { "type": "Point", "coordinates": [ 27.656845931200003, -20.160548653771986 ] } },
{ "type": "Feature", "properties": { "ID": 0, "NAME": "Tokwana", "X_Coord": 27.6475, "Y_Coord": -20.2406 }, "geometry": { "type": "Point", "coordinates": [ 27.647490746335702, -20.240560715015857 ] } },
{ "type": "Feature", "properties": { "ID": 0, "NAME": "Malalume", "X_Coord": 27.4303, "Y_Coord": -20.2835 }, "geometry": { "type": "Point", "coordinates": [ 27.430342214745533, -20.283470004436424 ] } },
{ "type": "Feature", "properties": { "ID": 0, "NAME": "Mafeha", "X_Coord": 27.3794, "Y_Coord": -20.3068 }, "geometry": { "type": "Point", "coordinates": [ 27.3793897456267, -20.306808590200788 ] } },
{ "type": "Feature", "properties": { "ID": 0, "NAME": "Matjinge", "X_Coord": 27.7374, "Y_Coord": -20.1986 }, "geometry": { "type": "Point", "coordinates": [ 27.73737818603589, -20.198592719036654 ] } },
{ "type": "Feature", "properties": { "ID": 0, "NAME": "Phumuza", "X_Coord": 27.8005, "Y_Coord": -20.214 }, "geometry": { "type": "Point", "coordinates": [ 27.800493067638296, -20.213992589736847 ] } },
{ "type": "Feature", "properties": { "ID": 0, "NAME": "Bezu", "X_Coord": 27.8764, "Y_Coord": -20.2427 }, "geometry": { "type": "Point", "coordinates": [ 27.87641601977057, -20.242743470286896 ] } },
{ "type": "Feature", "properties": { "ID": 0, "NAME": "Ngwana", "X_Coord": 27.7476, "Y_Coord": -20.2818 }, "geometry": { "type": "Point", "coordinates": [ 27.747612131317286, -20.281848285614313 ] } },
{ "type": "Feature", "properties": { "ID": 0, "NAME": "Nyele", "X_Coord": 27.6915, "Y_Coord": -20.2706 }, "geometry": { "type": "Point", "coordinates": [ 27.691476569992108, -20.270619367975861 ] } },
{ "type": "Feature", "properties": { "ID": 0, "NAME": "Tjehanga", "X_Coord": 27.7112, "Y_Coord": -20.3319 }, "geometry": { "type": "Point", "coordinates": [ 27.711209884041622, -20.331926802449459 ] } },
{ "type": "Feature", "properties": { "ID": 0, "NAME": "Kandane", "X_Coord": 27.7982, "Y_Coord": -20.3055 }, "geometry": { "type": "Point", "coordinates": [ 27.798165864739573, -20.305543911171156 ] } },
{ "type": "Feature", "properties": { "ID": 0, "NAME": "Gwambe", "X_Coord": 27.8302, "Y_Coord": -20.3389 }, "geometry": { "type": "Point", "coordinates": [ 27.830186041064245, -20.338921435795765 ] } },
{ "type": "Feature", "properties": { "ID": 0, "NAME": "Mlomwe", "X_Coord": 27.9017, "Y_Coord": -20.2966 }, "geometry": { "type": "Point", "coordinates": [ 27.901662752834937, -20.296615721127456 ] } },
{ "type": "Feature", "properties": { "ID": 0, "NAME": "Mnigau", "X_Coord": 27.624, "Y_Coord": -20.3362 }, "geometry": { "type": "Point", "coordinates": [ 27.624013821882723, -20.336159776592748 ] } },
{ "type": "Feature", "properties": { "ID": 0, "NAME": "Tjompani", "X_Coord": 27.6036, "Y_Coord": -20.3644 }, "geometry": { "type": "Point", "coordinates": [ 27.603603910194547, -20.364424684677804 ] } },
{ "type": "Feature", "properties": { "ID": 0, "NAME": "Diba", "X_Coord": 27.826, "Y_Coord": -20.371 }, "geometry": { "type": "Point", "coordinates": [ 27.825960660202878, -20.371044719265498 ] } },
{ "type": "Feature", "properties": { "ID": 0, "NAME": "Tshangwa", "X_Coord": 27.8697, "Y_Coord": -20.375 }, "geometry": { "type": "Point", "coordinates": [ 27.869747140900834, -20.374971666476018 ] } },
{ "type": "Feature", "properties": { "ID": 0, "NAME": "Sevako", "X_Coord": 27.5539, "Y_Coord": -20.3604 }, "geometry": { "type": "Point", "coordinates": [ 27.5538655432455, -20.360374424392809 ] } },
{ "type": "Feature", "properties": { "ID": 0, "NAME": "Male", "X_Coord": 27.6758, "Y_Coord": -20.4298 }, "geometry": { "type": "Point", "coordinates": [ 27.675780994034511, -20.42983843083389 ] } },
{ "type": "Feature", "properties": { "ID": 0, "NAME": "Mathambo", "X_Coord": 27.6468, "Y_Coord": -20.4499 }, "geometry": { "type": "Point", "coordinates": [ 27.646823247474686, -20.449873535590427 ] } },
{ "type": "Feature", "properties": { "ID": 0, "NAME": "Thekwane Mission", "X_Coord": 27.7742, "Y_Coord": -20.3956 }, "geometry": { "type": "Point", "coordinates": [ 27.774209120887214, -20.395640516568484 ] } },
{ "type": "Feature", "properties": { "ID": 0, "NAME": "Nyabane", "X_Coord": 27.9637, "Y_Coord": -20.3945 }, "geometry": { "type": "Point", "coordinates": [ 27.963655728673636, -20.394532590107332 ] } },
{ "type": "Feature", "properties": { "ID": 0, "NAME": "Usher Mission", "X_Coord": 28.2419, "Y_Coord": -20.3912 }, "geometry": { "type": "Point", "coordinates": [ 28.241948265498497, -20.391231426236679 ] } },
{ "type": "Feature", "properties": { "ID": 0, "NAME": "Ntunungwe", "X_Coord": 27.9588, "Y_Coord": -20.2344 }, "geometry": { "type": "Point", "coordinates": [ 27.958797083925361, -20.234384384199853 ] } },
{ "type": "Feature", "properties": { "ID": 0, "NAME": "Mayembe", "X_Coord": 27.9791, "Y_Coord": -20.1724 }, "geometry": { "type": "Point", "coordinates": [ 27.979124254595067, -20.172397053123479 ] } },
{ "type": "Feature", "properties": { "ID": 0, "NAME": "Balule", "X_Coord": 27.9513, "Y_Coord": -20.1059 }, "geometry": { "type": "Point", "coordinates": [ 27.951343140909369, -20.105889940172069 ] } },
{ "type": "Feature", "properties": { "ID": 0, "NAME": "Nswazi", "X_Coord": 27.349, "Y_Coord": -20.3652 }, "geometry": { "type": "Point", "coordinates": [ 27.349032761964988, -20.365150019027251 ] } },
{ "type": "Feature", "properties": { "ID": 0, "NAME": "Mbwenda", "X_Coord": 27.4654, "Y_Coord": -20.4204 }, "geometry": { "type": "Point", "coordinates": [ 27.465355650799108, -20.420441004637755 ] } },
{ "type": "Feature", "properties": { "ID": 0, "NAME": "Mbimba II", "X_Coord": 27.1937, "Y_Coord": -20.0262 }, "geometry": { "type": "Point", "coordinates": [ 27.193696056877442, -20.026160456377092 ] } },
{ "type": "Feature", "properties": { "ID": 0, "NAME": "Masotsha", "X_Coord": 28.3148, "Y_Coord": -20.367 }, "geometry": { "type": "Point", "coordinates": [ 28.314831523260899, -20.367022461764442 ] } },
{ "type": "Feature", "properties": { "ID": 0, "NAME": "Sinotsi", "X_Coord": 27.6895, "Y_Coord": -20.1098 }, "geometry": { "type": "Point", "coordinates": [ 27.689476440416929, -20.109800244451208 ] } },
{ "type": "Feature", "properties": { "ID": 0, "NAME": "Gambo", "X_Coord": 27.6537, "Y_Coord": -20.0592 }, "geometry": { "type": "Point", "coordinates": [ 27.653695596914417, -20.059184499287127 ] } },
{ "type": "Feature", "properties": { "ID": 0, "NAME": "Madende", "X_Coord": 29.1807, "Y_Coord": -20.385 }, "geometry": { "type": "Point", "coordinates": [ 29.180693256337715, -20.385012997135611 ] } },
{ "type": "Feature", "properties": { "ID": 0, "NAME": "Kumbudzi", "X_Coord": 28.9023, "Y_Coord": -20.6372 }, "geometry": { "type": "Point", "coordinates": [ 28.902308206326701, -20.637219784989657 ] } },
{ "type": "Feature", "properties": { "ID": 0, "NAME": "Sigiti", "X_Coord": 28.7908, "Y_Coord": -20.5754 }, "geometry": { "type": "Point", "coordinates": [ 28.790751067838325, -20.575424683353329 ] } },
{ "type": "Feature", "properties": { "ID": 0, "NAME": "Dula", "X_Coord": 28.8046, "Y_Coord": -20.6227 }, "geometry": { "type": "Point", "coordinates": [ 28.804645694740287, -20.622703460600469 ] } },
{ "type": "Feature", "properties": { "ID": 0, "NAME": "Impu", "X_Coord": 28.8425, "Y_Coord": -20.662 }, "geometry": { "type": "Point", "coordinates": [ 28.84249590802623, -20.662044413666628 ] } },
{ "type": "Feature", "properties": { "ID": 0, "NAME": "Zhilo", "X_Coord": 28.8732, "Y_Coord": -20.537 }, "geometry": { "type": "Point", "coordinates": [ 28.87323436172581, -20.536975434781439 ] } },
{ "type": "Feature", "properties": { "ID": 0, "NAME": "Bezha", "X_Coord": 28.9063, "Y_Coord": -20.5633 }, "geometry": { "type": "Point", "coordinates": [ 28.906258916665507, -20.563317703204234 ] } },
{ "type": "Feature", "properties": { "ID": 0, "NAME": "Munkula", "X_Coord": 28.947, "Y_Coord": -20.6088 }, "geometry": { "type": "Point", "coordinates": [ 28.947033504890264, -20.608833400721849 ] } },
{ "type": "Feature", "properties": { "ID": 0, "NAME": "Swazi", "X_Coord": 28.9941, "Y_Coord": -20.5647 }, "geometry": { "type": "Point", "coordinates": [ 28.994116465191173, -20.564718371394687 ] } },
{ "type": "Feature", "properties": { "ID": 0, "NAME": "Silobi", "X_Coord": 28.7804, "Y_Coord": -20.525 }, "geometry": { "type": "Point", "coordinates": [ 28.780355425151885, -20.524987489900283 ] } },
{ "type": "Feature", "properties": { "ID": 0, "NAME": "Irisvale", "X_Coord": 29.0712, "Y_Coord": -20.5251 }, "geometry": { "type": "Point", "coordinates": [ 29.07122247791747, -20.525139820225522 ] } },
{ "type": "Feature", "properties": { "ID": 0, "NAME": "Nonkwane", "X_Coord": 28.9931, "Y_Coord": -20.5119 }, "geometry": { "type": "Point", "coordinates": [ 28.993097978631781, -20.511857218658466 ] } },
{ "type": "Feature", "properties": { "ID": 0, "NAME": "Longfield", "X_Coord": 28.9591, "Y_Coord": -20.5052 }, "geometry": { "type": "Point", "coordinates": [ 28.959124295790392, -20.505208489992018 ] } },
{ "type": "Feature", "properties": { "ID": 0, "NAME": "Tshalimbe", "X_Coord": 28.8991, "Y_Coord": -20.4427 }, "geometry": { "type": "Point", "coordinates": [ 28.899090861304682, -20.442660582483597 ] } },
{ "type": "Feature", "properties": { "ID": 0, "NAME": "Shale", "X_Coord": 28.8448, "Y_Coord": -20.4703 }, "geometry": { "type": "Point", "coordinates": [ 28.844828530382017, -20.47030275604024 ] } },
{ "type": "Feature", "properties": { "ID": 0, "NAME": "Shaw II T.D.", "X_Coord": 29.0305, "Y_Coord": -20.4506 }, "geometry": { "type": "Point", "coordinates": [ 29.030496698331024, -20.450602801168188 ] } },
{ "type": "Feature", "properties": { "ID": 0, "NAME": "Mawabeni", "X_Coord": 28.9846, "Y_Coord": -20.3993 }, "geometry": { "type": "Point", "coordinates": [ 28.984647676517461, -20.399270277057745 ] } },
{ "type": "Feature", "properties": { "ID": 0, "NAME": "Mlomoliwoto", "X_Coord": 28.9442, "Y_Coord": -20.4202 }, "geometry": { "type": "Point", "coordinates": [ 28.944215518195847, -20.420167547967583 ] } },
{ "type": "Feature", "properties": { "ID": 0, "NAME": "Mzinyathini Mission", "X_Coord": 28.9103, "Y_Coord": -20.387 }, "geometry": { "type": "Point", "coordinates": [ 28.910346713052441, -20.386977734882713 ] } },
{ "type": "Feature", "properties": { "ID": 0, "NAME": "Matshetshe", "X_Coord": 28.9738, "Y_Coord": -20.3624 }, "geometry": { "type": "Point", "coordinates": [ 28.973791654988016, -20.362402515007979 ] } },
{ "type": "Feature", "properties": { "ID": 0, "NAME": "Doyana", "X_Coord": 28.8203, "Y_Coord": -20.3481 }, "geometry": { "type": "Point", "coordinates": [ 28.820343623315267, -20.348081832881796 ] } },
{ "type": "Feature", "properties": { "ID": 0, "NAME": "Bonjeni", "X_Coord": 28.8617, "Y_Coord": -20.3671 }, "geometry": { "type": "Point", "coordinates": [ 28.861723431363234, -20.367147932988004 ] } },
{ "type": "Feature", "properties": { "ID": 0, "NAME": "Sikhoveni", "X_Coord": 28.9029, "Y_Coord": -20.3326 }, "geometry": { "type": "Point", "coordinates": [ 28.902890993774253, -20.332633428355919 ] } },
{ "type": "Feature", "properties": { "ID": 0, "NAME": "Mtshede", "X_Coord": 28.823, "Y_Coord": -20.3132 }, "geometry": { "type": "Point", "coordinates": [ 28.822968841402663, -20.313185764361364 ] } },
{ "type": "Feature", "properties": { "ID": 0, "NAME": "Mvuthu", "X_Coord": 28.9611, "Y_Coord": -20.3083 }, "geometry": { "type": "Point", "coordinates": [ 28.961148575812057, -20.308340882965414 ] } },
{ "type": "Feature", "properties": { "ID": 0, "NAME": "How Mine", "X_Coord": 28.7862, "Y_Coord": -20.2933 }, "geometry": { "type": "Point", "coordinates": [ 28.786181861140044, -20.293257437448428 ] } },
{ "type": "Feature", "properties": { "ID": 0, "NAME": "Glen Grey", "X_Coord": 28.9309, "Y_Coord": -20.1198 }, "geometry": { "type": "Point", "coordinates": [ 28.930946623614268, -20.119803983480953 ] } },
{ "type": "Feature", "properties": { "ID": 0, "NAME": "Bayethe", "X_Coord": 29.093, "Y_Coord": -20.2317 }, "geometry": { "type": "Point", "coordinates": [ 29.093023466588669, -20.231660734209356 ] } },
{ "type": "Feature", "properties": { "ID": 0, "NAME": "Essexivale", "X_Coord": 28.9457, "Y_Coord": -20.2759 }, "geometry": { "type": "Point", "coordinates": [ 28.945700974017583, -20.275902243009423 ] } },
{ "type": "Feature", "properties": { "ID": 0, "NAME": "Carlisle", "X_Coord": 28.9715, "Y_Coord": -20.214 }, "geometry": { "type": "Point", "coordinates": [ 28.971454769709773, -20.214033364981645 ] } },
{ "type": "Feature", "properties": { "ID": 0, "NAME": "Sacred Heart", "X_Coord": 28.9319, "Y_Coord": -20.2083 }, "geometry": { "type": "Point", "coordinates": [ 28.931927856921625, -20.208331368832965 ] } },
{ "type": "Feature", "properties": { "ID": 0, "NAME": "Sigola", "X_Coord": 28.8078, "Y_Coord": -20.1467 }, "geometry": { "type": "Point", "coordinates": [ 28.807779334848505, -20.146724759810109 ] } },
{ "type": "Feature", "properties": { "ID": 0, "NAME": "Sihlengeni", "X_Coord": 28.7916, "Y_Coord": -20.192 }, "geometry": { "type": "Point", "coordinates": [ 28.79161968193986, -20.191964851411775 ] } },
{ "type": "Feature", "properties": { "ID": 0, "NAME": "Siphezini", "X_Coord": 28.8112, "Y_Coord": -20.231 }, "geometry": { "type": "Point", "coordinates": [ 28.811201275863841, -20.231028708576638 ] } },
{ "type": "Feature", "properties": { "ID": 0, "NAME": "Mbizingwe", "X_Coord": 28.7883, "Y_Coord": -20.4005 }, "geometry": { "type": "Point", "coordinates": [ 28.78830857439381, -20.400505438502076 ] } },
{ "type": "Feature", "properties": { "ID": 0, "NAME": "Nsezi", "X_Coord": 28.8433, "Y_Coord": -20.3847 }, "geometry": { "type": "Point", "coordinates": [ 28.843320079092106, -20.384676119267652 ] } },
{ "type": "Feature", "properties": { "ID": 0, "NAME": "Dobi", "X_Coord": 28.6955, "Y_Coord": -20.5073 }, "geometry": { "type": "Point", "coordinates": [ 28.695548831747146, -20.507324790881857 ] } },
{ "type": "Feature", "properties": { "ID": 0, "NAME": "Isotsha", "X_Coord": 28.7373, "Y_Coord": -20.5409 }, "geometry": { "type": "Point", "coordinates": [ 28.73733059580924, -20.540893416729926 ] } },
{ "type": "Feature", "properties": { "ID": 0, "NAME": "Samathonga", "X_Coord": 28.4985, "Y_Coord": -20.2592 }, "geometry": { "type": "Point", "coordinates": [ 28.498512979184742, -20.259163803886487 ] } },
{ "type": "Feature", "properties": { "ID": 0, "NAME": "Rhodes Matobos", "X_Coord": 28.5008, "Y_Coord": -20.3814 }, "geometry": { "type": "Point", "coordinates": [ 28.500833061163878, -20.381398684638739 ] } },
{ "type": "Feature", "properties": { "ID": 0, "NAME": "R.E.P.S", "X_Coord": 28.5085, "Y_Coord": -20.3807 }, "geometry": { "type": "Point", "coordinates": [ 28.508470948903376, -20.380651148196101 ] } },
{ "type": "Feature", "properties": { "ID": 0, "NAME": "Fort Usher", "X_Coord": 28.5929, "Y_Coord": -20.4057 }, "geometry": { "type": "Point", "coordinates": [ 28.592877426704497, -20.405732256660066 ] } },
{ "type": "Feature", "properties": { "ID": 0, "NAME": "Nyumbane", "X_Coord": 28.5723, "Y_Coord": -20.4643 }, "geometry": { "type": "Point", "coordinates": [ 28.572268397711667, -20.464332145116483 ] } },
{ "type": "Feature", "properties": { "ID": 0, "NAME": "Tohwe", "X_Coord": 28.6227, "Y_Coord": -20.4712 }, "geometry": { "type": "Point", "coordinates": [ 28.622681220223807, -20.471183175552202 ] } },
{ "type": "Feature", "properties": { "ID": 0, "NAME": "Lukadzi", "X_Coord": 28.657, "Y_Coord": -20.4411 }, "geometry": { "type": "Point", "coordinates": [ 28.657045450129306, -20.441102234235132 ] } },
{ "type": "Feature", "properties": { "ID": 0, "NAME": "Matopo", "X_Coord": 28.7296, "Y_Coord": -20.4582 }, "geometry": { "type": "Point", "coordinates": [ 28.729611047830808, -20.458155758625434 ] } },
{ "type": "Feature", "properties": { "ID": 0, "NAME": "Matopos", "X_Coord": 28.3657, "Y_Coord": -20.4512 }, "geometry": { "type": "Point", "coordinates": [ 28.365655716078582, -20.451211619734757 ] } },
{ "type": "Feature", "properties": { "ID": 0, "NAME": "Bazha", "X_Coord": 28.3176, "Y_Coord": -20.5787 }, "geometry": { "type": "Point", "coordinates": [ 28.317565807633709, -20.57867303034898 ] } },
{ "type": "Feature", "properties": { "ID": 0, "NAME": "Fumugwe", "X_Coord": 28.2564, "Y_Coord": -20.6611 }, "geometry": { "type": "Point", "coordinates": [ 28.256402817103989, -20.661123723321019 ] } },
{ "type": "Feature", "properties": { "ID": 0, "NAME": "Whitewaters", "X_Coord": 28.4795, "Y_Coord": -20.6223 }, "geometry": { "type": "Point", "coordinates": [ 28.479469203174986, -20.622300799461872 ] } },
{ "type": "Feature", "properties": { "ID": 0, "NAME": "Silozwi", "X_Coord": 28.5654, "Y_Coord": -20.5774 }, "geometry": { "type": "Point", "coordinates": [ 28.565420662912043, -20.577436034686066 ] } },
{ "type": "Feature", "properties": { "ID": 0, "NAME": "Mzhayimbe", "X_Coord": 28.3198, "Y_Coord": -20.6661 }, "geometry": { "type": "Point", "coordinates": [ 28.319794080440069, -20.666062084968413 ] } },
{ "type": "Feature", "properties": { "ID": 0, "NAME": "Halale", "X_Coord": 28.463, "Y_Coord": -20.6755 }, "geometry": { "type": "Point", "coordinates": [ 28.462998765462373, -20.675543380809501 ] } },
{ "type": "Feature", "properties": { "ID": 0, "NAME": "Nduna", "X_Coord": 28.544, "Y_Coord": -20.666 }, "geometry": { "type": "Point", "coordinates": [ 28.543970792597808, -20.665967275047286 ] } },
{ "type": "Feature", "properties": { "ID": 0, "NAME": "Mount Edgecombe", "X_Coord": 28.2968, "Y_Coord": -20.8155 }, "geometry": { "type": "Point", "coordinates": [ 28.29677547681796, -20.815546160937465 ] } },
{ "type": "Feature", "properties": { "ID": 0, "NAME": "Manyane", "X_Coord": 28.3602, "Y_Coord": -20.8416 }, "geometry": { "type": "Point", "coordinates": [ 28.360155721189436, -20.841557358657393 ] } },
{ "type": "Feature", "properties": { "ID": 0, "NAME": "Kezi", "X_Coord": 28.4374, "Y_Coord": -20.8986 }, "geometry": { "type": "Point", "coordinates": [ 28.437445783591556, -20.898640132241471 ] } },
{ "type": "Feature", "properties": { "ID": 0, "NAME": "Donkwe-Donkwe", "X_Coord": 28.3731, "Y_Coord": -20.9203 }, "geometry": { "type": "Point", "coordinates": [ 28.373055286747558, -20.920313741906789 ] } },
{ "type": "Feature", "properties": { "ID": 0, "NAME": "Lushumbe", "X_Coord": 28.6563, "Y_Coord": -20.5915 }, "geometry": { "type": "Point", "coordinates": [ 28.656316916561607, -20.591524314251835 ] } },
{ "type": "Feature", "properties": { "ID": 0, "NAME": "Gwandavale", "X_Coord": 28.7205, "Y_Coord": -20.639 }, "geometry": { "type": "Point", "coordinates": [ 28.720456237809934, -20.639032657183645 ] } },
{ "type": "Feature", "properties": { "ID": 0, "NAME": "Mangala", "X_Coord": 28.4344, "Y_Coord": -20.9557 }, "geometry": { "type": "Point", "coordinates": [ 28.434440136896907, -20.955724399104291 ] } },
{ "type": "Feature", "properties": { "ID": 0, "NAME": "Shashane", "X_Coord": 28.4912, "Y_Coord": -20.9346 }, "geometry": { "type": "Point", "coordinates": [ 28.491208923037398, -20.934589300354755 ] } },
{ "type": "Feature", "properties": { "ID": 0, "NAME": "Zamanyoni", "X_Coord": 28.3857, "Y_Coord": -21.0119 }, "geometry": { "type": "Point", "coordinates": [ 28.385690897197001, -21.011894346426708 ] } },
{ "type": "Feature", "properties": { "ID": 0, "NAME": "Silawa", "X_Coord": 28.5938, "Y_Coord": -21.0656 }, "geometry": { "type": "Point", "coordinates": [ 28.593803272949405, -21.06560491332953 ] } },
{ "type": "Feature", "properties": { "ID": 0, "NAME": "Ndabankulu", "X_Coord": 28.6174, "Y_Coord": -21.0933 }, "geometry": { "type": "Point", "coordinates": [ 28.617440139899887, -21.093277020139599 ] } },
{ "type": "Feature", "properties": { "ID": 0, "NAME": "Zwehamba", "X_Coord": 28.5462, "Y_Coord": -21.1047 }, "geometry": { "type": "Point", "coordinates": [ 28.546170547622815, -21.104693469572503 ] } },
{ "type": "Feature", "properties": { "ID": 0, "NAME": "Mahetshe", "X_Coord": 28.4665, "Y_Coord": -21.0815 }, "geometry": { "type": "Point", "coordinates": [ 28.466507871842385, -21.081521750602093 ] } },
{ "type": "Feature", "properties": { "ID": 0, "NAME": "Tjewondo", "X_Coord": 28.4109, "Y_Coord": -21.0827 }, "geometry": { "type": "Point", "coordinates": [ 28.410862423830327, -21.08272005082479 ] } },
{ "type": "Feature", "properties": { "ID": 0, "NAME": "Marinoha", "X_Coord": 28.3518, "Y_Coord": -21.0979 }, "geometry": { "type": "Point", "coordinates": [ 28.351790038160615, -21.097899712545559 ] } },
{ "type": "Feature", "properties": { "ID": 0, "NAME": "Lingwe", "X_Coord": 28.3972, "Y_Coord": -21.1471 }, "geometry": { "type": "Point", "coordinates": [ 28.397156647079285, -21.147063190357862 ] } },
{ "type": "Feature", "properties": { "ID": 0, "NAME": "Mbuya", "X_Coord": 28.4658, "Y_Coord": -21.1441 }, "geometry": { "type": "Point", "coordinates": [ 28.465760280797038, -21.144121887216169 ] } },
{ "type": "Feature", "properties": { "ID": 0, "NAME": "Gohole II", "X_Coord": 28.5077, "Y_Coord": -21.1648 }, "geometry": { "type": "Point", "coordinates": [ 28.507689996839158, -21.164812272146811 ] } },
{ "type": "Feature", "properties": { "ID": 0, "NAME": "Gohole I", "X_Coord": 28.5164, "Y_Coord": -21.1284 }, "geometry": { "type": "Point", "coordinates": [ 28.51644756430268, -21.128390817931013 ] } },
{ "type": "Feature", "properties": { "ID": 0, "NAME": "Dwaleni", "X_Coord": 28.5839, "Y_Coord": -21.1401 }, "geometry": { "type": "Point", "coordinates": [ 28.583911231237845, -21.14011360442413 ] } },
{ "type": "Feature", "properties": { "ID": 0, "NAME": "Mashumba", "X_Coord": 28.5585, "Y_Coord": -21.1788 }, "geometry": { "type": "Point", "coordinates": [ 28.558468450465718, -21.178808643931745 ] } },
{ "type": "Feature", "properties": { "ID": 0, "NAME": "Ratanyana", "X_Coord": 28.6127, "Y_Coord": -21.1882 }, "geometry": { "type": "Point", "coordinates": [ 28.612735934401037, -21.188186743144851 ] } },
{ "type": "Feature", "properties": { "ID": 0, "NAME": "Nhlupo", "X_Coord": 28.4223, "Y_Coord": -21.1959 }, "geometry": { "type": "Point", "coordinates": [ 28.422323024461463, -21.195929694214708 ] } },
{ "type": "Feature", "properties": { "ID": 0, "NAME": "Bidi", "X_Coord": 28.3305, "Y_Coord": -21.2001 }, "geometry": { "type": "Point", "coordinates": [ 28.330470436846134, -21.200103630389862 ] } },
{ "type": "Feature", "properties": { "ID": 0, "NAME": "Sontala", "X_Coord": 28.2778, "Y_Coord": -20.9662 }, "geometry": { "type": "Point", "coordinates": [ 28.277813550450361, -20.966220638417905 ] } },
{ "type": "Feature", "properties": { "ID": 0, "NAME": "Mloyi", "X_Coord": 28.3076, "Y_Coord": -20.9792 }, "geometry": { "type": "Point", "coordinates": [ 28.307549607946306, -20.979165313091567 ] } },
{ "type": "Feature", "properties": { "ID": 0, "NAME": "Mbembeswana", "X_Coord": 28.2611, "Y_Coord": -21.0406 }, "geometry": { "type": "Point", "coordinates": [ 28.261066432258751, -21.040563264597921 ] } },
{ "type": "Feature", "properties": { "ID": 0, "NAME": "Silonkwe", "X_Coord": 28.2184, "Y_Coord": -21.0133 }, "geometry": { "type": "Point", "coordinates": [ 28.218372905030161, -21.013301534576453 ] } },
{ "type": "Feature", "properties": { "ID": 0, "NAME": "St. Anna", "X_Coord": 28.3179, "Y_Coord": -21.1349 }, "geometry": { "type": "Point", "coordinates": [ 28.317877679129992, -21.134862864122304 ] } },
{ "type": "Feature", "properties": { "ID": 0, "NAME": "Guardian Angel", "X_Coord": 28.2359, "Y_Coord": -21.1344 }, "geometry": { "type": "Point", "coordinates": [ 28.235933525009045, -21.134431564259142 ] } },
{ "type": "Feature", "properties": { "ID": 0, "NAME": "St. Thomas", "X_Coord": 28.2462, "Y_Coord": -21.0731 }, "geometry": { "type": "Point", "coordinates": [ 28.246209789476854, -21.073090185953514 ] } },
{ "type": "Feature", "properties": { "ID": 0, "NAME": "Mbuso", "X_Coord": 28.3152, "Y_Coord": -21.0628 }, "geometry": { "type": "Point", "coordinates": [ 28.315192839983119, -21.0628209417623 ] } },
{ "type": "Feature", "properties": { "ID": 0, "NAME": "St Joseph's", "X_Coord": 28.2798, "Y_Coord": -21.2349 }, "geometry": { "type": "Point", "coordinates": [ 28.279787616024819, -21.234866006810758 ] } },
{ "type": "Feature", "properties": { "ID": 0, "NAME": "Nyashonkwe", "X_Coord": 28.3602, "Y_Coord": -21.2707 }, "geometry": { "type": "Point", "coordinates": [ 28.360238115403742, -21.270683360937277 ] } },
{ "type": "Feature", "properties": { "ID": 0, "NAME": "Mazwi", "X_Coord": 28.4783, "Y_Coord": -21.2928 }, "geometry": { "type": "Point", "coordinates": [ 28.478334071939233, -21.292836000477404 ] } },
{ "type": "Feature", "properties": { "ID": 0, "NAME": "Homestead", "X_Coord": 28.5412, "Y_Coord": -21.2464 }, "geometry": { "type": "Point", "coordinates": [ 28.54116622166978, -21.246403250828472 ] } },
{ "type": "Feature", "properties": { "ID": 0, "NAME": "Santa Maria", "X_Coord": 28.2482, "Y_Coord": -21.3426 }, "geometry": { "type": "Point", "coordinates": [ 28.248238575384114, -21.342628846639133 ] } },
{ "type": "Feature", "properties": { "ID": 0, "NAME": "St Lusieus", "X_Coord": 28.3086, "Y_Coord": -21.344 }, "geometry": { "type": "Point", "coordinates": [ 28.308579587779029, -21.343969844920913 ] } },
{ "type": "Feature", "properties": { "ID": 0, "NAME": "Saint Sebastian", "X_Coord": 28.3487, "Y_Coord": -21.3699 }, "geometry": { "type": "Point", "coordinates": [ 28.34868549281089, -21.369873192665597 ] } },
{ "type": "Feature", "properties": { "ID": 0, "NAME": "Mzila", "X_Coord": 28.3632, "Y_Coord": -21.4138 }, "geometry": { "type": "Point", "coordinates": [ 28.363208104137488, -21.4137620238747 ] } },
{ "type": "Feature", "properties": { "ID": 0, "NAME": "Tshelanyemba", "X_Coord": 28.4866, "Y_Coord": -21.3678 }, "geometry": { "type": "Point", "coordinates": [ 28.486552035537358, -21.367762345489883 ] } },
{ "type": "Feature", "properties": { "ID": 0, "NAME": "Sun Yet Sen", "X_Coord": 28.5335, "Y_Coord": -21.3352 }, "geometry": { "type": "Point", "coordinates": [ 28.533495034716779, -21.335232861501918 ] } },
{ "type": "Feature", "properties": { "ID": 0, "NAME": "Seula", "X_Coord": 28.3881, "Y_Coord": -21.5275 }, "geometry": { "type": "Point", "coordinates": [ 28.388058487411556, -21.527533299966908 ] } },
{ "type": "Feature", "properties": { "ID": 0, "NAME": "Beula", "X_Coord": 28.453, "Y_Coord": -21.5204 }, "geometry": { "type": "Point", "coordinates": [ 28.452980361555593, -21.520447266853115 ] } },
{ "type": "Feature", "properties": { "ID": 0, "NAME": "Lubhangwe", "X_Coord": 28.6619, "Y_Coord": -21.4417 }, "geometry": { "type": "Point", "coordinates": [ 28.661862919969064, -21.441700467709982 ] } },
{ "type": "Feature", "properties": { "ID": 0, "NAME": "Sihwaba", "X_Coord": 28.6787, "Y_Coord": -21.554 }, "geometry": { "type": "Point", "coordinates": [ 28.67869299760946, -21.554024138345255 ] } },
{ "type": "Feature", "properties": { "ID": 0, "NAME": "Emhlonhlweni", "X_Coord": 28.6565, "Y_Coord": -21.3883 }, "geometry": { "type": "Point", "coordinates": [ 28.656503748557743, -21.388277307223486 ] } },
{ "type": "Feature", "properties": { "ID": 0, "NAME": "Tuti II", "X_Coord": 28.6183, "Y_Coord": -21.3916 }, "geometry": { "type": "Point", "coordinates": [ 28.618314224039398, -21.391649002760985 ] } },
{ "type": "Feature", "properties": { "ID": 0, "NAME": "Paddock", "X_Coord": 28.5771, "Y_Coord": -21.3698 }, "geometry": { "type": "Point", "coordinates": [ 28.577063554129737, -21.369773842912554 ] } },
{ "type": "Feature", "properties": { "ID": 0, "NAME": "Sankonjane", "X_Coord": 28.7111, "Y_Coord": -21.4054 }, "geometry": { "type": "Point", "coordinates": [ 28.711119906713424, -21.405367404878277 ] } },
{ "type": "Feature", "properties": { "ID": 0, "NAME": "Kafusi", "X_Coord": 28.7039, "Y_Coord": -21.4753 }, "geometry": { "type": "Point", "coordinates": [ 28.703880142084124, -21.475285644871281 ] } },
{ "type": "Feature", "properties": { "ID": 0, "NAME": "Cobeni", "X_Coord": 28.7285, "Y_Coord": -21.5481 }, "geometry": { "type": "Point", "coordinates": [ 28.728498143890658, -21.548142436129989 ] } },
{ "type": "Feature", "properties": { "ID": 0, "NAME": "Tuti I", "X_Coord": 28.5804, "Y_Coord": -21.3279 }, "geometry": { "type": "Point", "coordinates": [ 28.58044078054132, -21.327925814648239 ] } },
{ "type": "Feature", "properties": { "ID": 0, "NAME": "Sinkamaswe", "X_Coord": 28.6498, "Y_Coord": -21.2955 }, "geometry": { "type": "Point", "coordinates": [ 28.649820428992467, -21.295522960170118 ] } },
{ "type": "Feature", "properties": { "ID": 0, "NAME": "Simpane", "X_Coord": 28.6329, "Y_Coord": -21.269 }, "geometry": { "type": "Point", "coordinates": [ 28.632912363833267, -21.268989126919895 ] } },
{ "type": "Feature", "properties": { "ID": 0, "NAME": "Rusibe", "X_Coord": 29.3191, "Y_Coord": -19.6681 }, "geometry": { "type": "Point", "coordinates": [ 29.319084957944682, -19.668148528452022 ] } },
{ "type": "Feature", "properties": { "ID": 0, "NAME": "Shangani", "X_Coord": 29.1733, "Y_Coord": -19.7255 }, "geometry": { "type": "Point", "coordinates": [ 29.173349186768675, -19.725509780670293 ] } },
{ "type": "Feature", "properties": { "ID": 0, "NAME": "T. M Pagama", "X_Coord": 29.3488, "Y_Coord": -19.7806 }, "geometry": { "type": "Point", "coordinates": [ 29.348762803952376, -19.780552047632444 ] } },
{ "type": "Feature", "properties": { "ID": 0, "NAME": "Pezulu", "X_Coord": 29.3631, "Y_Coord": -19.8147 }, "geometry": { "type": "Point", "coordinates": [ 29.363092056547444, -19.814696402038141 ] } },
{ "type": "Feature", "properties": { "ID": 0, "NAME": "St. Lucy", "X_Coord": 29.1188, "Y_Coord": -19.8725 }, "geometry": { "type": "Point", "coordinates": [ 29.118771896814163, -19.872491658812557 ] } },
{ "type": "Feature", "properties": { "ID": 0, "NAME": "Siyazama", "X_Coord": 28.9956, "Y_Coord": -19.8645 }, "geometry": { "type": "Point", "coordinates": [ 28.995618358363799, -19.864486015465694 ] } },
{ "type": "Feature", "properties": { "ID": 0, "NAME": "Inyozani", "X_Coord": 29.0588, "Y_Coord": -20.0036 }, "geometry": { "type": "Point", "coordinates": [ 29.058798980495691, -20.003611130506972 ] } },
{ "type": "Feature", "properties": { "ID": 0, "NAME": "St Paul", "X_Coord": 29.1924, "Y_Coord": -20.0126 }, "geometry": { "type": "Point", "coordinates": [ 29.192402249242846, -20.012607196810308 ] } },
{ "type": "Feature", "properties": { "ID": 0, "NAME": "St. Jones", "X_Coord": 29.2239, "Y_Coord": -20.07 }, "geometry": { "type": "Point", "coordinates": [ 29.223945510784056, -20.07000361765051 ] } },
{ "type": "Feature", "properties": { "ID": 0, "NAME": "Mqolweni", "X_Coord": 29.1973, "Y_Coord": -20.0971 }, "geometry": { "type": "Point", "coordinates": [ 29.197267679238774, -20.097125877459927 ] } },
{ "type": "Feature", "properties": { "ID": 0, "NAME": "Nhlanhla", "X_Coord": 29.109, "Y_Coord": -20.1553 }, "geometry": { "type": "Point", "coordinates": [ 29.109012113823564, -20.15532714048555 ] } },
{ "type": "Feature", "properties": { "ID": 0, "NAME": "Mapholisa", "X_Coord": 29.2155, "Y_Coord": -20.2021 }, "geometry": { "type": "Point", "coordinates": [ 29.215522368391817, -20.202084593428868 ] } },
{ "type": "Feature", "properties": { "ID": 0, "NAME": "Debshan", "X_Coord": 29.5673, "Y_Coord": -19.9787 }, "geometry": { "type": "Point", "coordinates": [ 29.56726549282315, -19.978665393112188 ] } },
{ "type": "Feature", "properties": { "ID": 0, "NAME": "Ebley", "X_Coord": 29.4575, "Y_Coord": -20.0883 }, "geometry": { "type": "Point", "coordinates": [ 29.457539545583867, -20.088301142093474 ] } },
{ "type": "Feature", "properties": { "ID": 0, "NAME": "St. Theresia", "X_Coord": 29.3986, "Y_Coord": -20.1502 }, "geometry": { "type": "Point", "coordinates": [ 29.398593019826698, -20.150175133323302 ] } },
{ "type": "Feature", "properties": { "ID": 0, "NAME": "Mehlo", "X_Coord": 29.4861, "Y_Coord": -20.1493 }, "geometry": { "type": "Point", "coordinates": [ 29.486071596093144, -20.149301552148142 ] } },
{ "type": "Feature", "properties": { "ID": 0, "NAME": "Ramemore", "X_Coord": 29.5046, "Y_Coord": -20.167 }, "geometry": { "type": "Point", "coordinates": [ 29.504628043628038, -20.167016106384185 ] } },
{ "type": "Feature", "properties": { "ID": 0, "NAME": "Papama", "X_Coord": 29.5866, "Y_Coord": -20.3082 }, "geometry": { "type": "Point", "coordinates": [ 29.586624141402428, -20.308231010978439 ] } },
{ "type": "Feature", "properties": { "ID": 0, "NAME": "Zishamba", "X_Coord": 29.693, "Y_Coord": -20.2334 }, "geometry": { "type": "Point", "coordinates": [ 29.692961810207649, -20.233366317846261 ] } },
{ "type": "Feature", "properties": { "ID": 0, "NAME": "Thokozane", "X_Coord": 29.7536, "Y_Coord": -20.2733 }, "geometry": { "type": "Point", "coordinates": [ 29.753614950635864, -20.273254647282293 ] } },
{ "type": "Feature", "properties": { "ID": 0, "NAME": "Zishabane", "X_Coord": 29.6448, "Y_Coord": -20.3694 }, "geometry": { "type": "Point", "coordinates": [ 29.644810056530641, -20.369389759920935 ] } },
{ "type": "Feature", "properties": { "ID": 0, "NAME": "Langeni", "X_Coord": 29.7226, "Y_Coord": -20.363 }, "geometry": { "type": "Point", "coordinates": [ 29.722559851261352, -20.363045390820503 ] } },
{ "type": "Feature", "properties": { "ID": 0, "NAME": "Bungwe", "X_Coord": 29.6836, "Y_Coord": -20.3977 }, "geometry": { "type": "Point", "coordinates": [ 29.683563358723823, -20.397738059911283 ] } },
{ "type": "Feature", "properties": { "ID": 0, "NAME": "Gwatemba", "X_Coord": 29.6011, "Y_Coord": -20.4056 }, "geometry": { "type": "Point", "coordinates": [ 29.601094491238797, -20.40561065994077 ] } },
{ "type": "Feature", "properties": { "ID": 0, "NAME": "Mapengani", "X_Coord": 29.6389, "Y_Coord": -20.4637 }, "geometry": { "type": "Point", "coordinates": [ 29.638904680251017, -20.463658841999759 ] } },
{ "type": "Feature", "properties": { "ID": 0, "NAME": "Mwele", "X_Coord": 29.6533, "Y_Coord": -20.4687 }, "geometry": { "type": "Point", "coordinates": [ 29.653320805671274, -20.468715879784604 ] } },
{ "type": "Feature", "properties": { "ID": 0, "NAME": "Pumula", "X_Coord": 29.7019, "Y_Coord": -20.4486 }, "geometry": { "type": "Point", "coordinates": [ 29.701874716992371, -20.448637379946639 ] } },
{ "type": "Feature", "properties": { "ID": 0, "NAME": "Nkwalini", "X_Coord": 29.4836, "Y_Coord": -20.4635 }, "geometry": { "type": "Point", "coordinates": [ 29.483628505001402, -20.463501339338361 ] } },
{ "type": "Feature", "properties": { "ID": 0, "NAME": "Alpha", "X_Coord": 29.4366, "Y_Coord": -20.327 }, "geometry": { "type": "Point", "coordinates": [ 29.43657353904527, -20.327041042721646 ] } },
{ "type": "Feature", "properties": { "ID": 0, "NAME": "Tshunkunyane", "X_Coord": 29.3333, "Y_Coord": -20.3302 }, "geometry": { "type": "Point", "coordinates": [ 29.333307111533721, -20.330170972667911 ] } },
{ "type": "Feature", "properties": { "ID": 0, "NAME": "Epock Mine", "X_Coord": 29.2613, "Y_Coord": -20.4426 }, "geometry": { "type": "Point", "coordinates": [ 29.261312517809181, -20.442559142153197 ] } },
{ "type": "Feature", "properties": { "ID": 0, "NAME": "Malole", "X_Coord": 29.6317, "Y_Coord": -20.5362 }, "geometry": { "type": "Point", "coordinates": [ 29.63167044418914, -20.536221692922176 ] } },
{ "type": "Feature", "properties": { "ID": 0, "NAME": "Shamba", "X_Coord": 29.5698, "Y_Coord": -20.5364 }, "geometry": { "type": "Point", "coordinates": [ 29.569811665762529, -20.536403788828988 ] } },
{ "type": "Feature", "properties": { "ID": 0, "NAME": "Filabusi", "X_Coord": 29.2818, "Y_Coord": -20.5406 }, "geometry": { "type": "Point", "coordinates": [ 29.281776922688763, -20.540586898730478 ] } },
{ "type": "Feature", "properties": { "ID": 0, "NAME": "Marvel", "X_Coord": 29.2705, "Y_Coord": -20.5463 }, "geometry": { "type": "Point", "coordinates": [ 29.270465806111616, -20.546327443058967 ] } },
{ "type": "Feature", "properties": { "ID": 0, "NAME": "Pansikwe", "X_Coord": 29.2727, "Y_Coord": -20.5865 }, "geometry": { "type": "Point", "coordinates": [ 29.272697383047486, -20.586536719042677 ] } },
{ "type": "Feature", "properties": { "ID": 0, "NAME": "Msithi", "X_Coord": 29.2879, "Y_Coord": -20.5924 }, "geometry": { "type": "Point", "coordinates": [ 29.287947827464059, -20.592406896491934 ] } },
{ "type": "Feature", "properties": { "ID": 0, "NAME": "Tombo", "X_Coord": 29.3222, "Y_Coord": -20.6086 }, "geometry": { "type": "Point", "coordinates": [ 29.322172649509103, -20.608595582889166 ] } },
{ "type": "Feature", "properties": { "ID": 0, "NAME": "Filabusi B", "X_Coord": 29.3038, "Y_Coord": -20.6516 }, "geometry": { "type": "Point", "coordinates": [ 29.303755001383742, -20.651576309869917 ] } },
{ "type": "Feature", "properties": { "ID": 0, "NAME": "Tshazi", "X_Coord": 29.2585, "Y_Coord": -20.6606 }, "geometry": { "type": "Point", "coordinates": [ 29.258496143670047, -20.660619646062344 ] } },
{ "type": "Feature", "properties": { "ID": 0, "NAME": "Singwango II", "X_Coord": 29.3085, "Y_Coord": -20.7073 }, "geometry": { "type": "Point", "coordinates": [ 29.308523004262522, -20.707345187024789 ] } },
{ "type": "Feature", "properties": { "ID": 0, "NAME": "Lubuze", "X_Coord": 29.4396, "Y_Coord": -20.7092 }, "geometry": { "type": "Point", "coordinates": [ 29.439582451798458, -20.709151662876391 ] } },
{ "type": "Feature", "properties": { "ID": 0, "NAME": "Vumangwe", "X_Coord": 29.4755, "Y_Coord": -20.7266 }, "geometry": { "type": "Point", "coordinates": [ 29.475484688962382, -20.726566668734993 ] } },
{ "type": "Feature", "properties": { "ID": 0, "NAME": "Gwavila", "X_Coord": 29.5128, "Y_Coord": -20.6971 }, "geometry": { "type": "Point", "coordinates": [ 29.512782124964463, -20.697083956981022 ] } },
{ "type": "Feature", "properties": { "ID": 0, "NAME": "Jenda", "X_Coord": 29.5799, "Y_Coord": -20.6885 }, "geometry": { "type": "Point", "coordinates": [ 29.579880282694493, -20.688474179525478 ] } },
{ "type": "Feature", "properties": { "ID": 0, "NAME": "Gumbalo", "X_Coord": 29.5993, "Y_Coord": -20.7266 }, "geometry": { "type": "Point", "coordinates": [ 29.599311664702078, -20.726638871868211 ] } },
{ "type": "Feature", "properties": { "ID": 0, "NAME": "Wanezi", "X_Coord": 29.5759, "Y_Coord": -20.579 }, "geometry": { "type": "Point", "coordinates": [ 29.575852038738418, -20.57903413161214 ] } },
{ "type": "Feature", "properties": { "ID": 0, "NAME": "Mazeya", "X_Coord": 29.6307, "Y_Coord": -20.7094 }, "geometry": { "type": "Point", "coordinates": [ 29.630675685019845, -20.70936623197252 ] } },
{ "type": "Feature", "properties": { "ID": 0, "NAME": "Lufuse", "X_Coord": 29.6484, "Y_Coord": -20.6751 }, "geometry": { "type": "Point", "coordinates": [ 29.648404989758973, -20.675120646106816 ] } },
{ "type": "Feature", "properties": { "ID": 0, "NAME": "Doro", "X_Coord": 29.6185, "Y_Coord": -20.7576 }, "geometry": { "type": "Point", "coordinates": [ 29.618527652082133, -20.757641173931908 ] } },
{ "type": "Feature", "properties": { "ID": 0, "NAME": "Mthangala", "X_Coord": 29.5388, "Y_Coord": -20.7445 }, "geometry": { "type": "Point", "coordinates": [ 29.538793106538961, -20.744525748302621 ] } },
{ "type": "Feature", "properties": { "ID": 0, "NAME": "Hlatshwayo", "X_Coord": 29.4675, "Y_Coord": -20.7773 }, "geometry": { "type": "Point", "coordinates": [ 29.46754792940034, -20.777311251920523 ] } },
{ "type": "Feature", "properties": { "ID": 0, "NAME": "Ekusileni Mission", "X_Coord": 29.348, "Y_Coord": -20.734 }, "geometry": { "type": "Point", "coordinates": [ 29.348007290010724, -20.733977783800324 ] } },
{ "type": "Feature", "properties": { "ID": 0, "NAME": "Dekezi", "X_Coord": 29.5341, "Y_Coord": -20.7854 }, "geometry": { "type": "Point", "coordinates": [ 29.534149490933736, -20.785393882428775 ] } },
{ "type": "Feature", "properties": { "ID": 0, "NAME": "Denje", "X_Coord": 29.5648, "Y_Coord": -20.7924 }, "geometry": { "type": "Point", "coordinates": [ 29.564792264394494, -20.79236497790907 ] } },
{ "type": "Feature", "properties": { "ID": 0, "NAME": "Avoca", "X_Coord": 29.5, "Y_Coord": -20.8098 }, "geometry": { "type": "Point", "coordinates": [ 29.500003314260866, -20.809769404541584 ] } },
{ "type": "Feature", "properties": { "ID": 0, "NAME": "Zhombili", "X_Coord": 29.5991, "Y_Coord": -20.8074 }, "geometry": { "type": "Point", "coordinates": [ 29.599052557596433, -20.807361349451742 ] } },
{ "type": "Feature", "properties": { "ID": 0, "NAME": "Mkwabene", "X_Coord": 29.5528, "Y_Coord": -20.8498 }, "geometry": { "type": "Point", "coordinates": [ 29.552800507489476, -20.84978950157176 ] } },
{ "type": "Feature", "properties": { "ID": 0, "NAME": "Maphewume", "X_Coord": 29.602, "Y_Coord": -20.8532 }, "geometry": { "type": "Point", "coordinates": [ 29.601975045604654, -20.853151763726789 ] } },
{ "type": "Feature", "properties": { "ID": 0, "NAME": "Mbembesi", "X_Coord": 29.566, "Y_Coord": -20.895 }, "geometry": { "type": "Point", "coordinates": [ 29.566023960590378, -20.89498906691799 ] } },
{ "type": "Feature", "properties": { "ID": 0, "NAME": "Siwazi", "X_Coord": 29.4514, "Y_Coord": -20.8891 }, "geometry": { "type": "Point", "coordinates": [ 29.451366993583097, -20.889133813697754 ] } },
{ "type": "Feature", "properties": { "ID": 0, "NAME": "Insiza", "X_Coord": 29.4028, "Y_Coord": -20.8802 }, "geometry": { "type": "Point", "coordinates": [ 29.402786209102405, -20.880215916706501 ] } },
{ "type": "Feature", "properties": { "ID": 0, "NAME": "Sababa", "X_Coord": 29.4234, "Y_Coord": -20.8508 }, "geometry": { "type": "Point", "coordinates": [ 29.423371180196554, -20.850799098320945 ] } },
{ "type": "Feature", "properties": { "ID": 0, "NAME": "Sidzibe", "X_Coord": 29.3851, "Y_Coord": -20.825 }, "geometry": { "type": "Point", "coordinates": [ 29.385147911717262, -20.824986881570229 ] } },
{ "type": "Feature", "properties": { "ID": 0, "NAME": "Ndola", "X_Coord": 29.3341, "Y_Coord": -20.8411 }, "geometry": { "type": "Point", "coordinates": [ 29.334109346665834, -20.841073591917848 ] } },
{ "type": "Feature", "properties": { "ID": 0, "NAME": "Fulunye", "X_Coord": 29.4768, "Y_Coord": -20.8133 }, "geometry": { "type": "Point", "coordinates": [ 29.476761112348015, -20.813284725198113 ] } },
{ "type": "Feature", "properties": { "ID": 0, "NAME": "Mieja", "X_Coord": 29.4028, "Y_Coord": -20.7657 }, "geometry": { "type": "Point", "coordinates": [ 29.402765667613437, -20.76568568145542 ] } },
{ "type": "Feature", "properties": { "ID": 0, "NAME": "Singwango I", "X_Coord": 29.2984, "Y_Coord": -20.7612 }, "geometry": { "type": "Point", "coordinates": [ 29.298350547103997, -20.761226770730627 ] } },
{ "type": "Feature", "properties": { "ID": 0, "NAME": "Mganwini", "X_Coord": 29.3216, "Y_Coord": -20.815 }, "geometry": { "type": "Point", "coordinates": [ 29.321603019761334, -20.814976567699638 ] } },
{ "type": "Feature", "properties": { "ID": 0, "NAME": "Mbokodo", "X_Coord": 29.2934, "Y_Coord": -20.8293 }, "geometry": { "type": "Point", "coordinates": [ 29.293363567226095, -20.829317778182777 ] } },
{ "type": "Feature", "properties": { "ID": 0, "NAME": "St Mathews", "X_Coord": 29.2098, "Y_Coord": -20.6265 }, "geometry": { "type": "Point", "coordinates": [ 29.209833681541497, -20.626548121539383 ] } },
{ "type": "Feature", "properties": { "ID": 0, "NAME": "Glass Block III", "X_Coord": 29.228, "Y_Coord": -20.6464 }, "geometry": { "type": "Point", "coordinates": [ 29.228020809407457, -20.646395676710711 ] } },
{ "type": "Feature", "properties": { "ID": 0, "NAME": "Zhampani", "X_Coord": 29.2399, "Y_Coord": -20.7331 }, "geometry": { "type": "Point", "coordinates": [ 29.239873078067191, -20.733096257521289 ] } },
{ "type": "Feature", "properties": { "ID": 0, "NAME": "Ntunta", "X_Coord": 29.2432, "Y_Coord": -20.7784 }, "geometry": { "type": "Point", "coordinates": [ 29.243165459871584, -20.778439681683974 ] } },
{ "type": "Feature", "properties": { "ID": 0, "NAME": "Gcabayi", "X_Coord": 29.1511, "Y_Coord": -20.4901 }, "geometry": { "type": "Point", "coordinates": [ 29.151137818422896, -20.490077475663053 ] } },
{ "type": "Feature", "properties": { "ID": 0, "NAME": "Nyamime", "X_Coord": 29.3001, "Y_Coord": -20.9029 }, "geometry": { "type": "Point", "coordinates": [ 29.300078002871512, -20.902947219509194 ] } },
{ "type": "Feature", "properties": { "ID": 0, "NAME": "Mabuze", "X_Coord": 29.4186, "Y_Coord": -20.9402 }, "geometry": { "type": "Point", "coordinates": [ 29.418569735584153, -20.94018020665419 ] } },
{ "type": "Feature", "properties": { "ID": 0, "NAME": "Mbaulo", "X_Coord": 29.4832, "Y_Coord": -20.9423 }, "geometry": { "type": "Point", "coordinates": [ 29.483207545057322, -20.942258757131135 ] } },
{ "type": "Feature", "properties": { "ID": 0, "NAME": "Singwambizi", "X_Coord": 29.5327, "Y_Coord": -20.9365 }, "geometry": { "type": "Point", "coordinates": [ 29.532654028708755, -20.936479938734561 ] } },
{ "type": "Feature", "properties": { "ID": 0, "NAME": "Mazhabazha", "X_Coord": 29.6263, "Y_Coord": -20.3356 }, "geometry": { "type": "Point", "coordinates": [ 29.626250799509194, -20.335645510861827 ] } },
{ "type": "Feature", "properties": { "ID": 0, "NAME": "Nkankezi", "X_Coord": 29.4138, "Y_Coord": -20.4905 }, "geometry": { "type": "Point", "coordinates": [ 29.413847955311919, -20.490510724393008 ] } },
{ "type": "Feature", "properties": { "ID": 0, "NAME": "Khozi", "X_Coord": 28.773, "Y_Coord": -20.6736 }, "geometry": { "type": "Point", "coordinates": [ 28.772991221120403, -20.673576626625323 ] } },
{ "type": "Feature", "properties": { "ID": 0, "NAME": "Wabayi", "X_Coord": 28.8044, "Y_Coord": -20.7043 }, "geometry": { "type": "Point", "coordinates": [ 28.804394696007218, -20.704257758259281 ] } },
{ "type": "Feature", "properties": { "ID": 0, "NAME": "Mtshabezi", "X_Coord": 28.8962, "Y_Coord": -20.7204 }, "geometry": { "type": "Point", "coordinates": [ 28.896150241259999, -20.720375838478866 ] } },
{ "type": "Feature", "properties": { "ID": 0, "NAME": "Qgalaza", "X_Coord": 28.7804, "Y_Coord": -20.7184 }, "geometry": { "type": "Point", "coordinates": [ 28.780357073343605, -20.718381583381493 ] } },
{ "type": "Feature", "properties": { "ID": 0, "NAME": "Maphane", "X_Coord": 28.6844, "Y_Coord": -20.7115 }, "geometry": { "type": "Point", "coordinates": [ 28.68439855043572, -20.711482005548611 ] } },
{ "type": "Feature", "properties": { "ID": 0, "NAME": "Simbumbumbi", "X_Coord": 28.7701, "Y_Coord": -20.7516 }, "geometry": { "type": "Point", "coordinates": [ 28.770136743073639, -20.751640097858619 ] } },
{ "type": "Feature", "properties": { "ID": 0, "NAME": "Sibona", "X_Coord": 28.827, "Y_Coord": -20.7525 }, "geometry": { "type": "Point", "coordinates": [ 28.826961080781455, -20.752525952213489 ] } },
{ "type": "Feature", "properties": { "ID": 0, "NAME": "Mawanke", "X_Coord": 28.7707, "Y_Coord": -20.7762 }, "geometry": { "type": "Point", "coordinates": [ 28.770699059528908, -20.776169805386225 ] } },
{ "type": "Feature", "properties": { "ID": 0, "NAME": "Mayezane", "X_Coord": 28.7189, "Y_Coord": -20.8196 }, "geometry": { "type": "Point", "coordinates": [ 28.718923209238618, -20.819587393033128 ] } },
{ "type": "Feature", "properties": { "ID": 0, "NAME": "Sitezi", "X_Coord": 28.7965, "Y_Coord": -20.8271 }, "geometry": { "type": "Point", "coordinates": [ 28.796503806708163, -20.827067076894167 ] } },
{ "type": "Feature", "properties": { "ID": 0, "NAME": "Gwakwe", "X_Coord": 28.9036, "Y_Coord": -20.7842 }, "geometry": { "type": "Point", "coordinates": [ 28.903579025168071, -20.784181213115072 ] } },
{ "type": "Feature", "properties": { "ID": 0, "NAME": "Lumene", "X_Coord": 29.0031, "Y_Coord": -20.6342 }, "geometry": { "type": "Point", "coordinates": [ 29.003141222075428, -20.634167531852832 ] } },
{ "type": "Feature", "properties": { "ID": 0, "NAME": "Sinkukwe", "X_Coord": 29.0779, "Y_Coord": -20.6231 }, "geometry": { "type": "Point", "coordinates": [ 29.077911562417992, -20.623076039557141 ] } },
{ "type": "Feature", "properties": { "ID": 0, "NAME": "Glass Block I", "X_Coord": 29.1625, "Y_Coord": -20.6222 }, "geometry": { "type": "Point", "coordinates": [ 29.162510923722074, -20.622184090936575 ] } },
{ "type": "Feature", "properties": { "ID": 0, "NAME": "Glass Block I", "X_Coord": 29.132, "Y_Coord": -20.6661 }, "geometry": { "type": "Point", "coordinates": [ 29.132036364488638, -20.666122513907233 ] } },
{ "type": "Feature", "properties": { "ID": 0, "NAME": "Stanmore", "X_Coord": 29.0377, "Y_Coord": -20.6619 }, "geometry": { "type": "Point", "coordinates": [ 29.037652961359832, -20.661882021064539 ] } },
{ "type": "Feature", "properties": { "ID": 0, "NAME": "Shake", "X_Coord": 29.0761, "Y_Coord": -20.7342 }, "geometry": { "type": "Point", "coordinates": [ 29.076134395985584, -20.734166884544805 ] } },
{ "type": "Feature", "properties": { "ID": 0, "NAME": "Enyandeni", "X_Coord": 28.9645, "Y_Coord": -20.7094 }, "geometry": { "type": "Point", "coordinates": [ 28.964477769490088, -20.709436847851173 ] } },
{ "type": "Feature", "properties": { "ID": 0, "NAME": "Nkwidzi", "X_Coord": 29.1281, "Y_Coord": -20.7567 }, "geometry": { "type": "Point", "coordinates": [ 29.128057415219512, -20.756651136797768 ] } },
{ "type": "Feature", "properties": { "ID": 0, "NAME": "Zhukwe", "X_Coord": 29.1692, "Y_Coord": -20.7652 }, "geometry": { "type": "Point", "coordinates": [ 29.16919122558501, -20.765172178050385 ] } },
{ "type": "Feature", "properties": { "ID": 0, "NAME": "Dadata", "X_Coord": 29.1455, "Y_Coord": -20.8113 }, "geometry": { "type": "Point", "coordinates": [ 29.145519212760682, -20.811260225892934 ] } },
{ "type": "Feature", "properties": { "ID": 0, "NAME": "Dambashoko", "X_Coord": 29.0637, "Y_Coord": -20.8015 }, "geometry": { "type": "Point", "coordinates": [ 29.063650721067031, -20.801540034541688 ] } },
{ "type": "Feature", "properties": { "ID": 0, "NAME": "Saint Christopher", "X_Coord": 29.0106, "Y_Coord": -20.9396 }, "geometry": { "type": "Point", "coordinates": [ 29.01062781089216, -20.939605769441659 ] } },
{ "type": "Feature", "properties": { "ID": 0, "NAME": "Gwanda", "X_Coord": 29.007, "Y_Coord": -20.9534 }, "geometry": { "type": "Point", "coordinates": [ 29.007035581042935, -20.953440985827051 ] } },
{ "type": "Feature", "properties": { "ID": 0, "NAME": "Sonondo", "X_Coord": 29.031, "Y_Coord": -20.9508 }, "geometry": { "type": "Point", "coordinates": [ 29.031036597600039, -20.950767901455343 ] } },
{ "type": "Feature", "properties": { "ID": 0, "NAME": "Jahunda", "X_Coord": 29.0273, "Y_Coord": -20.9443 }, "geometry": { "type": "Point", "coordinates": [ 29.027304636382411, -20.944321237623541 ] } },
{ "type": "Feature", "properties": { "ID": 0, "NAME": "Masholomoshe", "X_Coord": 29.1185, "Y_Coord": -20.8811 }, "geometry": { "type": "Point", "coordinates": [ 29.118513713863742, -20.881103514067089 ] } },
{ "type": "Feature", "properties": { "ID": 0, "NAME": "Nkashe", "X_Coord": 29.1459, "Y_Coord": -20.8599 }, "geometry": { "type": "Point", "coordinates": [ 29.145853237695878, -20.859940755984795 ] } },
{ "type": "Feature", "properties": { "ID": 0, "NAME": "Magedleni", "X_Coord": 29.1115, "Y_Coord": -20.8327 }, "geometry": { "type": "Point", "coordinates": [ 29.111530827795725, -20.832738255288444 ] } },
{ "type": "Feature", "properties": { "ID": 0, "NAME": "Silikwe", "X_Coord": 29.1845, "Y_Coord": -20.8239 }, "geometry": { "type": "Point", "coordinates": [ 29.184455167772541, -20.823901216225149 ] } },
{ "type": "Feature", "properties": { "ID": 0, "NAME": "Matshiya", "X_Coord": 29.1939, "Y_Coord": -20.8639 }, "geometry": { "type": "Point", "coordinates": [ 29.193879005117168, -20.863889262381754 ] } },
{ "type": "Feature", "properties": { "ID": 0, "NAME": "Matshetsheni", "X_Coord": 29.2567, "Y_Coord": -20.8649 }, "geometry": { "type": "Point", "coordinates": [ 29.25671528311063, -20.864894133716565 ] } },
{ "type": "Feature", "properties": { "ID": 0, "NAME": "Sizeze", "X_Coord": 28.7601, "Y_Coord": -20.8897 }, "geometry": { "type": "Point", "coordinates": [ 28.760136845278705, -20.889691141465391 ] } },
{ "type": "Feature", "properties": { "ID": 0, "NAME": "Sibuta", "X_Coord": 28.7335, "Y_Coord": -20.8956 }, "geometry": { "type": "Point", "coordinates": [ 28.733473259876138, -20.895577195788587 ] } },
{ "type": "Feature", "properties": { "ID": 0, "NAME": "Makwe", "X_Coord": 28.7607, "Y_Coord": -20.9544 }, "geometry": { "type": "Point", "coordinates": [ 28.760729279514265, -20.954365758967803 ] } },
{ "type": "Feature", "properties": { "ID": 0, "NAME": "Lady Anna", "X_Coord": 28.8022, "Y_Coord": -20.9617 }, "geometry": { "type": "Point", "coordinates": [ 28.802194778943189, -20.96174424935317 ] } },
{ "type": "Feature", "properties": { "ID": 0, "NAME": "Lushongwe", "X_Coord": 28.7761, "Y_Coord": -21.0227 }, "geometry": { "type": "Point", "coordinates": [ 28.776055099955308, -21.022668125181145 ] } },
{ "type": "Feature", "properties": { "ID": 0, "NAME": "Tshoboyi", "X_Coord": 28.8104, "Y_Coord": -21.0935 }, "geometry": { "type": "Point", "coordinates": [ 28.810413567624845, -21.093490186459587 ] } },
{ "type": "Feature", "properties": { "ID": 0, "NAME": "Connemara", "X_Coord": 28.704, "Y_Coord": -21.0651 }, "geometry": { "type": "Point", "coordinates": [ 28.704007904075993, -21.06509657512154 ] } },
{ "type": "Feature", "properties": { "ID": 0, "NAME": "Shape", "X_Coord": 28.739, "Y_Coord": -21.1443 }, "geometry": { "type": "Point", "coordinates": [ 28.739016629061414, -21.144284134613208 ] } },
{ "type": "Feature", "properties": { "ID": 0, "NAME": "Mandiwongola", "X_Coord": 28.7459, "Y_Coord": -21.2693 }, "geometry": { "type": "Point", "coordinates": [ 28.745922094299885, -21.269318694029128 ] } },
{ "type": "Feature", "properties": { "ID": 0, "NAME": "Nyambi", "X_Coord": 28.7742, "Y_Coord": -21.2866 }, "geometry": { "type": "Point", "coordinates": [ 28.774172224211121, -21.286564829763627 ] } },
{ "type": "Feature", "properties": { "ID": 0, "NAME": "Tshongwe", "X_Coord": 28.8133, "Y_Coord": -21.282 }, "geometry": { "type": "Point", "coordinates": [ 28.813282760584219, -21.282030686951813 ] } },
{ "type": "Feature", "properties": { "ID": 0, "NAME": "Gobatema", "X_Coord": 28.8552, "Y_Coord": -21.2242 }, "geometry": { "type": "Point", "coordinates": [ 28.855170223532042, -21.224185075368112 ] } },
{ "type": "Feature", "properties": { "ID": 0, "NAME": "Vela", "X_Coord": 28.9251, "Y_Coord": -21.2457 }, "geometry": { "type": "Point", "coordinates": [ 28.925097401064342, -21.24568247846436 ] } },
{ "type": "Feature", "properties": { "ID": 0, "NAME": "Zhokwe", "X_Coord": 28.9662, "Y_Coord": -21.1976 }, "geometry": { "type": "Point", "coordinates": [ 28.966229115253473, -21.197619152974092 ] } },
{ "type": "Feature", "properties": { "ID": 0, "NAME": "Betsa", "X_Coord": 28.9003, "Y_Coord": -21.1591 }, "geometry": { "type": "Point", "coordinates": [ 28.900312669561213, -21.159106011073789 ] } },
{ "type": "Feature", "properties": { "ID": 0, "NAME": "Mtandawenema", "X_Coord": 28.9456, "Y_Coord": -21.1218 }, "geometry": { "type": "Point", "coordinates": [ 28.945592064296754, -21.121773383611693 ] } },
{ "type": "Feature", "properties": { "ID": 0, "NAME": "Garanyemba", "X_Coord": 29.0041, "Y_Coord": -21.1592 }, "geometry": { "type": "Point", "coordinates": [ 29.00408691732892, -21.159190374028199 ] } },
{ "type": "Feature", "properties": { "ID": 0, "NAME": "Nsimbi", "X_Coord": 29.0577, "Y_Coord": -21.1236 }, "geometry": { "type": "Point", "coordinates": [ 29.057665815765905, -21.12363750868932 ] } },
{ "type": "Feature", "properties": { "ID": 0, "NAME": "Switsha", "X_Coord": 29.0997, "Y_Coord": -21.1665 }, "geometry": { "type": "Point", "coordinates": [ 29.099742900255841, -21.166500954441492 ] } },
{ "type": "Feature", "properties": { "ID": 0, "NAME": "Mawane", "X_Coord": 29.0394, "Y_Coord": -21.197 }, "geometry": { "type": "Point", "coordinates": [ 29.039421305666693, -21.196997330512524 ] } },
{ "type": "Feature", "properties": { "ID": 0, "NAME": "Paye", "X_Coord": 29.082, "Y_Coord": -21.2322 }, "geometry": { "type": "Point", "coordinates": [ 29.082018419676796, -21.232197666740188 ] } },
{ "type": "Feature", "properties": { "ID": 0, "NAME": "Ntepe", "X_Coord": 29.0295, "Y_Coord": -21.249 }, "geometry": { "type": "Point", "coordinates": [ 29.029537934297277, -21.249018942302293 ] } },
{ "type": "Feature", "properties": { "ID": 0, "NAME": "Bhalula", "X_Coord": 29.031, "Y_Coord": -21.2958 }, "geometry": { "type": "Point", "coordinates": [ 29.031016353166876, -21.295754259915011 ] } },
{ "type": "Feature", "properties": { "ID": 0, "NAME": "Ntalale", "X_Coord": 28.923, "Y_Coord": -21.3028 }, "geometry": { "type": "Point", "coordinates": [ 28.923028518339599, -21.302840143367138 ] } },
{ "type": "Feature", "properties": { "ID": 0, "NAME": "Sengezani", "X_Coord": 28.9906, "Y_Coord": -21.3135 }, "geometry": { "type": "Point", "coordinates": [ 28.990554320815459, -21.31353558248103 ] } },
{ "type": "Feature", "properties": { "ID": 0, "NAME": "Samlodi", "X_Coord": 29.1301, "Y_Coord": -21.3245 }, "geometry": { "type": "Point", "coordinates": [ 29.130119047530538, -21.324509242988281 ] } },
{ "type": "Feature", "properties": { "ID": 0, "NAME": "Pelele", "X_Coord": 28.917, "Y_Coord": -21.3922 }, "geometry": { "type": "Point", "coordinates": [ 28.917005310840395, -21.392178929501657 ] } },
{ "type": "Feature", "properties": { "ID": 0, "NAME": "Mawaza", "X_Coord": 28.803, "Y_Coord": -21.3681 }, "geometry": { "type": "Point", "coordinates": [ 28.803011527086522, -21.368057409703923 ] } },
{ "type": "Feature", "properties": { "ID": 0, "NAME": "Bethel", "X_Coord": 29.0314, "Y_Coord": -21.4167 }, "geometry": { "type": "Point", "coordinates": [ 29.031443495708622, -21.416699528055531 ] } },
{ "type": "Feature", "properties": { "ID": 0, "NAME": "Gungwe", "X_Coord": 28.9, "Y_Coord": -21.4494 }, "geometry": { "type": "Point", "coordinates": [ 28.900005939624226, -21.449394285505033 ] } },
{ "type": "Feature", "properties": { "ID": 0, "NAME": "Selonga", "X_Coord": 29.2176, "Y_Coord": -21.3697 }, "geometry": { "type": "Point", "coordinates": [ 29.217590537948855, -21.369659857586722 ] } },
{ "type": "Feature", "properties": { "ID": 0, "NAME": "Dombo", "X_Coord": 29.2581, "Y_Coord": -21.3794 }, "geometry": { "type": "Point", "coordinates": [ 29.258101222431236, -21.379393784131508 ] } },
{ "type": "Feature", "properties": { "ID": 0, "NAME": "Sukwe", "X_Coord": 29.3048, "Y_Coord": -21.4634 }, "geometry": { "type": "Point", "coordinates": [ 29.304784105463494, -21.463417267739903 ] } },
{ "type": "Feature", "properties": { "ID": 0, "NAME": "Buvuma", "X_Coord": 29.2323, "Y_Coord": -21.4629 }, "geometry": { "type": "Point", "coordinates": [ 29.232311968292265, -21.462946363747598 ] } },
{ "type": "Feature", "properties": { "ID": 0, "NAME": "Mpande", "X_Coord": 29.5291, "Y_Coord": -21.5082 }, "geometry": { "type": "Point", "coordinates": [ 29.529051689839829, -21.508171556411813 ] } },
{ "type": "Feature", "properties": { "ID": 0, "NAME": "Madzivhe", "X_Coord": 29.6239, "Y_Coord": -21.5178 }, "geometry": { "type": "Point", "coordinates": [ 29.623897803158375, -21.517751046780667 ] } },
{ "type": "Feature", "properties": { "ID": 0, "NAME": "Majini", "X_Coord": 29.6637, "Y_Coord": -21.5127 }, "geometry": { "type": "Point", "coordinates": [ 29.663721335461041, -21.512652347496793 ] } },
{ "type": "Feature", "properties": { "ID": 0, "NAME": "Msane", "X_Coord": 29.7084, "Y_Coord": -21.5707 }, "geometry": { "type": "Point", "coordinates": [ 29.708404266701866, -21.570744851073556 ] } },
{ "type": "Feature", "properties": { "ID": 0, "NAME": "Malusungane", "X_Coord": 29.6219, "Y_Coord": -21.5649 }, "geometry": { "type": "Point", "coordinates": [ 29.621914936618129, -21.564870721639323 ] } },
{ "type": "Feature", "properties": { "ID": 0, "NAME": "Mtangamcena", "X_Coord": 29.5552, "Y_Coord": -21.5503 }, "geometry": { "type": "Point", "coordinates": [ 29.555211549030197, -21.550324105361767 ] } },
{ "type": "Feature", "properties": { "ID": 0, "NAME": "Chamnangana", "X_Coord": 29.6125, "Y_Coord": -21.6032 }, "geometry": { "type": "Point", "coordinates": [ 29.612461552516418, -21.603179914989379 ] } },
{ "type": "Feature", "properties": { "ID": 0, "NAME": "Vutulula", "X_Coord": 29.4931, "Y_Coord": -21.5848 }, "geometry": { "type": "Point", "coordinates": [ 29.493085166190731, -21.584767919866405 ] } },
{ "type": "Feature", "properties": { "ID": 0, "NAME": "Madali", "X_Coord": 29.4879, "Y_Coord": -21.6519 }, "geometry": { "type": "Point", "coordinates": [ 29.487896299038177, -21.65193329204093 ] } },
{ "type": "Feature", "properties": { "ID": 0, "NAME": "Bgemula", "X_Coord": 29.5503, "Y_Coord": -21.6552 }, "geometry": { "type": "Point", "coordinates": [ 29.550267605025869, -21.655221017019578 ] } },
{ "type": "Feature", "properties": { "ID": 0, "NAME": "Whunga", "X_Coord": 29.3974, "Y_Coord": -21.6254 }, "geometry": { "type": "Point", "coordinates": [ 29.397397499814154, -21.625390097913506 ] } },
{ "type": "Feature", "properties": { "ID": 0, "NAME": "Chabeda", "X_Coord": 29.6133, "Y_Coord": -21.7239 }, "geometry": { "type": "Point", "coordinates": [ 29.613268134869983, -21.723924725665761 ] } },
{ "type": "Feature", "properties": { "ID": 0, "NAME": "Dendele", "X_Coord": 29.3531, "Y_Coord": -21.5849 }, "geometry": { "type": "Point", "coordinates": [ 29.353062870357753, -21.584874216055724 ] } },
{ "type": "Feature", "properties": { "ID": 0, "NAME": "Swereki", "X_Coord": 29.4248, "Y_Coord": -21.8595 }, "geometry": { "type": "Point", "coordinates": [ 29.424819633286575, -21.859545743760371 ] } },
{ "type": "Feature", "properties": { "ID": 0, "NAME": "Malibeng", "X_Coord": 29.2801, "Y_Coord": -21.8321 }, "geometry": { "type": "Point", "coordinates": [ 29.28013423906317, -21.83210079218621 ] } },
{ "type": "Feature", "properties": { "ID": 0, "NAME": "Limpopo", "X_Coord": 29.3165, "Y_Coord": -21.9487 }, "geometry": { "type": "Point", "coordinates": [ 29.316492164812288, -21.948737141838809 ] } },
{ "type": "Feature", "properties": { "ID": 0, "NAME": "Toporo", "X_Coord": 29.4536, "Y_Coord": -21.9552 }, "geometry": { "type": "Point", "coordinates": [ 29.453628212338138, -21.955158189328966 ] } },
{ "type": "Feature", "properties": { "ID": 0, "NAME": "Jalukange", "X_Coord": 29.2408, "Y_Coord": -22.0201 }, "geometry": { "type": "Point", "coordinates": [ 29.240820917514025, -22.020097553615585 ] } },
{ "type": "Feature", "properties": { "ID": 0, "NAME": "Shashi", "X_Coord": 29.3393, "Y_Coord": -22.1169 }, "geometry": { "type": "Point", "coordinates": [ 29.339326712525061, -22.116932362948777 ] } },
{ "type": "Feature", "properties": { "ID": 0, "NAME": "Mtshilashokwe", "X_Coord": 29.5737, "Y_Coord": -21.9494 }, "geometry": { "type": "Point", "coordinates": [ 29.57372977213085, -21.949367002822562 ] } },
{ "type": "Feature", "properties": { "ID": 0, "NAME": "Nottingham", "X_Coord": 29.624, "Y_Coord": -22.0977 }, "geometry": { "type": "Point", "coordinates": [ 29.623952826699906, -22.097694805919438 ] } },
{ "type": "Feature", "properties": { "ID": 0, "NAME": "Ndambe", "X_Coord": 29.6492, "Y_Coord": -21.9033 }, "geometry": { "type": "Point", "coordinates": [ 29.649182087016939, -21.90326945861651 ] } },
{ "type": "Feature", "properties": { "ID": 0, "NAME": "Luhwade", "X_Coord": 29.7715, "Y_Coord": -21.9845 }, "geometry": { "type": "Point", "coordinates": [ 29.771462227226746, -21.984546608943777 ] } },
{ "type": "Feature", "properties": { "ID": 0, "NAME": "Mtetengwe", "X_Coord": 29.928, "Y_Coord": -21.9915 }, "geometry": { "type": "Point", "coordinates": [ 29.928018161285916, -21.991451652708797 ] } },
{ "type": "Feature", "properties": { "ID": 0, "NAME": "Malala", "X_Coord": 29.9645, "Y_Coord": -22.094 }, "geometry": { "type": "Point", "coordinates": [ 29.964536504057381, -22.094002538472544 ] } },
{ "type": "Feature", "properties": { "ID": 0, "NAME": "Makakabule", "X_Coord": 29.9371, "Y_Coord": -22.1311 }, "geometry": { "type": "Point", "coordinates": [ 29.93709644433271, -22.131075607781394 ] } },
{ "type": "Feature", "properties": { "ID": 0, "NAME": "Chamnanga", "X_Coord": 30.0712, "Y_Coord": -22.1096 }, "geometry": { "type": "Point", "coordinates": [ 30.071186361348868, -22.109612674666309 ] } },
{ "type": "Feature", "properties": { "ID": 0, "NAME": "Beitbridge", "X_Coord": 30.0115, "Y_Coord": -22.2079 }, "geometry": { "type": "Point", "coordinates": [ 30.011467391621981, -22.207886561191209 ] } },
{ "type": "Feature", "properties": { "ID": 0, "NAME": "Dulibadzimu", "X_Coord": 29.9962, "Y_Coord": -22.1825 }, "geometry": { "type": "Point", "coordinates": [ 29.996158344679749, -22.182460027288602 ] } },
{ "type": "Feature", "properties": { "ID": 0, "NAME": "Beitbridge Mission", "X_Coord": 29.9694, "Y_Coord": -22.212 }, "geometry": { "type": "Point", "coordinates": [ 29.969409049810373, -22.212027286114346 ] } },
{ "type": "Feature", "properties": { "ID": 0, "NAME": "Lutumba", "X_Coord": 30.105, "Y_Coord": -22.0648 }, "geometry": { "type": "Point", "coordinates": [ 30.105016460639124, -22.06481051792068 ] } },
{ "type": "Feature", "properties": { "ID": 0, "NAME": "Tongwe", "X_Coord": 30.0128, "Y_Coord": -21.9196 }, "geometry": { "type": "Point", "coordinates": [ 30.012813207899104, -21.919575818074946 ] } },
{ "type": "Feature", "properties": { "ID": 0, "NAME": "Jopembe", "X_Coord": 29.9943, "Y_Coord": -21.846 }, "geometry": { "type": "Point", "coordinates": [ 29.994287930762727, -21.846010241087907 ] } },
{ "type": "Feature", "properties": { "ID": 0, "NAME": "Magaladivha", "X_Coord": 30.0823, "Y_Coord": -21.8302 }, "geometry": { "type": "Point", "coordinates": [ 30.082296709221982, -21.83015769137031 ] } },
{ "type": "Feature", "properties": { "ID": 0, "NAME": "Penemene", "X_Coord": 30.1514, "Y_Coord": -21.9006 }, "geometry": { "type": "Point", "coordinates": [ 30.151403122695491, -21.900607911303513 ] } },
{ "type": "Feature", "properties": { "ID": 0, "NAME": "Matshiloni", "X_Coord": 30.2654, "Y_Coord": -21.8858 }, "geometry": { "type": "Point", "coordinates": [ 30.265424035081196, -21.885772263514909 ] } },
{ "type": "Feature", "properties": { "ID": 0, "NAME": "Capfuche", "X_Coord": 30.1829, "Y_Coord": -22.0253 }, "geometry": { "type": "Point", "coordinates": [ 30.182938768150954, -22.025284216648423 ] } },
{ "type": "Feature", "properties": { "ID": 0, "NAME": "Nuli", "X_Coord": 30.2034, "Y_Coord": -22.0841 }, "geometry": { "type": "Point", "coordinates": [ 30.203388893686785, -22.084061936215257 ] } },
{ "type": "Feature", "properties": { "ID": 0, "NAME": "Old Nuli", "X_Coord": 30.2778, "Y_Coord": -22.1079 }, "geometry": { "type": "Point", "coordinates": [ 30.277814228055774, -22.10793419953399 ] } },
{ "type": "Feature", "properties": { "ID": 0, "NAME": "Fula", "X_Coord": 30.3666, "Y_Coord": -22.076 }, "geometry": { "type": "Point", "coordinates": [ 30.366594494787691, -22.07596845778135 ] } },
{ "type": "Feature", "properties": { "ID": 0, "NAME": "Dumba", "X_Coord": 30.1606, "Y_Coord": -22.2049 }, "geometry": { "type": "Point", "coordinates": [ 30.1606263866802, -22.204889959058455 ] } },
{ "type": "Feature", "properties": { "ID": 0, "NAME": "Chapongwe", "X_Coord": 30.2869, "Y_Coord": -22.1795 }, "geometry": { "type": "Point", "coordinates": [ 30.286937276125219, -22.179483157670699 ] } },
{ "type": "Feature", "properties": { "ID": 0, "NAME": "Dite", "X_Coord": 30.4035, "Y_Coord": -22.2094 }, "geometry": { "type": "Point", "coordinates": [ 30.403457738987672, -22.209352987267653 ] } },
{ "type": "Feature", "properties": { "ID": 0, "NAME": "Rukange", "X_Coord": 30.4332, "Y_Coord": -22.1864 }, "geometry": { "type": "Point", "coordinates": [ 30.433228517970218, -22.186355198754239 ] } },
{ "type": "Feature", "properties": { "ID": 0, "NAME": "Chaswingo", "X_Coord": 30.5156, "Y_Coord": -22.0457 }, "geometry": { "type": "Point", "coordinates": [ 30.515639074542246, -22.045732913058529 ] } },
{ "type": "Feature", "properties": { "ID": 0, "NAME": "Madaulo", "X_Coord": 30.6591, "Y_Coord": -22.0786 }, "geometry": { "type": "Point", "coordinates": [ 30.659117267555239, -22.078643102869044 ] } },
{ "type": "Feature", "properties": { "ID": 0, "NAME": "Chabili", "X_Coord": 30.6378, "Y_Coord": -22.1499 }, "geometry": { "type": "Point", "coordinates": [ 30.637783260389739, -22.149874416613237 ] } },
{ "type": "Feature", "properties": { "ID": 0, "NAME": "Chituripasi", "X_Coord": 30.796, "Y_Coord": -22.1705 }, "geometry": { "type": "Point", "coordinates": [ 30.796043562439195, -22.170450000880965 ] } },
{ "type": "Feature", "properties": { "ID": 0, "NAME": "Chipise", "X_Coord": 30.9564, "Y_Coord": -22.2358 }, "geometry": { "type": "Point", "coordinates": [ 30.9564423943294, -22.23579265257538 ] } },
{ "type": "Feature", "properties": { "ID": 0, "NAME": "Malabe", "X_Coord": 30.9031, "Y_Coord": -22.1416 }, "geometry": { "type": "Point", "coordinates": [ 30.903139174855813, -22.141630212855446 ] } },
{ "type": "Feature", "properties": { "ID": 0, "NAME": "Chikwarakwara", "X_Coord": 31.105, "Y_Coord": -22.3313 }, "geometry": { "type": "Point", "coordinates": [ 31.105047218578665, -22.331255823673324 ] } },
{ "type": "Feature", "properties": { "ID": 0, "NAME": "Makombe", "X_Coord": 30.5571, "Y_Coord": -21.8968 }, "geometry": { "type": "Point", "coordinates": [ 30.557142690108986, -21.896846331230876 ] } },
{ "type": "Feature", "properties": { "ID": 0, "NAME": "Towia", "X_Coord": 29.9022, "Y_Coord": -21.4532 }, "geometry": { "type": "Point", "coordinates": [ 29.902201679632569, -21.453151950686095 ] } },
{ "type": "Feature", "properties": { "ID": 0, "NAME": "Mbizo", "X_Coord": 28.797, "Y_Coord": -20.0023 }, "geometry": { "type": "Point", "coordinates": [ 28.797038211189154, -20.002333726650065 ] } },
{ "type": "Feature", "properties": { "ID": 0, "NAME": "Libeni", "X_Coord": 28.8311, "Y_Coord": -19.9817 }, "geometry": { "type": "Point", "coordinates": [ 28.831148956145903, -19.981741820584709 ] } },
{ "type": "Feature", "properties": { "ID": 0, "NAME": "Nlambaloyi", "X_Coord": 28.8535, "Y_Coord": -19.9777 }, "geometry": { "type": "Point", "coordinates": [ 28.853497897035982, -19.977679043488067 ] } },
{ "type": "Feature", "properties": { "ID": 0, "NAME": "Maqaqeni", "X_Coord": 28.8863, "Y_Coord": -19.9152 }, "geometry": { "type": "Point", "coordinates": [ 28.886328953406554, -19.915234415878412 ] } },
{ "type": "Feature", "properties": { "ID": 0, "NAME": "Mqwashini", "X_Coord": 28.9176, "Y_Coord": -19.9603 }, "geometry": { "type": "Point", "coordinates": [ 28.917637870577295, -19.960305645034708 ] } },
{ "type": "Feature", "properties": { "ID": 0, "NAME": null, "X_Coord": 28.9213, "Y_Coord": -19.9732 }, "geometry": { "type": "Point", "coordinates": [ 28.921295418154951, -19.973189242539487 ] } },
{ "type": "Feature", "properties": { "ID": 0, "NAME": "Sojiji", "X_Coord": 28.9087, "Y_Coord": -19.984 }, "geometry": { "type": "Point", "coordinates": [ 28.90874358721225, -19.984010631506965 ] } },
{ "type": "Feature", "properties": { "ID": 0, "NAME": "Victoria Falls", "X_Coord": 25.8156, "Y_Coord": -17.9002 }, "geometry": { "type": "Point", "coordinates": [ 25.815634074244326, -17.90015071052288 ] } },
{ "type": "Feature", "properties": { "ID": 0, "NAME": "Baobab", "X_Coord": 25.8324, "Y_Coord": -17.9221 }, "geometry": { "type": "Point", "coordinates": [ 25.832379302739202, -17.922122526812814 ] } },
{ "type": "Feature", "properties": { "ID": 0, "NAME": "Chinotimba", "X_Coord": 25.8156, "Y_Coord": -17.9421 }, "geometry": { "type": "Point", "coordinates": [ 25.81563508899686, -17.942128569385137 ] } },
{ "type": "Feature", "properties": { "ID": 0, "NAME": "Monde", "X_Coord": 25.8475, "Y_Coord": -18.0169 }, "geometry": { "type": "Point", "coordinates": [ 25.84747710959121, -18.016909607700661 ] } },
{ "type": "Feature", "properties": { "ID": 0, "NAME": "Chidode", "X_Coord": 25.8839, "Y_Coord": -18.0615 }, "geometry": { "type": "Point", "coordinates": [ 25.883876102030779, -18.061524913175237 ] } },
{ "type": "Feature", "properties": { "ID": 0, "NAME": "Chisuma", "X_Coord": 25.9616, "Y_Coord": -18.0117 }, "geometry": { "type": "Point", "coordinates": [ 25.961607872556851, -18.011691265633932 ] } },
{ "type": "Feature", "properties": { "ID": 0, "NAME": "BH 36", "X_Coord": 25.9868, "Y_Coord": -18.0495 }, "geometry": { "type": "Point", "coordinates": [ 25.986780315846687, -18.049548164327106 ] } },
{ "type": "Feature", "properties": { "ID": 0, "NAME": "Bethesda", "X_Coord": 25.938, "Y_Coord": -18.0749 }, "geometry": { "type": "Point", "coordinates": [ 25.938013075802548, -18.074872020762125 ] } },
{ "type": "Feature", "properties": { "ID": 0, "NAME": "Simakande", "X_Coord": 26.0214, "Y_Coord": -18.0486 }, "geometry": { "type": "Point", "coordinates": [ 26.021393128763478, -18.048553786923794 ] } },
{ "type": "Feature", "properties": { "ID": 0, "NAME": "Jabula", "X_Coord": 26.0883, "Y_Coord": -18.0245 }, "geometry": { "type": "Point", "coordinates": [ 26.088276453818072, -18.024542000856272 ] } },
{ "type": "Feature", "properties": { "ID": 0, "NAME": "Sikumbi", "X_Coord": 26.1746, "Y_Coord": -18.001 }, "geometry": { "type": "Point", "coordinates": [ 26.174579935098908, -18.000952290465186 ] } },
{ "type": "Feature", "properties": { "ID": 0, "NAME": "Kanywambizi", "X_Coord": 26.2873, "Y_Coord": -18.004 }, "geometry": { "type": "Point", "coordinates": [ 26.28730914173061, -18.003994554540149 ] } },
{ "type": "Feature", "properties": { "ID": 0, "NAME": "Neluswi", "X_Coord": 26.2214, "Y_Coord": -18.055 }, "geometry": { "type": "Point", "coordinates": [ 26.221430561385795, -18.054974146749569 ] } },
{ "type": "Feature", "properties": { "ID": 0, "NAME": "Lumbora", "X_Coord": 26.4459, "Y_Coord": -18.0397 }, "geometry": { "type": "Point", "coordinates": [ 26.445947428672937, -18.039718323777429 ] } },
{ "type": "Feature", "properties": { "ID": 0, "NAME": "Sidinda", "X_Coord": 26.5016, "Y_Coord": -18.0717 }, "geometry": { "type": "Point", "coordinates": [ 26.501552690201283, -18.071722236092153 ] } },
{ "type": "Feature", "properties": { "ID": 0, "NAME": "Makwa", "X_Coord": 26.6579, "Y_Coord": -18.0947 }, "geometry": { "type": "Point", "coordinates": [ 26.657880331838818, -18.094674685859868 ] } },
{ "type": "Feature", "properties": { "ID": 0, "NAME": "Simangani", "X_Coord": 26.748, "Y_Coord": -18.0966 }, "geometry": { "type": "Point", "coordinates": [ 26.747977754271879, -18.096621243420557 ] } },
{ "type": "Feature", "properties": { "ID": 0, "NAME": "Kandebwe", "X_Coord": 26.8299, "Y_Coord": -18.1683 }, "geometry": { "type": "Point", "coordinates": [ 26.829911138092353, -18.168252627917504 ] } },
{ "type": "Feature", "properties": { "ID": 0, "NAME": "Chibala", "X_Coord": 26.8111, "Y_Coord": -18.2238 }, "geometry": { "type": "Point", "coordinates": [ 26.811132090142422, -18.223809191124847 ] } },
{ "type": "Feature", "properties": { "ID": 0, "NAME": "Nekabandama", "X_Coord": 26.6841, "Y_Coord": -18.2924 }, "geometry": { "type": "Point", "coordinates": [ 26.684057965208247, -18.292409776917747 ] } },
{ "type": "Feature", "properties": { "ID": 0, "NAME": "Luseche", "X_Coord": 26.6249, "Y_Coord": -18.2686 }, "geometry": { "type": "Point", "coordinates": [ 26.62485854906236, -18.268618817039247 ] } },
{ "type": "Feature", "properties": { "ID": 0, "NAME": "Mwemba", "X_Coord": 26.594, "Y_Coord": -18.193 }, "geometry": { "type": "Point", "coordinates": [ 26.593950314113776, -18.193031344288013 ] } },
{ "type": "Feature", "properties": { "ID": 0, "NAME": "Mununa", "X_Coord": 26.2793, "Y_Coord": -18.1441 }, "geometry": { "type": "Point", "coordinates": [ 26.27931401902115, -18.144145515220149 ] } },
{ "type": "Feature", "properties": { "ID": 0, "NAME": "Mashala", "X_Coord": 26.5214, "Y_Coord": -18.2397 }, "geometry": { "type": "Point", "coordinates": [ 26.521420069755091, -18.239720836207141 ] } },
{ "type": "Feature", "properties": { "ID": 0, "NAME": "Milonga", "X_Coord": 26.2256, "Y_Coord": -18.1415 }, "geometry": { "type": "Point", "coordinates": [ 26.225620911398423, -18.141498006993583 ] } },
{ "type": "Feature", "properties": { "ID": 0, "NAME": null, "X_Coord": 26.16, "Y_Coord": -18.1211 }, "geometry": { "type": "Point", "coordinates": [ 26.159958983864232, -18.121119906168349 ] } },
{ "type": "Feature", "properties": { "ID": 0, "NAME": "Mbizha", "X_Coord": 26.1585, "Y_Coord": -18.0962 }, "geometry": { "type": "Point", "coordinates": [ 26.158525542990166, -18.096215549644249 ] } },
{ "type": "Feature", "properties": { "ID": 0, "NAME": "Chewumba", "X_Coord": 26.0794, "Y_Coord": -18.098 }, "geometry": { "type": "Point", "coordinates": [ 26.079394059915181, -18.098049028746733 ] } },
{ "type": "Feature", "properties": { "ID": 0, "NAME": "Bethesda", "X_Coord": 26.0102, "Y_Coord": -18.1125 }, "geometry": { "type": "Point", "coordinates": [ 26.010219532900901, -18.112535512441106 ] } },
{ "type": "Feature", "properties": { "ID": 0, "NAME": "Mitimitema", "X_Coord": 26.0266, "Y_Coord": -18.1398 }, "geometry": { "type": "Point", "coordinates": [ 26.026572465595326, -18.139836894520229 ] } },
{ "type": "Feature", "properties": { "ID": 0, "NAME": "Mizpah", "X_Coord": 25.9049, "Y_Coord": -18.11 }, "geometry": { "type": "Point", "coordinates": [ 25.904929772267788, -18.109951046068886 ] } },
{ "type": "Feature", "properties": { "ID": 0, "NAME": "St Mary's", "X_Coord": 26.6235, "Y_Coord": -18.3642 }, "geometry": { "type": "Point", "coordinates": [ 26.623529577658012, -18.364202116998491 ] } },
{ "type": "Feature", "properties": { "ID": 0, "NAME": "Chilanga", "X_Coord": 26.6263, "Y_Coord": -18.4487 }, "geometry": { "type": "Point", "coordinates": [ 26.626345866920438, -18.44865454791864 ] } },
{ "type": "Feature", "properties": { "ID": 0, "NAME": "Nengasha", "X_Coord": 26.7178, "Y_Coord": -18.4734 }, "geometry": { "type": "Point", "coordinates": [ 26.717791305264029, -18.473442449073996 ] } },
{ "type": "Feature", "properties": { "ID": 0, "NAME": "Mambanje", "X_Coord": 26.7837, "Y_Coord": -18.5178 }, "geometry": { "type": "Point", "coordinates": [ 26.783683246586936, -18.517810422610317 ] } },
{ "type": "Feature", "properties": { "ID": 0, "NAME": "Makwandara", "X_Coord": 26.8511, "Y_Coord": -18.5071 }, "geometry": { "type": "Point", "coordinates": [ 26.851077191701538, -18.507134664092824 ] } },
{ "type": "Feature", "properties": { "ID": 0, "NAME": "Chezhou", "X_Coord": 26.8361, "Y_Coord": -18.5619 }, "geometry": { "type": "Point", "coordinates": [ 26.836106369881524, -18.561885666242112 ] } },
{ "type": "Feature", "properties": { "ID": 0, "NAME": "Gurambira", "X_Coord": 26.8665, "Y_Coord": -18.4503 }, "geometry": { "type": "Point", "coordinates": [ 26.866476709686289, -18.450320212326218 ] } },
{ "type": "Feature", "properties": { "ID": 0, "NAME": "Lambo", "X_Coord": 26.8259, "Y_Coord": -18.4024 }, "geometry": { "type": "Point", "coordinates": [ 26.825873970139572, -18.402356337986728 ] } },
{ "type": "Feature", "properties": { "ID": 0, "NAME": "Dinde", "X_Coord": 26.7311, "Y_Coord": -18.387 }, "geometry": { "type": "Point", "coordinates": [ 26.731081623883838, -18.386971201105084 ] } },
{ "type": "Feature", "properties": { "ID": 0, "NAME": "Dingani", "X_Coord": 26.8857, "Y_Coord": -18.5283 }, "geometry": { "type": "Point", "coordinates": [ 26.88571226570166, -18.528318978232903 ] } },
{ "type": "Feature", "properties": { "ID": 0, "NAME": "Damba", "X_Coord": 26.8818, "Y_Coord": -18.5015 }, "geometry": { "type": "Point", "coordinates": [ 26.881769865902882, -18.501541786912988 ] } },
{ "type": "Feature", "properties": { "ID": 0, "NAME": "Ndanga", "X_Coord": 26.9084, "Y_Coord": -18.4918 }, "geometry": { "type": "Point", "coordinates": [ 26.90844726092018, -18.491799404428026 ] } },
{ "type": "Feature", "properties": { "ID": 0, "NAME": "Kamalala", "X_Coord": 26.9074, "Y_Coord": -18.3861 }, "geometry": { "type": "Point", "coordinates": [ 26.90744509750305, -18.386066513873146 ] } },
{ "type": "Feature", "properties": { "ID": 0, "NAME": "Songwa", "X_Coord": 26.9507, "Y_Coord": -18.4092 }, "geometry": { "type": "Point", "coordinates": [ 26.950686364417997, -18.409214531428226 ] } },
{ "type": "Feature", "properties": { "ID": 0, "NAME": "Lutope", "X_Coord": 26.9831, "Y_Coord": -18.5133 }, "geometry": { "type": "Point", "coordinates": [ 26.983143323703541, -18.513262180872555 ] } },
{ "type": "Feature", "properties": { "ID": 0, "NAME": "Dopota", "X_Coord": 27.0056, "Y_Coord": -18.5437 }, "geometry": { "type": "Point", "coordinates": [ 27.005595868869811, -18.543657226809835 ] } },
{ "type": "Feature", "properties": { "ID": 0, "NAME": "Sianyanga", "X_Coord": 27.0363, "Y_Coord": -18.4943 }, "geometry": { "type": "Point", "coordinates": [ 27.036260913433562, -18.49428118364569 ] } },
{ "type": "Feature", "properties": { "ID": 0, "NAME": "Nabuchome", "X_Coord": 27.065, "Y_Coord": -18.5133 }, "geometry": { "type": "Point", "coordinates": [ 27.064994889286385, -18.513264477069495 ] } },
{ "type": "Feature", "properties": { "ID": 0, "NAME": "Mabale", "X_Coord": 27.0842, "Y_Coord": -18.5691 }, "geometry": { "type": "Point", "coordinates": [ 27.084149459622971, -18.569053266530723 ] } },
{ "type": "Feature", "properties": { "ID": 0, "NAME": "St Theresa", "X_Coord": 27.0477, "Y_Coord": -18.3178 }, "geometry": { "type": "Point", "coordinates": [ 27.047674812142862, -18.317751850313311 ] } },
{ "type": "Feature", "properties": { "ID": 0, "NAME": "Gwayi Valley", "X_Coord": 27.1769, "Y_Coord": -18.606 }, "geometry": { "type": "Point", "coordinates": [ 27.176864922212975, -18.605978060616167 ] } },
{ "type": "Feature", "properties": { "ID": 0, "NAME": "Kamativi", "X_Coord": 27.055, "Y_Coord": -18.3064 }, "geometry": { "type": "Point", "coordinates": [ 27.055042158254036, -18.306364190245141 ] } },
{ "type": "Feature", "properties": { "ID": 0, "NAME": "Ngamo", "X_Coord": 27.4561, "Y_Coord": -19.1341 }, "geometry": { "type": "Point", "coordinates": [ 27.456070508183416, -19.134072685990247 ] } },
{ "type": "Feature", "properties": { "ID": 0, "NAME": "Dibutibu", "X_Coord": 27.6475, "Y_Coord": -19.1443 }, "geometry": { "type": "Point", "coordinates": [ 27.647540829336386, -19.144306988285738 ] } },
{ "type": "Feature", "properties": { "ID": 0, "NAME": "Mpindo", "X_Coord": 27.5827, "Y_Coord": -19.2144 }, "geometry": { "type": "Point", "coordinates": [ 27.582709708456214, -19.214373835592934 ] } },
{ "type": "Feature", "properties": { "ID": 0, "NAME": "Ziga", "X_Coord": 27.4645, "Y_Coord": -19.2154 }, "geometry": { "type": "Point", "coordinates": [ 27.464463277639968, -19.215360859934624 ] } },
{ "type": "Feature", "properties": { "ID": 0, "NAME": "Mlevu", "X_Coord": 27.4218, "Y_Coord": -19.2679 }, "geometry": { "type": "Point", "coordinates": [ 27.421844718805261, -19.267921956666232 ] } },
{ "type": "Feature", "properties": { "ID": 0, "NAME": "Kapane", "X_Coord": 27.4853, "Y_Coord": -19.2646 }, "geometry": { "type": "Point", "coordinates": [ 27.485316589461988, -19.264604233248154 ] } },
{ "type": "Feature", "properties": { "ID": 0, "NAME": "Jakalas", "X_Coord": 27.5825, "Y_Coord": -19.2542 }, "geometry": { "type": "Point", "coordinates": [ 27.58248681188871, -19.254183790749757 ] } },
{ "type": "Feature", "properties": { "ID": 0, "NAME": "Sipepa", "X_Coord": 27.6269, "Y_Coord": -19.2925 }, "geometry": { "type": "Point", "coordinates": [ 27.626858407783832, -19.292503148933331 ] } },
{ "type": "Feature", "properties": { "ID": 0, "NAME": "Gwayi", "X_Coord": 27.6653, "Y_Coord": -19.2815 }, "geometry": { "type": "Point", "coordinates": [ 27.665253961074374, -19.281455513264714 ] } },
{ "type": "Feature", "properties": { "ID": 0, "NAME": "Sipongweni", "X_Coord": 27.6939, "Y_Coord": -19.2439 }, "geometry": { "type": "Point", "coordinates": [ 27.693922901040835, -19.243870893754647 ] } },
{ "type": "Feature", "properties": { "ID": 0, "NAME": "Mahlaba", "X_Coord": 27.6351, "Y_Coord": -19.3597 }, "geometry": { "type": "Point", "coordinates": [ 27.635087076125881, -19.359690641782354 ] } },
{ "type": "Feature", "properties": { "ID": 0, "NAME": "Mcetshwa", "X_Coord": 27.5889, "Y_Coord": -19.3412 }, "geometry": { "type": "Point", "coordinates": [ 27.588923778706608, -19.34121541139038 ] } },
{ "type": "Feature", "properties": { "ID": 0, "NAME": "Mtshayeli", "X_Coord": 27.3115, "Y_Coord": -19.3059 }, "geometry": { "type": "Point", "coordinates": [ 27.311488026595629, -19.305887950717825 ] } },
{ "type": "Feature", "properties": { "ID": 0, "NAME": "Bemba", "X_Coord": 27.2525, "Y_Coord": -19.4577 }, "geometry": { "type": "Point", "coordinates": [ 27.252478961412979, -19.457683455519867 ] } },
{ "type": "Feature", "properties": { "ID": 0, "NAME": "Bayane", "X_Coord": 27.3306, "Y_Coord": -19.4921 }, "geometry": { "type": "Point", "coordinates": [ 27.330586845726412, -19.492100154716532 ] } },
{ "type": "Feature", "properties": { "ID": 0, "NAME": "Mbuhulu", "X_Coord": 27.3903, "Y_Coord": -19.5099 }, "geometry": { "type": "Point", "coordinates": [ 27.390255280774547, -19.509910338339903 ] } },
{ "type": "Feature", "properties": { "ID": 0, "NAME": "Dhlakapiya", "X_Coord": 27.4796, "Y_Coord": -19.52 }, "geometry": { "type": "Point", "coordinates": [ 27.479560662775445, -19.519985301289257 ] } },
{ "type": "Feature", "properties": { "ID": 0, "NAME": "Matupula", "X_Coord": 27.6656, "Y_Coord": -19.4217 }, "geometry": { "type": "Point", "coordinates": [ 27.665551042012179, -19.421716731144546 ] } },
{ "type": "Feature", "properties": { "ID": 0, "NAME": "Tshino", "X_Coord": 27.6081, "Y_Coord": -19.4193 }, "geometry": { "type": "Point", "coordinates": [ 27.608091611619798, -19.419263080757034 ] } },
{ "type": "Feature", "properties": { "ID": 0, "NAME": "Mpanedziba", "X_Coord": 27.5608, "Y_Coord": -19.477 }, "geometry": { "type": "Point", "coordinates": [ 27.560804297686925, -19.476953035800559 ] } },
{ "type": "Feature", "properties": { "ID": 0, "NAME": "Mabhanda", "X_Coord": 27.4799, "Y_Coord": -19.4381 }, "geometry": { "type": "Point", "coordinates": [ 27.479940757074132, -19.438061259423115 ] } },
{ "type": "Feature", "properties": { "ID": 0, "NAME": "Tshibizina", "X_Coord": 27.2764, "Y_Coord": -19.5364 }, "geometry": { "type": "Point", "coordinates": [ 27.276383835391314, -19.53636237474273 ] } },
{ "type": "Feature", "properties": { "ID": 0, "NAME": "Nkwizhu", "X_Coord": 27.7373, "Y_Coord": -19.5451 }, "geometry": { "type": "Point", "coordinates": [ 27.73728156642192, -19.545108870050306 ] } },
{ "type": "Feature", "properties": { "ID": 0, "NAME": "Jimila", "X_Coord": 27.7139, "Y_Coord": -19.5087 }, "geometry": { "type": "Point", "coordinates": [ 27.713877456201502, -19.508670744060382 ] } },
{ "type": "Feature", "properties": { "ID": 0, "NAME": "Jowa", "X_Coord": 27.573, "Y_Coord": -19.596 }, "geometry": { "type": "Point", "coordinates": [ 27.573025720971508, -19.595975243475248 ] } },
{ "type": "Feature", "properties": { "ID": 0, "NAME": "Mahole", "X_Coord": 27.4635, "Y_Coord": -19.5891 }, "geometry": { "type": "Point", "coordinates": [ 27.46348918818115, -19.589137892744198 ] } },
{ "type": "Feature", "properties": { "ID": 0, "NAME": "Mkayeni", "X_Coord": 27.5556, "Y_Coord": -19.6658 }, "geometry": { "type": "Point", "coordinates": [ 27.555610561211033, -19.665770350423866 ] } },
{ "type": "Feature", "properties": { "ID": 0, "NAME": "Zibungululu", "X_Coord": 27.6044, "Y_Coord": -19.674 }, "geometry": { "type": "Point", "coordinates": [ 27.604355006347365, -19.674000381566966 ] } },
{ "type": "Feature", "properties": { "ID": 0, "NAME": "Nembe", "X_Coord": 27.6949, "Y_Coord": -19.6758 }, "geometry": { "type": "Point", "coordinates": [ 27.694913025558463, -19.675752684798471 ] } },
{ "type": "Feature", "properties": { "ID": 0, "NAME": "Mkubazi", "X_Coord": 27.6706, "Y_Coord": -19.622 }, "geometry": { "type": "Point", "coordinates": [ 27.670628421189157, -19.622035486041661 ] } },
{ "type": "Feature", "properties": { "ID": 0, "NAME": "Tshitatshawa", "X_Coord": 27.4129, "Y_Coord": -19.7076 }, "geometry": { "type": "Point", "coordinates": [ 27.41286885307894, -19.707636499987387 ] } },
{ "type": "Feature", "properties": { "ID": 0, "NAME": "Sasedza", "X_Coord": 27.4988, "Y_Coord": -19.7152 }, "geometry": { "type": "Point", "coordinates": [ 27.498765704521549, -19.715157673549495 ] } },
{ "type": "Feature", "properties": { "ID": 0, "NAME": "Ntulula", "X_Coord": 27.4752, "Y_Coord": -19.7805 }, "geometry": { "type": "Point", "coordinates": [ 27.475216707222074, -19.780483962004816 ] } },
{ "type": "Feature", "properties": { "ID": 0, "NAME": "Nemane", "X_Coord": 27.5302, "Y_Coord": -19.8034 }, "geometry": { "type": "Point", "coordinates": [ 27.530216387172047, -19.8034230039401 ] } },
{ "type": "Feature", "properties": { "ID": 0, "NAME": "Zibalonkwe", "X_Coord": 27.463, "Y_Coord": -19.8362 }, "geometry": { "type": "Point", "coordinates": [ 27.463039716192363, -19.836188790642481 ] } },
{ "type": "Feature", "properties": { "ID": 0, "NAME": "Nanda", "X_Coord": 27.5573, "Y_Coord": -19.8616 }, "geometry": { "type": "Point", "coordinates": [ 27.557256647840717, -19.861615279877693 ] } },
{ "type": "Feature", "properties": { "ID": 0, "NAME": "Malanda", "X_Coord": 27.6401, "Y_Coord": -19.8403 }, "geometry": { "type": "Point", "coordinates": [ 27.640109524456669, -19.840340919549156 ] } },
{ "type": "Feature", "properties": { "ID": 0, "NAME": "Mhlabangubo", "X_Coord": 27.702, "Y_Coord": -19.8178 }, "geometry": { "type": "Point", "coordinates": [ 27.702002502727588, -19.81782533904564 ] } },
{ "type": "Feature", "properties": { "ID": 0, "NAME": "Matshudula", "X_Coord": 27.6943, "Y_Coord": -19.8486 }, "geometry": { "type": "Point", "coordinates": [ 27.69425905957641, -19.848560936792278 ] } },
{ "type": "Feature", "properties": { "ID": 0, "NAME": "Magama", "X_Coord": 27.8169, "Y_Coord": -19.8221 }, "geometry": { "type": "Point", "coordinates": [ 27.816913776182695, -19.822092627801993 ] } },
{ "type": "Feature", "properties": { "ID": 0, "NAME": "Dombo", "X_Coord": 27.7516, "Y_Coord": -19.7236 }, "geometry": { "type": "Point", "coordinates": [ 27.751559883861237, -19.723649691987319 ] } },
{ "type": "Feature", "properties": { "ID": 0, "NAME": "Mange", "X_Coord": 27.6608, "Y_Coord": -19.759 }, "geometry": { "type": "Point", "coordinates": [ 27.660766293522808, -19.759019337576799 ] } },
{ "type": "Feature", "properties": { "ID": 0, "NAME": "Wondola", "X_Coord": 27.5971, "Y_Coord": -19.7419 }, "geometry": { "type": "Point", "coordinates": [ 27.59705162831678, -19.741856676397088 ] } },
{ "type": "Feature", "properties": { "ID": 0, "NAME": "Mazibisa", "X_Coord": 27.6434, "Y_Coord": -19.7219 }, "geometry": { "type": "Point", "coordinates": [ 27.643435322204063, -19.721929933930724 ] } },
{ "type": "Feature", "properties": { "ID": 0, "NAME": "Madabu", "X_Coord": 27.5584, "Y_Coord": -19.8975 }, "geometry": { "type": "Point", "coordinates": [ 27.558357174549908, -19.897454701186327 ] } },
{ "type": "Feature", "properties": { "ID": 0, "NAME": "Makhaza", "X_Coord": 27.6378, "Y_Coord": -19.9338 }, "geometry": { "type": "Point", "coordinates": [ 27.637839093348191, -19.933788932964035 ] } },
{ "type": "Feature", "properties": { "ID": 0, "NAME": "Mvundlana", "X_Coord": 27.7808, "Y_Coord": -19.7953 }, "geometry": { "type": "Point", "coordinates": [ 27.78078638719666, -19.795278465104715 ] } },
{ "type": "Feature", "properties": { "ID": 0, "NAME": "Nhlangano", "X_Coord": 27.8638, "Y_Coord": -19.8412 }, "geometry": { "type": "Point", "coordinates": [ 27.863760297179557, -19.841206618475159 ] } },
{ "type": "Feature", "properties": { "ID": 0, "NAME": "Dinyani", "X_Coord": 27.7584, "Y_Coord": -19.899 }, "geometry": { "type": "Point", "coordinates": [ 27.758368265925039, -19.89900422294339 ] } },
{ "type": "Feature", "properties": { "ID": 0, "NAME": "Soluswe", "X_Coord": 27.7918, "Y_Coord": -19.9277 }, "geometry": { "type": "Point", "coordinates": [ 27.791815871908366, -19.9277434286467 ] } },
{ "type": "Feature", "properties": { "ID": 0, "NAME": "Siyangaya", "X_Coord": 27.7319, "Y_Coord": -19.9451 }, "geometry": { "type": "Point", "coordinates": [ 27.731889103743899, -19.945135157788272 ] } },
{ "type": "Feature", "properties": { "ID": 0, "NAME": "Mbalibeli", "X_Coord": 27.862, "Y_Coord": -19.9769 }, "geometry": { "type": "Point", "coordinates": [ 27.861990629828998, -19.976895425122983 ] } },
{ "type": "Feature", "properties": { "ID": 0, "NAME": "Bubube", "X_Coord": 27.809, "Y_Coord": -20.0071 }, "geometry": { "type": "Point", "coordinates": [ 27.808971970737105, -20.007074877263207 ] } },
{ "type": "Feature", "properties": { "ID": 0, "NAME": "Mate", "X_Coord": 27.8909, "Y_Coord": -20.0204 }, "geometry": { "type": "Point", "coordinates": [ 27.890883290659144, -20.020363669418423 ] } },
{ "type": "Feature", "properties": { "ID": 0, "NAME": "Dikili", "X_Coord": 27.7711, "Y_Coord": -20.0641 }, "geometry": { "type": "Point", "coordinates": [ 27.771135976945537, -20.064107295963101 ] } },
{ "type": "Feature", "properties": { "ID": 0, "NAME": "Shaba", "X_Coord": 27.7142, "Y_Coord": -20.0469 }, "geometry": { "type": "Point", "coordinates": [ 27.714177674218774, -20.046932117408431 ] } },
{ "type": "Feature", "properties": { "ID": 0, "NAME": "Dokwe", "X_Coord": 27.6656, "Y_Coord": -19.999 }, "geometry": { "type": "Point", "coordinates": [ 27.665638450891109, -19.999020089369619 ] } },
{ "type": "Feature", "properties": { "ID": 0, "NAME": "Nata", "X_Coord": 27.6345, "Y_Coord": -19.9901 }, "geometry": { "type": "Point", "coordinates": [ 27.634452960871187, -19.990117501032927 ] } },
{ "type": "Feature", "properties": { "ID": 0, "NAME": "Chefunye", "X_Coord": 27.7919, "Y_Coord": -20.1031 }, "geometry": { "type": "Point", "coordinates": [ 27.791867891492906, -20.10311047697774 ] } },
{ "type": "Feature", "properties": { "ID": 0, "NAME": "Tshabanda", "X_Coord": 27.8578, "Y_Coord": -20.1289 }, "geometry": { "type": "Point", "coordinates": [ 27.857765064026481, -20.128872088730063 ] } },
{ "type": "Feature", "properties": { "ID": 0, "NAME": "Mbiriya", "X_Coord": 27.2428, "Y_Coord": -19.6702 }, "geometry": { "type": "Point", "coordinates": [ 27.242836502399225, -19.670189976996838 ] } },
{ "type": "Feature", "properties": { "ID": 0, "NAME": "Sandawana", "X_Coord": 27.3633, "Y_Coord": -19.6866 }, "geometry": { "type": "Point", "coordinates": [ 27.363297025101371, -19.686607480208163 ] } },
{ "type": "Feature", "properties": { "ID": 0, "NAME": "Sikente", "X_Coord": 27.3173, "Y_Coord": -19.7942 }, "geometry": { "type": "Point", "coordinates": [ 27.317277159130331, -19.794217120971297 ] } },
{ "type": "Feature", "properties": { "ID": 0, "NAME": "Buthabubili", "X_Coord": 27.1707, "Y_Coord": -19.8002 }, "geometry": { "type": "Point", "coordinates": [ 27.170732379297348, -19.800248856176164 ] } },
{ "type": "Feature", "properties": { "ID": 0, "NAME": "Pelela", "X_Coord": 27.1367, "Y_Coord": -19.6665 }, "geometry": { "type": "Point", "coordinates": [ 27.136716087496826, -19.666546427671705 ] } },
{ "type": "Feature", "properties": { "ID": 0, "NAME": "Tembile", "X_Coord": 27.0331, "Y_Coord": -19.6994 }, "geometry": { "type": "Point", "coordinates": [ 27.033055059129136, -19.699379808198888 ] } },
{ "type": "Feature", "properties": { "ID": 0, "NAME": "Mgomeni", "X_Coord": 27.0192, "Y_Coord": -19.6143 }, "geometry": { "type": "Point", "coordinates": [ 27.019208855573041, -19.61428199272677 ] } },
{ "type": "Feature", "properties": { "ID": 0, "NAME": "Khumbula", "X_Coord": 27.112, "Y_Coord": -19.632 }, "geometry": { "type": "Point", "coordinates": [ 27.111983466769559, -19.632030841212813 ] } },
{ "type": "Feature", "properties": { "ID": 0, "NAME": "Mpilo", "X_Coord": 26.9672, "Y_Coord": -19.6765 }, "geometry": { "type": "Point", "coordinates": [ 26.967245199212346, -19.676460794063537 ] } },
{ "type": "Feature", "properties": { "ID": 0, "NAME": "Phelandaba", "X_Coord": 26.9904, "Y_Coord": -19.5759 }, "geometry": { "type": "Point", "coordinates": [ 26.990376893380223, -19.575933844580774 ] } },
{ "type": "Feature", "properties": { "ID": 0, "NAME": "Mkauzaneni", "X_Coord": 27.0586, "Y_Coord": -19.5745 }, "geometry": { "type": "Point", "coordinates": [ 27.058600979761433, -19.574527395056265 ] } },
{ "type": "Feature", "properties": { "ID": 0, "NAME": "Sikhobo", "X_Coord": 27.136, "Y_Coord": -19.5533 }, "geometry": { "type": "Point", "coordinates": [ 27.136048766393973, -19.553263048627699 ] } },
{ "type": "Feature", "properties": { "ID": 0, "NAME": "St Josephs", "X_Coord": 26.9638, "Y_Coord": -19.4409 }, "geometry": { "type": "Point", "coordinates": [ 26.963777425647553, -19.440937622926491 ] } },
{ "type": "Feature", "properties": { "ID": 0, "NAME": "Zimwatungwa", "X_Coord": 27.0203, "Y_Coord": -19.4792 }, "geometry": { "type": "Point", "coordinates": [ 27.020310474005345, -19.479234449835129 ] } },
{ "type": "Feature", "properties": { "ID": 0, "NAME": "St Marys", "X_Coord": 27.0808, "Y_Coord": -19.3991 }, "geometry": { "type": "Point", "coordinates": [ 27.080844956358455, -19.399119039387845 ] } },
{ "type": "Feature", "properties": { "ID": 0, "NAME": "St Wilfreds", "X_Coord": 27.0844, "Y_Coord": -19.5258 }, "geometry": { "type": "Point", "coordinates": [ 27.084374156375983, -19.525837663874157 ] } },
{ "type": "Feature", "properties": { "ID": 0, "NAME": "Sihazela", "X_Coord": 27.1816, "Y_Coord": -19.406 }, "geometry": { "type": "Point", "coordinates": [ 27.181598217925764, -19.405972662706358 ] } },
{ "type": "Feature", "properties": { "ID": 0, "NAME": "Samahuru", "X_Coord": 27.1684, "Y_Coord": -19.4911 }, "geometry": { "type": "Point", "coordinates": [ 27.168418971564812, -19.491120547678332 ] } },
{ "type": "Feature", "properties": { "ID": 0, "NAME": "Gombalume", "X_Coord": 27.3688, "Y_Coord": -19.568 }, "geometry": { "type": "Point", "coordinates": [ 27.36880566615681, -19.567977212637764 ] } },
{ "type": "Feature", "properties": { "ID": 0, "NAME": "Ngwaladi", "X_Coord": 28.3736, "Y_Coord": -18.5709 }, "geometry": { "type": "Point", "coordinates": [ 28.373591227414405, -18.5708787444267 ] } },
{ "type": "Feature", "properties": { "ID": 0, "NAME": "Nyamazano", "X_Coord": 28.4742, "Y_Coord": -18.5692 }, "geometry": { "type": "Point", "coordinates": [ 28.474215334173437, -18.56923862101014 ] } },
{ "type": "Feature", "properties": { "ID": 0, "NAME": "Somthanyelo", "X_Coord": 28.5003, "Y_Coord": -18.5922 }, "geometry": { "type": "Point", "coordinates": [ 28.500315236086383, -18.592197003196873 ] } },
{ "type": "Feature", "properties": { "ID": 0, "NAME": "Sando", "X_Coord": 28.4346, "Y_Coord": -18.6519 }, "geometry": { "type": "Point", "coordinates": [ 28.434614430040938, -18.651949414826078 ] } },
{ "type": "Feature", "properties": { "ID": 0, "NAME": "Mandhletu", "X_Coord": 28.4476, "Y_Coord": -18.6794 }, "geometry": { "type": "Point", "coordinates": [ 28.447575970280099, -18.679446686945393 ] } },
{ "type": "Feature", "properties": { "ID": 0, "NAME": "Somankantana", "X_Coord": 28.4026, "Y_Coord": -18.7037 }, "geometry": { "type": "Point", "coordinates": [ 28.402556334337795, -18.703705560398191 ] } },
{ "type": "Feature", "properties": { "ID": 0, "NAME": "Sipemba", "X_Coord": 28.3325, "Y_Coord": -18.7061 }, "geometry": { "type": "Point", "coordinates": [ 28.332457312217386, -18.706132210403368 ] } },
{ "type": "Feature", "properties": { "ID": 0, "NAME": "Sebhumane", "X_Coord": 28.4925, "Y_Coord": -18.6787 }, "geometry": { "type": "Point", "coordinates": [ 28.492462486336251, -18.678727471540075 ] } },
{ "type": "Feature", "properties": { "ID": 0, "NAME": "Somlimo", "X_Coord": 28.5609, "Y_Coord": -18.6777 }, "geometry": { "type": "Point", "coordinates": [ 28.560875929234413, -18.677744992054965 ] } },
{ "type": "Feature", "properties": { "ID": 0, "NAME": "Saziyabana", "X_Coord": 28.6097, "Y_Coord": -18.665 }, "geometry": { "type": "Point", "coordinates": [ 28.609695708424741, -18.664958465546178 ] } },
{ "type": "Feature", "properties": { "ID": 0, "NAME": "Sovondo", "X_Coord": 28.5811, "Y_Coord": -18.6155 }, "geometry": { "type": "Point", "coordinates": [ 28.581123957114301, -18.61545281641089 ] } },
{ "type": "Feature", "properties": { "ID": 0, "NAME": "Tshel", "X_Coord": 28.5949, "Y_Coord": -18.5789 }, "geometry": { "type": "Point", "coordinates": [ 28.594885348580966, -18.578911061842721 ] } },
{ "type": "Feature", "properties": { "ID": 0, "NAME": "Gwamayaya", "X_Coord": 28.6304, "Y_Coord": -18.709 }, "geometry": { "type": "Point", "coordinates": [ 28.630406644413902, -18.709046235012533 ] } },
{ "type": "Feature", "properties": { "ID": 0, "NAME": "Makwateni", "X_Coord": 28.4091, "Y_Coord": -18.7792 }, "geometry": { "type": "Point", "coordinates": [ 28.409149932834104, -18.779230761616539 ] } },
{ "type": "Feature", "properties": { "ID": 0, "NAME": "Sipemba", "X_Coord": 28.3778, "Y_Coord": -18.787 }, "geometry": { "type": "Point", "coordinates": [ 28.377842101963388, -18.786978305708381 ] } },
{ "type": "Feature", "properties": { "ID": 0, "NAME": "Bodaboda", "X_Coord": 28.4184, "Y_Coord": -18.8114 }, "geometry": { "type": "Point", "coordinates": [ 28.418385142336469, -18.811368132335737 ] } },
{ "type": "Feature", "properties": { "ID": 0, "NAME": null, "X_Coord": 28.3672, "Y_Coord": -18.8339 }, "geometry": { "type": "Point", "coordinates": [ 28.367231274529164, -18.833937975491871 ] } },
{ "type": "Feature", "properties": { "ID": 0, "NAME": "Mthoniselwa", "X_Coord": 28.3479, "Y_Coord": -18.9119 }, "geometry": { "type": "Point", "coordinates": [ 28.347878210293175, -18.9118660585988 ] } },
{ "type": "Feature", "properties": { "ID": 0, "NAME": "Simbo", "X_Coord": 28.4498, "Y_Coord": -18.8656 }, "geometry": { "type": "Point", "coordinates": [ 28.449838489719745, -18.865638747073266 ] } },
{ "type": "Feature", "properties": { "ID": 0, "NAME": "Gampakalala", "X_Coord": 28.4825, "Y_Coord": -18.781 }, "geometry": { "type": "Point", "coordinates": [ 28.482492726775163, -18.780957896537171 ] } },
{ "type": "Feature", "properties": { "ID": 0, "NAME": "Mdengelele", "X_Coord": 28.5829, "Y_Coord": -18.7301 }, "geometry": { "type": "Point", "coordinates": [ 28.582888565456855, -18.73012906526704 ] } },
{ "type": "Feature", "properties": { "ID": 0, "NAME": "Malinga", "X_Coord": 28.5406, "Y_Coord": -18.7757 }, "geometry": { "type": "Point", "coordinates": [ 28.540586934051667, -18.775736289857296 ] } },
{ "type": "Feature", "properties": { "ID": 0, "NAME": "Skopo", "X_Coord": 28.5883, "Y_Coord": -18.7767 }, "geometry": { "type": "Point", "coordinates": [ 28.58833141388406, -18.77665130681455 ] } },
{ "type": "Feature", "properties": { "ID": 0, "NAME": "Sagonda", "X_Coord": 28.5609, "Y_Coord": -18.8918 }, "geometry": { "type": "Point", "coordinates": [ 28.560918540534356, -18.891835795172586 ] } },
{ "type": "Feature", "properties": { "ID": 0, "NAME": "Mkalati", "X_Coord": 28.6087, "Y_Coord": -18.8883 }, "geometry": { "type": "Point", "coordinates": [ 28.608653169041233, -18.888345614944409 ] } },
{ "type": "Feature", "properties": { "ID": 0, "NAME": "Komayanga", "X_Coord": 28.6494, "Y_Coord": -18.8808 }, "geometry": { "type": "Point", "coordinates": [ 28.649411636331877, -18.880842688873727 ] } },
{ "type": "Feature", "properties": { "ID": 0, "NAME": "Mbuma", "X_Coord": 28.4541, "Y_Coord": -18.9259 }, "geometry": { "type": "Point", "coordinates": [ 28.454119958284686, -18.92593868355533 ] } },
{ "type": "Feature", "properties": { "ID": 0, "NAME": "Sikobokobo", "X_Coord": 28.4725, "Y_Coord": -18.7561 }, "geometry": { "type": "Point", "coordinates": [ 28.472501390409235, -18.756091033206648 ] } },
{ "type": "Feature", "properties": { "ID": 0, "NAME": "Dakamela", "X_Coord": 28.66, "Y_Coord": -18.7873 }, "geometry": { "type": "Point", "coordinates": [ 28.660039645812606, -18.787345561665049 ] } },
{ "type": "Feature", "properties": { "ID": 0, "NAME": "Mpazhe", "X_Coord": 28.7181, "Y_Coord": -18.7798 }, "geometry": { "type": "Point", "coordinates": [ 28.718092970641766, -18.779752965544603 ] } },
{ "type": "Feature", "properties": { "ID": 0, "NAME": "Dolahali", "X_Coord": 28.6877, "Y_Coord": -18.8176 }, "geometry": { "type": "Point", "coordinates": [ 28.687677856309836, -18.817639402490183 ] } },
{ "type": "Feature", "properties": { "ID": 0, "NAME": "Manomano", "X_Coord": 28.6949, "Y_Coord": -18.888 }, "geometry": { "type": "Point", "coordinates": [ 28.694936387430946, -18.887967793526752 ] } },
{ "type": "Feature", "properties": { "ID": 0, "NAME": "Gonye", "X_Coord": 28.7411, "Y_Coord": -18.8812 }, "geometry": { "type": "Point", "coordinates": [ 28.74108916624116, -18.881153018637637 ] } },
{ "type": "Feature", "properties": { "ID": 0, "NAME": "Tohwe", "X_Coord": 28.7185, "Y_Coord": -18.9285 }, "geometry": { "type": "Point", "coordinates": [ 28.718466597971922, -18.92853489422998 ] } },
{ "type": "Feature", "properties": { "ID": 0, "NAME": "Sesemba", "X_Coord": 28.6665, "Y_Coord": -18.9706 }, "geometry": { "type": "Point", "coordinates": [ 28.666487461410121, -18.970552044519234 ] } },
{ "type": "Feature", "properties": { "ID": 0, "NAME": "Mjena", "X_Coord": 28.5876, "Y_Coord": -18.9419 }, "geometry": { "type": "Point", "coordinates": [ 28.587591853859276, -18.941937907632482 ] } },
{ "type": "Feature", "properties": { "ID": 0, "NAME": "Magazi", "X_Coord": 28.3747, "Y_Coord": -18.9575 }, "geometry": { "type": "Point", "coordinates": [ 28.374725303505222, -18.957514913732123 ] } },
{ "type": "Feature", "properties": { "ID": 0, "NAME": "Singeni", "X_Coord": 28.3351, "Y_Coord": -19.0289 }, "geometry": { "type": "Point", "coordinates": [ 28.335111358046092, -19.028920451868196 ] } },
{ "type": "Feature", "properties": { "ID": 0, "NAME": "Dlawa", "X_Coord": 28.414, "Y_Coord": -19.0508 }, "geometry": { "type": "Point", "coordinates": [ 28.41401407415168, -19.0507749927079 ] } },
{ "type": "Feature", "properties": { "ID": 0, "NAME": "Mpakama", "X_Coord": 28.4829, "Y_Coord": -19.0017 }, "geometry": { "type": "Point", "coordinates": [ 28.482925476125029, -19.001704790033134 ] } },
{ "type": "Feature", "properties": { "ID": 0, "NAME": "Lutsha", "X_Coord": 28.5376, "Y_Coord": -19.0345 }, "geometry": { "type": "Point", "coordinates": [ 28.537584328665194, -19.034488216211624 ] } },
{ "type": "Feature", "properties": { "ID": 0, "NAME": "Phethani", "X_Coord": 28.4709, "Y_Coord": -19.0668 }, "geometry": { "type": "Point", "coordinates": [ 28.470921520313606, -19.066841336600202 ] } },
{ "type": "Feature", "properties": { "ID": 0, "NAME": "Majaha", "X_Coord": 28.5345, "Y_Coord": -19.0869 }, "geometry": { "type": "Point", "coordinates": [ 28.534452323387669, -19.086927375753806 ] } },
{ "type": "Feature", "properties": { "ID": 0, "NAME": "Bhubhu", "X_Coord": 28.6002, "Y_Coord": -19.1 }, "geometry": { "type": "Point", "coordinates": [ 28.600209776302357, -19.099963777187135 ] } },
{ "type": "Feature", "properties": { "ID": 0, "NAME": "Fudu", "X_Coord": 28.6286, "Y_Coord": -19.0338 }, "geometry": { "type": "Point", "coordinates": [ 28.62856842961774, -19.033751548355365 ] } },
{ "type": "Feature", "properties": { "ID": 0, "NAME": "Mathetshaneni", "X_Coord": 28.7959, "Y_Coord": -18.9256 }, "geometry": { "type": "Point", "coordinates": [ 28.795877180141687, -18.925585480297503 ] } },
{ "type": "Feature", "properties": { "ID": 0, "NAME": "Mabayi", "X_Coord": 28.7058, "Y_Coord": -19.0711 }, "geometry": { "type": "Point", "coordinates": [ 28.705846202781075, -19.071058656781943 ] } },
{ "type": "Feature", "properties": { "ID": 0, "NAME": "Tunke", "X_Coord": 28.6612, "Y_Coord": -19.1292 }, "geometry": { "type": "Point", "coordinates": [ 28.661202446596828, -19.129247831368943 ] } },
{ "type": "Feature", "properties": { "ID": 0, "NAME": "Gwampa", "X_Coord": 28.729, "Y_Coord": -19.1511 }, "geometry": { "type": "Point", "coordinates": [ 28.729047268589749, -19.151090486749055 ] } },
{ "type": "Feature", "properties": { "ID": 0, "NAME": "Katasa", "X_Coord": 28.7332, "Y_Coord": -19.1212 }, "geometry": { "type": "Point", "coordinates": [ 28.733219679238491, -19.121155446624599 ] } },
{ "type": "Feature", "properties": { "ID": 0, "NAME": "Zenka", "X_Coord": 28.7564, "Y_Coord": -19.076 }, "geometry": { "type": "Point", "coordinates": [ 28.756440785633632, -19.075984498884392 ] } },
{ "type": "Feature", "properties": { "ID": 0, "NAME": "Mtshatshani", "X_Coord": 28.809, "Y_Coord": -19.0861 }, "geometry": { "type": "Point", "coordinates": [ 28.80904642281633, -19.086055937028373 ] } },
{ "type": "Feature", "properties": { "ID": 0, "NAME": "Mdlawuzweni", "X_Coord": 28.7829, "Y_Coord": -19.0088 }, "geometry": { "type": "Point", "coordinates": [ 28.782900242705338, -19.0088357010263 ] } },
{ "type": "Feature", "properties": { "ID": 0, "NAME": "Dolankombe", "X_Coord": 28.7058, "Y_Coord": -19.2214 }, "geometry": { "type": "Point", "coordinates": [ 28.705804452265628, -19.221372758727288 ] } },
{ "type": "Feature", "properties": { "ID": 0, "NAME": "St. Thomas", "X_Coord": 28.7566, "Y_Coord": -19.2352 }, "geometry": { "type": "Point", "coordinates": [ 28.756582497984297, -19.235157675378119 ] } },
{ "type": "Feature", "properties": { "ID": 0, "NAME": "Hompane", "X_Coord": 28.8222, "Y_Coord": -19.1598 }, "geometry": { "type": "Point", "coordinates": [ 28.822168242379465, -19.159847012990348 ] } },
{ "type": "Feature", "properties": { "ID": 0, "NAME": "Lukona", "X_Coord": 28.9388, "Y_Coord": -19.2651 }, "geometry": { "type": "Point", "coordinates": [ 28.938834235243228, -19.265079796615527 ] } },
{ "type": "Feature", "properties": { "ID": 0, "NAME": "Guwe", "X_Coord": 28.9548, "Y_Coord": -19.1993 }, "geometry": { "type": "Point", "coordinates": [ 28.954776453401053, -19.199338297201823 ] } },
{ "type": "Feature", "properties": { "ID": 0, "NAME": "Gwitshi", "X_Coord": 28.9792, "Y_Coord": -19.1397 }, "geometry": { "type": "Point", "coordinates": [ 28.979245060970246, -19.139734126749449 ] } },
{ "type": "Feature", "properties": { "ID": 0, "NAME": "Duhamzondo", "X_Coord": 28.9813, "Y_Coord": -19.0998 }, "geometry": { "type": "Point", "coordinates": [ 28.981276462301057, -19.099839825205599 ] } },
{ "type": "Feature", "properties": { "ID": 0, "NAME": "Hadane", "X_Coord": 28.988, "Y_Coord": -19.0655 }, "geometry": { "type": "Point", "coordinates": [ 28.988027086411698, -19.06545524946722 ] } },
{ "type": "Feature", "properties": { "ID": 0, "NAME": "Longwe", "X_Coord": 29.0112, "Y_Coord": -19.3154 }, "geometry": { "type": "Point", "coordinates": [ 29.011179939414021, -19.315429052004077 ] } },
{ "type": "Feature", "properties": { "ID": 0, "NAME": "Dimpamiwa", "X_Coord": 28.8936, "Y_Coord": -19.0189 }, "geometry": { "type": "Point", "coordinates": [ 28.893640786511355, -19.018859705368882 ] } },
{ "type": "Feature", "properties": { "ID": 0, "NAME": "Nkayi", "X_Coord": 28.8533, "Y_Coord": -18.9656 }, "geometry": { "type": "Point", "coordinates": [ 28.853342140161708, -18.96558736471599 ] } },
{ "type": "Feature", "properties": { "ID": 0, "NAME": "Mkhalandoda", "X_Coord": 28.8943, "Y_Coord": -18.9379 }, "geometry": { "type": "Point", "coordinates": [ 28.894259221770877, -18.937875619662673 ] } },
{ "type": "Feature", "properties": { "ID": 0, "NAME": "Nkuba", "X_Coord": 28.8736, "Y_Coord": -18.8783 }, "geometry": { "type": "Point", "coordinates": [ 28.873554721668345, -18.878263909098042 ] } },
{ "type": "Feature", "properties": { "ID": 0, "NAME": "Sivomo", "X_Coord": 28.8201, "Y_Coord": -18.8463 }, "geometry": { "type": "Point", "coordinates": [ 28.820055418550311, -18.846306932064333 ] } },
{ "type": "Feature", "properties": { "ID": 0, "NAME": "Mathendele", "X_Coord": 28.8509, "Y_Coord": -19.0213 }, "geometry": { "type": "Point", "coordinates": [ 28.85088040797574, -19.021298981700195 ] } },
{ "type": "Feature", "properties": { "ID": 0, "NAME": "Mtshabi", "X_Coord": 28.7351, "Y_Coord": -18.7515 }, "geometry": { "type": "Point", "coordinates": [ 28.735123549982671, -18.75145471699701 ] } },
{ "type": "Feature", "properties": { "ID": 0, "NAME": "Nesikwe", "X_Coord": 28.7873, "Y_Coord": -18.7354 }, "geometry": { "type": "Point", "coordinates": [ 28.787297244652212, -18.73544120452911 ] } },
{ "type": "Feature", "properties": { "ID": 0, "NAME": "Mhlabuyatshisa", "X_Coord": 28.846, "Y_Coord": -18.7516 }, "geometry": { "type": "Point", "coordinates": [ 28.845969610081841, -18.751626436374703 ] } },
{ "type": "Feature", "properties": { "ID": 0, "NAME": "Jengwe", "X_Coord": 28.89, "Y_Coord": -18.7079 }, "geometry": { "type": "Point", "coordinates": [ 28.889967174125445, -18.707890235352853 ] } },
{ "type": "Feature", "properties": { "ID": 0, "NAME": "Hojeni", "X_Coord": 28.7221, "Y_Coord": -18.7248 }, "geometry": { "type": "Point", "coordinates": [ 28.722149197884146, -18.724764088781697 ] } },
{ "type": "Feature", "properties": { "ID": 0, "NAME": "Zidulini", "X_Coord": 28.6662, "Y_Coord": -18.7118 }, "geometry": { "type": "Point", "coordinates": [ 28.666220736948716, -18.711824628839274 ] } },
{ "type": "Feature", "properties": { "ID": 0, "NAME": "Sihlengeni", "X_Coord": 28.6743, "Y_Coord": -18.7514 }, "geometry": { "type": "Point", "coordinates": [ 28.674310119281209, -18.751368204168877 ] } },
{ "type": "Feature", "properties": { "ID": 0, "NAME": "Gampinya", "X_Coord": 28.6563, "Y_Coord": -18.6466 }, "geometry": { "type": "Point", "coordinates": [ 28.656345645709987, -18.646634411974421 ] } },
{ "type": "Feature", "properties": { "ID": 0, "NAME": "Setshanke", "X_Coord": 28.7703, "Y_Coord": -18.6542 }, "geometry": { "type": "Point", "coordinates": [ 28.770281234037963, -18.654172123900569 ] } },
{ "type": "Feature", "properties": { "ID": 0, "NAME": "Gwelutshena", "X_Coord": 28.7106, "Y_Coord": -18.6515 }, "geometry": { "type": "Point", "coordinates": [ 28.710631567923222, -18.651523751997644 ] } },
{ "type": "Feature", "properties": { "ID": 0, "NAME": "Somakwilili", "X_Coord": 28.7114, "Y_Coord": -18.6167 }, "geometry": { "type": "Point", "coordinates": [ 28.711433550734025, -18.616705268689557 ] } },
{ "type": "Feature", "properties": { "ID": 0, "NAME": "Jabulisa", "X_Coord": 28.7105, "Y_Coord": -18.5672 }, "geometry": { "type": "Point", "coordinates": [ 28.710545842486923, -18.567228275216475 ] } },
{ "type": "Feature", "properties": { "ID": 0, "NAME": "Nyaje", "X_Coord": 28.8023, "Y_Coord": -18.5796 }, "geometry": { "type": "Point", "coordinates": [ 28.802343991592799, -18.579618726475921 ] } },
{ "type": "Feature", "properties": { "ID": 0, "NAME": "Mapasapasa", "X_Coord": 28.8668, "Y_Coord": -18.6434 }, "geometry": { "type": "Point", "coordinates": [ 28.866846354676522, -18.64337288674621 ] } },
{ "type": "Feature", "properties": { "ID": 0, "NAME": "Mateme", "X_Coord": 28.929, "Y_Coord": -18.6692 }, "geometry": { "type": "Point", "coordinates": [ 28.928956611906695, -18.66923364399149 ] } },
{ "type": "Feature", "properties": { "ID": 0, "NAME": "Sengulube", "X_Coord": 28.9258, "Y_Coord": -18.6045 }, "geometry": { "type": "Point", "coordinates": [ 28.925766263981149, -18.604518959780904 ] } },
{ "type": "Feature", "properties": { "ID": 0, "NAME": "Gababi", "X_Coord": 28.9824, "Y_Coord": -18.6274 }, "geometry": { "type": "Point", "coordinates": [ 28.982383480408558, -18.627353983004401 ] } },
{ "type": "Feature", "properties": { "ID": 0, "NAME": "Mangwizi", "X_Coord": 29.0121, "Y_Coord": -18.6683 }, "geometry": { "type": "Point", "coordinates": [ 29.012142858922626, -18.668287817013681 ] } },
{ "type": "Feature", "properties": { "ID": 0, "NAME": "Makhasane", "X_Coord": 29.0225, "Y_Coord": -18.6477 }, "geometry": { "type": "Point", "coordinates": [ 29.022458035071875, -18.647727443342514 ] } },
{ "type": "Feature", "properties": { "ID": 0, "NAME": "Sembeule", "X_Coord": 29.0545, "Y_Coord": -18.6042 }, "geometry": { "type": "Point", "coordinates": [ 29.054487475171921, -18.604170990499149 ] } },
{ "type": "Feature", "properties": { "ID": 0, "NAME": "Tshanke", "X_Coord": 28.8379, "Y_Coord": -19.2116 }, "geometry": { "type": "Point", "coordinates": [ 28.837870973019445, -19.211564716715774 ] } },
{ "type": "Feature", "properties": { "ID": 0, "NAME": "Chitete", "X_Coord": 27.9301, "Y_Coord": -18.2742 }, "geometry": { "type": "Point", "coordinates": [ 27.930060351435756, -18.27418509957894 ] } },
{ "type": "Feature", "properties": { "ID": 0, "NAME": "Kanyandavu", "X_Coord": 27.9822, "Y_Coord": -18.2999 }, "geometry": { "type": "Point", "coordinates": [ 27.982209293525152, -18.299939816595238 ] } },
{ "type": "Feature", "properties": { "ID": 0, "NAME": "Sefula", "X_Coord": 27.9829, "Y_Coord": -18.3556 }, "geometry": { "type": "Point", "coordinates": [ 27.982896739120466, -18.355597665775043 ] } },
{ "type": "Feature", "properties": { "ID": 0, "NAME": "Dandanda", "X_Coord": 27.872, "Y_Coord": -18.4351 }, "geometry": { "type": "Point", "coordinates": [ 27.872024879773473, -18.435101131720423 ] } },
{ "type": "Feature", "properties": { "ID": 0, "NAME": "Gegema", "X_Coord": 27.7939, "Y_Coord": -18.4357 }, "geometry": { "type": "Point", "coordinates": [ 27.793860313035466, -18.435739100542868 ] } },
{ "type": "Feature", "properties": { "ID": 0, "NAME": "Borehole42", "X_Coord": 27.8975, "Y_Coord": -18.4724 }, "geometry": { "type": "Point", "coordinates": [ 27.897548282918798, -18.472436337344579 ] } },
{ "type": "Feature", "properties": { "ID": 0, "NAME": "Mzola 52", "X_Coord": 27.7264, "Y_Coord": -18.4567 }, "geometry": { "type": "Point", "coordinates": [ 27.726365787069398, -18.456719908009198 ] } },
{ "type": "Feature", "properties": { "ID": 0, "NAME": "Mzola 55", "X_Coord": 27.6725, "Y_Coord": -18.4769 }, "geometry": { "type": "Point", "coordinates": [ 27.672450990305258, -18.476915222674887 ] } },
{ "type": "Feature", "properties": { "ID": 0, "NAME": "Matshokotsha", "X_Coord": 27.6632, "Y_Coord": -18.4414 }, "geometry": { "type": "Point", "coordinates": [ 27.663176725994735, -18.441383675710085 ] } },
{ "type": "Feature", "properties": { "ID": 0, "NAME": "Nono", "X_Coord": 27.7275, "Y_Coord": -18.5019 }, "geometry": { "type": "Point", "coordinates": [ 27.727514272757595, -18.501871754284267 ] } },
{ "type": "Feature", "properties": { "ID": 0, "NAME": "Sibombo", "X_Coord": 27.7518, "Y_Coord": -18.5337 }, "geometry": { "type": "Point", "coordinates": [ 27.751842262611842, -18.533655650326594 ] } },
{ "type": "Feature", "properties": { "ID": 0, "NAME": "Singobile", "X_Coord": 27.7878, "Y_Coord": -18.5264 }, "geometry": { "type": "Point", "coordinates": [ 27.787824766677005, -18.526439143843046 ] } },
{ "type": "Feature", "properties": { "ID": 0, "NAME": "Msewele", "X_Coord": 27.6631, "Y_Coord": -18.5551 }, "geometry": { "type": "Point", "coordinates": [ 27.663117440830248, -18.55508945459064 ] } },
{ "type": "Feature", "properties": { "ID": 0, "NAME": "Mambempenene", "X_Coord": 27.9149, "Y_Coord": -18.5456 }, "geometry": { "type": "Point", "coordinates": [ 27.914930228286593, -18.545566953362282 ] } },
{ "type": "Feature", "properties": { "ID": 0, "NAME": "Guga", "X_Coord": 27.5765, "Y_Coord": -18.4364 }, "geometry": { "type": "Point", "coordinates": [ 27.576517905632681, -18.436412767588255 ] } },
{ "type": "Feature", "properties": { "ID": 0, "NAME": "Mzola 5", "X_Coord": 27.6118, "Y_Coord": -18.5285 }, "geometry": { "type": "Point", "coordinates": [ 27.611818564694918, -18.528460757829443 ] } },
{ "type": "Feature", "properties": { "ID": 0, "NAME": "Mzola", "X_Coord": 27.5627, "Y_Coord": -18.5375 }, "geometry": { "type": "Point", "coordinates": [ 27.562685965294992, -18.537475973255621 ] } },
{ "type": "Feature", "properties": { "ID": 0, "NAME": "Thokozani", "X_Coord": 27.5247, "Y_Coord": -18.5287 }, "geometry": { "type": "Point", "coordinates": [ 27.524692654926007, -18.528744839972489 ] } },
{ "type": "Feature", "properties": { "ID": 0, "NAME": "Kana", "X_Coord": 27.5573, "Y_Coord": -18.582 }, "geometry": { "type": "Point", "coordinates": [ 27.557347059872871, -18.581973315894249 ] } },
{ "type": "Feature", "properties": { "ID": 0, "NAME": "Sobendle", "X_Coord": 27.5177, "Y_Coord": -18.6057 }, "geometry": { "type": "Point", "coordinates": [ 27.517743062797486, -18.605660667142839 ] } },
{ "type": "Feature", "properties": { "ID": 0, "NAME": "Gundwane", "X_Coord": 27.4569, "Y_Coord": -18.6325 }, "geometry": { "type": "Point", "coordinates": [ 27.456881092491049, -18.632495280932414 ] } },
{ "type": "Feature", "properties": { "ID": 0, "NAME": "Tshongokwe", "X_Coord": 27.6011, "Y_Coord": -18.6241 }, "geometry": { "type": "Point", "coordinates": [ 27.601137055993906, -18.62409648589534 ] } },
{ "type": "Feature", "properties": { "ID": 0, "NAME": "Dongamuzi", "X_Coord": 27.4598, "Y_Coord": -18.4135 }, "geometry": { "type": "Point", "coordinates": [ 27.459824463004633, -18.413467644055721 ] } },
{ "type": "Feature", "properties": { "ID": 0, "NAME": "Manganganga", "X_Coord": 27.4825, "Y_Coord": -18.6694 }, "geometry": { "type": "Point", "coordinates": [ 27.48250534861339, -18.669421582225581 ] } },
{ "type": "Feature", "properties": { "ID": 0, "NAME": "Jotsholo", "X_Coord": 27.5192, "Y_Coord": -18.6916 }, "geometry": { "type": "Point", "coordinates": [ 27.519224310300928, -18.691556822774483 ] } },
{ "type": "Feature", "properties": { "ID": 0, "NAME": "St. George", "X_Coord": 27.5849, "Y_Coord": -18.7138 }, "geometry": { "type": "Point", "coordinates": [ 27.584913011633997, -18.713813804218933 ] } },
{ "type": "Feature", "properties": { "ID": 0, "NAME": "Ngombane", "X_Coord": 27.619, "Y_Coord": -18.7019 }, "geometry": { "type": "Point", "coordinates": [ 27.61901999284208, -18.701854192842855 ] } },
{ "type": "Feature", "properties": { "ID": 0, "NAME": "Menyezwa", "X_Coord": 27.5427, "Y_Coord": -18.7643 }, "geometry": { "type": "Point", "coordinates": [ 27.54265547300713, -18.764284018639888 ] } },
{ "type": "Feature", "properties": { "ID": 0, "NAME": "Jaba jaba", "X_Coord": 27.4907, "Y_Coord": -18.7677 }, "geometry": { "type": "Point", "coordinates": [ 27.490686905655974, -18.767658952080094 ] } },
{ "type": "Feature", "properties": { "ID": 0, "NAME": "Kwarai", "X_Coord": 27.6622, "Y_Coord": -18.7403 }, "geometry": { "type": "Point", "coordinates": [ 27.662172098941657, -18.740314874375528 ] } },
{ "type": "Feature", "properties": { "ID": 0, "NAME": "Bangale", "X_Coord": 27.6827, "Y_Coord": -18.7261 }, "geometry": { "type": "Point", "coordinates": [ 27.682659239854971, -18.726108550238038 ] } },
{ "type": "Feature", "properties": { "ID": 0, "NAME": "Tiki", "X_Coord": 27.7539, "Y_Coord": -18.6349 }, "geometry": { "type": "Point", "coordinates": [ 27.75386842768765, -18.6349061887266 ] } },
{ "type": "Feature", "properties": { "ID": 0, "NAME": "Gumede", "X_Coord": 27.5948, "Y_Coord": -18.7963 }, "geometry": { "type": "Point", "coordinates": [ 27.594840956685506, -18.796341136262562 ] } },
{ "type": "Feature", "properties": { "ID": 0, "NAME": "Masenyane", "X_Coord": 27.6424, "Y_Coord": -18.8157 }, "geometry": { "type": "Point", "coordinates": [ 27.64242635238941, -18.815710997702141 ] } },
{ "type": "Feature", "properties": { "ID": 0, "NAME": "Ngadlwana", "X_Coord": 27.7642, "Y_Coord": -18.7198 }, "geometry": { "type": "Point", "coordinates": [ 27.764237643568535, -18.719760612876026 ] } },
{ "type": "Feature", "properties": { "ID": 0, "NAME": "Zinaphi", "X_Coord": 27.7308, "Y_Coord": -18.7715 }, "geometry": { "type": "Point", "coordinates": [ 27.730764969998216, -18.771536171979172 ] } },
{ "type": "Feature", "properties": { "ID": 0, "NAME": "Mtshakabhandana", "X_Coord": 27.7734, "Y_Coord": -18.7815 }, "geometry": { "type": "Point", "coordinates": [ 27.773404755074122, -18.781549453760572 ] } },
{ "type": "Feature", "properties": { "ID": 0, "NAME": "Ndlovu", "X_Coord": 27.7245, "Y_Coord": -18.8729 }, "geometry": { "type": "Point", "coordinates": [ 27.724492698327094, -18.87291308015682 ] } },
{ "type": "Feature", "properties": { "ID": 0, "NAME": "Shabula", "X_Coord": 27.6763, "Y_Coord": -18.8679 }, "geometry": { "type": "Point", "coordinates": [ 27.676280336485682, -18.867949433173056 ] } },
{ "type": "Feature", "properties": { "ID": 0, "NAME": "Lupane", "X_Coord": 27.744, "Y_Coord": -18.9162 }, "geometry": { "type": "Point", "coordinates": [ 27.744001946761614, -18.916225601646097 ] } },
{ "type": "Feature", "properties": { "ID": 0, "NAME": "Mpofu", "X_Coord": 27.8086, "Y_Coord": -18.9565 }, "geometry": { "type": "Point", "coordinates": [ 27.808558237242163, -18.956477541659648 ] } },
{ "type": "Feature", "properties": { "ID": 0, "NAME": "Makhovula", "X_Coord": 27.8708, "Y_Coord": -18.919 }, "geometry": { "type": "Point", "coordinates": [ 27.870822165999094, -18.919008065643851 ] } },
{ "type": "Feature", "properties": { "ID": 0, "NAME": "Somhlanga", "X_Coord": 27.827, "Y_Coord": -18.8119 }, "geometry": { "type": "Point", "coordinates": [ 27.8270202472509, -18.811856393842113 ] } },
{ "type": "Feature", "properties": { "ID": 0, "NAME": "Lupaka", "X_Coord": 27.8955, "Y_Coord": -18.7781 }, "geometry": { "type": "Point", "coordinates": [ 27.895502224452375, -18.778142817798813 ] } },
{ "type": "Feature", "properties": { "ID": 0, "NAME": "Komba", "X_Coord": 27.9171, "Y_Coord": -18.8231 }, "geometry": { "type": "Point", "coordinates": [ 27.917098885432601, -18.823058069750921 ] } },
{ "type": "Feature", "properties": { "ID": 0, "NAME": "Matshakayile", "X_Coord": 27.9766, "Y_Coord": -18.8102 }, "geometry": { "type": "Point", "coordinates": [ 27.976638005737563, -18.810198827996835 ] } },
{ "type": "Feature", "properties": { "ID": 0, "NAME": "Kabela", "X_Coord": 28.0169, "Y_Coord": -18.8283 }, "geometry": { "type": "Point", "coordinates": [ 28.016872471876638, -18.828251855195603 ] } },
{ "type": "Feature", "properties": { "ID": 0, "NAME": "Ndamuleni", "X_Coord": 27.9482, "Y_Coord": -18.9301 }, "geometry": { "type": "Point", "coordinates": [ 27.948245223985811, -18.930130489827551 ] } },
{ "type": "Feature", "properties": { "ID": 0, "NAME": "Madotswa", "X_Coord": 27.8584, "Y_Coord": -18.9845 }, "geometry": { "type": "Point", "coordinates": [ 27.858365601412682, -18.984462894590436 ] } },
{ "type": "Feature", "properties": { "ID": 0, "NAME": "Sibangani", "X_Coord": 27.9424, "Y_Coord": -18.9981 }, "geometry": { "type": "Point", "coordinates": [ 27.942407437804412, -18.998070309827355 ] } },
{ "type": "Feature", "properties": { "ID": 0, "NAME": "Masungamala", "X_Coord": 27.7133, "Y_Coord": -19.0261 }, "geometry": { "type": "Point", "coordinates": [ 27.713282737301387, -19.026087077957264 ] } },
{ "type": "Feature", "properties": { "ID": 0, "NAME": "Phumakanye", "X_Coord": 27.7287, "Y_Coord": -19.0193 }, "geometry": { "type": "Point", "coordinates": [ 27.728662827905914, -19.01934789189799 ] } },
{ "type": "Feature", "properties": { "ID": 0, "NAME": "Elihlo", "X_Coord": 27.7706, "Y_Coord": -19.0745 }, "geometry": { "type": "Point", "coordinates": [ 27.770647227319955, -19.074508970862937 ] } },
{ "type": "Feature", "properties": { "ID": 0, "NAME": "Mkombo", "X_Coord": 27.7398, "Y_Coord": -19.1132 }, "geometry": { "type": "Point", "coordinates": [ 27.739814018208754, -19.113222228622494 ] } },
{ "type": "Feature", "properties": { "ID": 0, "NAME": "Simpopoma", "X_Coord": 27.8238, "Y_Coord": -19.1273 }, "geometry": { "type": "Point", "coordinates": [ 27.82378458661368, -19.127281048464422 ] } },
{ "type": "Feature", "properties": { "ID": 0, "NAME": "Tshayamathole", "X_Coord": 27.6996, "Y_Coord": -19.1701 }, "geometry": { "type": "Point", "coordinates": [ 27.699649711304332, -19.170063440000899 ] } },
{ "type": "Feature", "properties": { "ID": 0, "NAME": "Somgolo", "X_Coord": 27.8997, "Y_Coord": -19.1521 }, "geometry": { "type": "Point", "coordinates": [ 27.899719437222206, -19.152100306138372 ] } },
{ "type": "Feature", "properties": { "ID": 0, "NAME": "Gundangula", "X_Coord": 27.9197, "Y_Coord": -19.055 }, "geometry": { "type": "Point", "coordinates": [ 27.91971884729038, -19.054975744108262 ] } },
{ "type": "Feature", "properties": { "ID": 0, "NAME": "Mafa", "X_Coord": 27.9669, "Y_Coord": -19.1858 }, "geometry": { "type": "Point", "coordinates": [ 27.966865009062307, -19.1858038535531 ] } },
{ "type": "Feature", "properties": { "ID": 0, "NAME": "Mlonyeni", "X_Coord": 28.0637, "Y_Coord": -19.227 }, "geometry": { "type": "Point", "coordinates": [ 28.063680765708703, -19.227012937205625 ] } },
{ "type": "Feature", "properties": { "ID": 0, "NAME": "Mathambo", "X_Coord": 28.176, "Y_Coord": -19.1435 }, "geometry": { "type": "Point", "coordinates": [ 28.176032687881474, -19.143472094677595 ] } },
{ "type": "Feature", "properties": { "ID": 0, "NAME": "Siziphile", "X_Coord": 28.0905, "Y_Coord": -19.1321 }, "geometry": { "type": "Point", "coordinates": [ 28.090517473670765, -19.132083602089637 ] } },
{ "type": "Feature", "properties": { "ID": 0, "NAME": "Jumbika", "X_Coord": 28.1131, "Y_Coord": -19.0075 }, "geometry": { "type": "Point", "coordinates": [ 28.11313254197588, -19.007464622230749 ] } },
{ "type": "Feature", "properties": { "ID": 0, "NAME": "Lutho", "X_Coord": 28.0468, "Y_Coord": -19.0035 }, "geometry": { "type": "Point", "coordinates": [ 28.046762896048286, -19.003482723012088 ] } },
{ "type": "Feature", "properties": { "ID": 0, "NAME": "Sihwane", "X_Coord": 28.0388, "Y_Coord": -18.9396 }, "geometry": { "type": "Point", "coordinates": [ 28.038789593963539, -18.93955740110372 ] } },
{ "type": "Feature", "properties": { "ID": 0, "NAME": "Jibajiba", "X_Coord": 28.1186, "Y_Coord": -18.9454 }, "geometry": { "type": "Point", "coordinates": [ 28.11858324563643, -18.945445309607059 ] } },
{ "type": "Feature", "properties": { "ID": 0, "NAME": "Keswa", "X_Coord": 28.1722, "Y_Coord": -18.9612 }, "geometry": { "type": "Point", "coordinates": [ 28.172232870359494, -18.961237878227678 ] } },
{ "type": "Feature", "properties": { "ID": 0, "NAME": "Ndwane", "X_Coord": 28.2338, "Y_Coord": -18.9744 }, "geometry": { "type": "Point", "coordinates": [ 28.233754120832007, -18.974400916231822 ] } },
{ "type": "Feature", "properties": { "ID": 0, "NAME": "Lake Alice", "X_Coord": 28.2197, "Y_Coord": -19.0228 }, "geometry": { "type": "Point", "coordinates": [ 28.219746251372104, -19.022831914328549 ] } },
{ "type": "Feature", "properties": { "ID": 0, "NAME": "Luhumbe", "X_Coord": 28.2932, "Y_Coord": -19.0358 }, "geometry": { "type": "Point", "coordinates": [ 28.293176541650734, -19.035765707112283 ] } },
{ "type": "Feature", "properties": { "ID": 0, "NAME": "Janke", "X_Coord": 28.3016, "Y_Coord": -18.9815 }, "geometry": { "type": "Point", "coordinates": [ 28.30162497508465, -18.981536870048647 ] } },
{ "type": "Feature", "properties": { "ID": 0, "NAME": "Manasa", "X_Coord": 28.2475, "Y_Coord": -18.899 }, "geometry": { "type": "Point", "coordinates": [ 28.247488534982377, -18.898975178272739 ] } },
{ "type": "Feature", "properties": { "ID": 0, "NAME": "Kutshwa", "X_Coord": 28.2805, "Y_Coord": -19.1844 }, "geometry": { "type": "Point", "coordinates": [ 28.280456365233604, -19.184413967582763 ] } },
{ "type": "Feature", "properties": { "ID": 0, "NAME": "Phunyuka", "X_Coord": 28.0917, "Y_Coord": -18.8382 }, "geometry": { "type": "Point", "coordinates": [ 28.091709918671793, -18.838175470589889 ] } },
{ "type": "Feature", "properties": { "ID": 0, "NAME": "Tshebetshebe", "X_Coord": 28.0496, "Y_Coord": -18.8 }, "geometry": { "type": "Point", "coordinates": [ 28.049580094814225, -18.799952551393353 ] } },
{ "type": "Feature", "properties": { "ID": 0, "NAME": "Gobhi", "X_Coord": 28.0809, "Y_Coord": -18.7712 }, "geometry": { "type": "Point", "coordinates": [ 28.08087079336611, -18.771240549600332 ] } },
{ "type": "Feature", "properties": { "ID": 0, "NAME": "Mpahlwa 2", "X_Coord": 28.1489, "Y_Coord": -18.7585 }, "geometry": { "type": "Point", "coordinates": [ 28.148927029399228, -18.758533433742492 ] } },
{ "type": "Feature", "properties": { "ID": 0, "NAME": "Malunku", "X_Coord": 28.174, "Y_Coord": -18.8499 }, "geometry": { "type": "Point", "coordinates": [ 28.174020097609468, -18.849916668332448 ] } },
{ "type": "Feature", "properties": { "ID": 0, "NAME": "Kwesemvubu", "X_Coord": 28.234, "Y_Coord": -18.8131 }, "geometry": { "type": "Point", "coordinates": [ 28.23398743972319, -18.813130968402863 ] } },
{ "type": "Feature", "properties": { "ID": 0, "NAME": "Nzalikwa", "X_Coord": 28.295, "Y_Coord": -18.7903 }, "geometry": { "type": "Point", "coordinates": [ 28.29502267151117, -18.79029419408835 ] } },
{ "type": "Feature", "properties": { "ID": 0, "NAME": "Gomoza", "X_Coord": 28.2122, "Y_Coord": -18.7237 }, "geometry": { "type": "Point", "coordinates": [ 28.212202050739453, -18.723689235855353 ] } },
{ "type": "Feature", "properties": { "ID": 0, "NAME": "Makuni", "X_Coord": 28.1527, "Y_Coord": -18.7171 }, "geometry": { "type": "Point", "coordinates": [ 28.152667854224632, -18.717075078800903 ] } },
{ "type": "Feature", "properties": { "ID": 0, "NAME": "Mbondo", "X_Coord": 28.1136, "Y_Coord": -18.7075 }, "geometry": { "type": "Point", "coordinates": [ 28.113619757449356, -18.707515160592603 ] } },
{ "type": "Feature", "properties": { "ID": 0, "NAME": "Mpahlwa", "X_Coord": 28.1495, "Y_Coord": -18.6996 }, "geometry": { "type": "Point", "coordinates": [ 28.149534430753189, -18.699590880173595 ] } },
{ "type": "Feature", "properties": { "ID": 0, "NAME": "Katshana", "X_Coord": 28.0399, "Y_Coord": -18.705 }, "geometry": { "type": "Point", "coordinates": [ 28.03985285435035, -18.704955884653195 ] } },
{ "type": "Feature", "properties": { "ID": 0, "NAME": "Makeke", "X_Coord": 28.2445, "Y_Coord": -18.6626 }, "geometry": { "type": "Point", "coordinates": [ 28.244502169394121, -18.662579090487295 ] } },
{ "type": "Feature", "properties": { "ID": 0, "NAME": "Ndimimbili", "X_Coord": 28.2689, "Y_Coord": -18.5823 }, "geometry": { "type": "Point", "coordinates": [ 28.268934522407061, -18.582250571967844 ] } },
{ "type": "Feature", "properties": { "ID": 0, "NAME": "Kutshwa", "X_Coord": 28.1232, "Y_Coord": -18.5717 }, "geometry": { "type": "Point", "coordinates": [ 28.123235214469567, -18.57169943642122 ] } },
{ "type": "Feature", "properties": { "ID": 0, "NAME": "Ngcono", "X_Coord": 28.063, "Y_Coord": -18.5647 }, "geometry": { "type": "Point", "coordinates": [ 28.062965192453166, -18.5646619552525 ] } },
{ "type": "Feature", "properties": { "ID": 0, "NAME": "Mhlangamlambo", "X_Coord": 27.9632, "Y_Coord": -18.5648 }, "geometry": { "type": "Point", "coordinates": [ 27.963158943679741, -18.564839911677684 ] } },
{ "type": "Feature", "properties": { "ID": 0, "NAME": "Tshongogwana", "X_Coord": 27.8926, "Y_Coord": -18.6344 }, "geometry": { "type": "Point", "coordinates": [ 27.892618003408209, -18.634375683807253 ] } },
{ "type": "Feature", "properties": { "ID": 0, "NAME": "Regina Mundi Mission", "X_Coord": 27.7107, "Y_Coord": -19.2919 }, "geometry": { "type": "Point", "coordinates": [ 27.710733791361111, -19.291948180125857 ] } },
{ "type": "Feature", "properties": { "ID": 0, "NAME": "Katolonyeni", "X_Coord": 28.3077, "Y_Coord": -19.3613 }, "geometry": { "type": "Point", "coordinates": [ 28.307741511976847, -19.361295833473608 ] } },
{ "type": "Feature", "properties": { "ID": 0, "NAME": "Majiji", "X_Coord": 28.3963, "Y_Coord": -19.3681 }, "geometry": { "type": "Point", "coordinates": [ 28.396299792945559, -19.368092355755316 ] } },
{ "type": "Feature", "properties": { "ID": 0, "NAME": "Queens Mine", "X_Coord": 28.7405, "Y_Coord": -19.8011 }, "geometry": { "type": "Point", "coordinates": [ 28.740526785634572, -19.801114423592971 ] } },
{ "type": "Feature", "properties": { "ID": 0, "NAME": "Turk Mine", "X_Coord": 28.7914, "Y_Coord": -19.7081 }, "geometry": { "type": "Point", "coordinates": [ 28.79141652214966, -19.708052520018516 ] } },
{ "type": "Feature", "properties": { "ID": 0, "NAME": "Loziba", "X_Coord": 28.8379, "Y_Coord": -19.688 }, "geometry": { "type": "Point", "coordinates": [ 28.837854364179542, -19.688015169786397 ] } },
{ "type": "Feature", "properties": { "ID": 0, "NAME": "Lartondale", "X_Coord": 28.8136, "Y_Coord": -19.6502 }, "geometry": { "type": "Point", "coordinates": [ 28.813624138827596, -19.650212046936712 ] } },
{ "type": "Feature", "properties": { "ID": 0, "NAME": "Emhlangeni", "X_Coord": 28.8657, "Y_Coord": -19.6633 }, "geometry": { "type": "Point", "coordinates": [ 28.865727009312845, -19.6633033098339 ] } },
{ "type": "Feature", "properties": { "ID": 0, "NAME": "Gloag Ranch Mission", "X_Coord": 28.963, "Y_Coord": -19.7977 }, "geometry": { "type": "Point", "coordinates": [ 28.962979393178845, -19.797736282651346 ] } },
{ "type": "Feature", "properties": { "ID": 0, "NAME": "Lonely Mine", "X_Coord": 28.7425, "Y_Coord": -19.5024 }, "geometry": { "type": "Point", "coordinates": [ 28.742514957160854, -19.502446628066316 ] } },
{ "type": "Feature", "properties": { "ID": 0, "NAME": "Dromoland", "X_Coord": 28.9666, "Y_Coord": -19.6274 }, "geometry": { "type": "Point", "coordinates": [ 28.96664486143716, -19.627424513559305 ] } },
{ "type": "Feature", "properties": { "ID": 0, "NAME": "Ilitshe", "X_Coord": 28.5755, "Y_Coord": -19.6938 }, "geometry": { "type": "Point", "coordinates": [ 28.575481192717877, -19.693767267083526 ] } },
{ "type": "Feature", "properties": { "ID": 0, "NAME": "Sijauke", "X_Coord": 28.5624, "Y_Coord": -19.5175 }, "geometry": { "type": "Point", "coordinates": [ 28.56243400363125, -19.517550105253743 ] } },
{ "type": "Feature", "properties": { "ID": 0, "NAME": "Queens Kraal", "X_Coord": 28.4555, "Y_Coord": -19.3857 }, "geometry": { "type": "Point", "coordinates": [ 28.455462506688733, -19.385654787517161 ] } },
{ "type": "Feature", "properties": { "ID": 0, "NAME": "Hawuke", "X_Coord": 28.5194, "Y_Coord": -19.3744 }, "geometry": { "type": "Point", "coordinates": [ 28.519350622269783, -19.374356449639741 ] } },
{ "type": "Feature", "properties": { "ID": 0, "NAME": "Dulutsha", "X_Coord": 28.5422, "Y_Coord": -19.3355 }, "geometry": { "type": "Point", "coordinates": [ 28.542156124442617, -19.335498442733478 ] } },
{ "type": "Feature", "properties": { "ID": 0, "NAME": "Siganda", "X_Coord": 28.4896, "Y_Coord": -19.2904 }, "geometry": { "type": "Point", "coordinates": [ 28.489585658909814, -19.290358966427306 ] } },
{ "type": "Feature", "properties": { "ID": 0, "NAME": "Mkhonyeni", "X_Coord": 28.4831, "Y_Coord": -19.2675 }, "geometry": { "type": "Point", "coordinates": [ 28.483100361884578, -19.267451243227153 ] } },
{ "type": "Feature", "properties": { "ID": 0, "NAME": "Lukala", "X_Coord": 28.4471, "Y_Coord": -19.2694 }, "geometry": { "type": "Point", "coordinates": [ 28.447149019229524, -19.269364712862171 ] } },
{ "type": "Feature", "properties": { "ID": 0, "NAME": "Mbembeswana1", "X_Coord": 28.4022, "Y_Coord": -19.3108 }, "geometry": { "type": "Point", "coordinates": [ 28.402172713401715, -19.310823920869776 ] } },
{ "type": "Feature", "properties": { "ID": 0, "NAME": null, "X_Coord": 28.6743, "Y_Coord": -19.255 }, "geometry": { "type": "Point", "coordinates": [ 28.674258597475479, -19.255046784914299 ] } },
{ "type": "Feature", "properties": { "ID": 0, "NAME": "Bambanani", "X_Coord": 28.2198, "Y_Coord": -19.2825 }, "geometry": { "type": "Point", "coordinates": [ 28.21981263245522, -19.282520096574743 ] } },
{ "type": "Feature", "properties": { "ID": 0, "NAME": "Mbambeswana2", "X_Coord": 28.1963, "Y_Coord": -19.2739 }, "geometry": { "type": "Point", "coordinates": [ 28.19631259014151, -19.273902280031038 ] } },
{ "type": "Feature", "properties": { "ID": 0, "NAME": "Binga", "X_Coord": 27.3562, "Y_Coord": -17.6193 }, "geometry": { "type": "Point", "coordinates": [ 27.356163923329909, -17.619325112036133 ] } },
{ "type": "Feature", "properties": { "ID": 0, "NAME": "Musenapongo", "X_Coord": 27.4587, "Y_Coord": -17.6434 }, "geometry": { "type": "Point", "coordinates": [ 27.458725939700805, -17.64336717418519 ] } },
{ "type": "Feature", "properties": { "ID": 0, "NAME": "Samende", "X_Coord": 27.4508, "Y_Coord": -17.7057 }, "geometry": { "type": "Point", "coordinates": [ 27.450754609519731, -17.705731824979999 ] } },
{ "type": "Feature", "properties": { "ID": 0, "NAME": "Nsenga", "X_Coord": 27.5377, "Y_Coord": -17.7153 }, "geometry": { "type": "Point", "coordinates": [ 27.537711234741565, -17.715257743241242 ] } },
{ "type": "Feature", "properties": { "ID": 0, "NAME": "Manjolo", "X_Coord": 27.4041, "Y_Coord": -17.7501 }, "geometry": { "type": "Point", "coordinates": [ 27.404148614581647, -17.750073657878016 ] } },
{ "type": "Feature", "properties": { "ID": 0, "NAME": "Chininga", "X_Coord": 27.6641, "Y_Coord": -17.6785 }, "geometry": { "type": "Point", "coordinates": [ 27.664129419747177, -17.678500019659978 ] } },
{ "type": "Feature", "properties": { "ID": 0, "NAME": "Chitete 2", "X_Coord": 27.7075, "Y_Coord": -17.6373 }, "geometry": { "type": "Point", "coordinates": [ 27.707538517353807, -17.637282311658975 ] } },
{ "type": "Feature", "properties": { "ID": 0, "NAME": "Bulawayo Kraal", "X_Coord": 27.3248, "Y_Coord": -17.7759 }, "geometry": { "type": "Point", "coordinates": [ 27.324816970197901, -17.775946961190769 ] } },
{ "type": "Feature", "properties": { "ID": 0, "NAME": "Simatelele", "X_Coord": 27.2564, "Y_Coord": -17.7811 }, "geometry": { "type": "Point", "coordinates": [ 27.256405097365921, -17.781126237184047 ] } },
{ "type": "Feature", "properties": { "ID": 0, "NAME": "Sebungwe", "X_Coord": 27.204, "Y_Coord": -17.8129 }, "geometry": { "type": "Point", "coordinates": [ 27.203995357885809, -17.812923870452419 ] } },
{ "type": "Feature", "properties": { "ID": 0, "NAME": "Gaza", "X_Coord": 27.2349, "Y_Coord": -17.8949 }, "geometry": { "type": "Point", "coordinates": [ 27.234938168346076, -17.894916218046216 ] } },
{ "type": "Feature", "properties": { "ID": 0, "NAME": "Siachilaba", "X_Coord": 27.2872, "Y_Coord": -17.9103 }, "geometry": { "type": "Point", "coordinates": [ 27.2871593664923, -17.91033787161091 ] } },
{ "type": "Feature", "properties": { "ID": 0, "NAME": "Muchesu", "X_Coord": 27.5958, "Y_Coord": -17.8548 }, "geometry": { "type": "Point", "coordinates": [ 27.595837287496451, -17.854792085214818 ] } },
{ "type": "Feature", "properties": { "ID": 0, "NAME": "Lubu", "X_Coord": 27.5359, "Y_Coord": -17.925 }, "geometry": { "type": "Point", "coordinates": [ 27.535885589871206, -17.925016085467128 ] } },
{ "type": "Feature", "properties": { "ID": 0, "NAME": "Zambezi", "X_Coord": 27.1597, "Y_Coord": -17.8797 }, "geometry": { "type": "Point", "coordinates": [ 27.159738504940869, -17.879671390827038 ] } },
{ "type": "Feature", "properties": { "ID": 0, "NAME": "Junamina", "X_Coord": 27.2265, "Y_Coord": -17.9398 }, "geometry": { "type": "Point", "coordinates": [ 27.226453577467975, -17.939834154753072 ] } },
{ "type": "Feature", "properties": { "ID": 0, "NAME": "Sianzundu", "X_Coord": 27.2508, "Y_Coord": -17.9801 }, "geometry": { "type": "Point", "coordinates": [ 27.250821811138163, -17.980073565691487 ] } },
{ "type": "Feature", "properties": { "ID": 0, "NAME": "Saba", "X_Coord": 27.1211, "Y_Coord": -18.019 }, "geometry": { "type": "Point", "coordinates": [ 27.121114209981002, -18.018999686985399 ] } },
{ "type": "Feature", "properties": { "ID": 0, "NAME": "Kariyangwe", "X_Coord": 27.5037, "Y_Coord": -17.9793 }, "geometry": { "type": "Point", "coordinates": [ 27.503716174419132, -17.979257542244984 ] } },
{ "type": "Feature", "properties": { "ID": 0, "NAME": "Mupambe", "X_Coord": 27.0718, "Y_Coord": -18.1395 }, "geometry": { "type": "Point", "coordinates": [ 27.071767534166497, -18.139491684232627 ] } },
{ "type": "Feature", "properties": { "ID": 0, "NAME": "Lubanda", "X_Coord": 27.0718, "Y_Coord": -18.1926 }, "geometry": { "type": "Point", "coordinates": [ 27.071834234679294, -18.192608115134721 ] } },
{ "type": "Feature", "properties": { "ID": 0, "NAME": "Simbala", "X_Coord": 27.1568, "Y_Coord": -18.2149 }, "geometry": { "type": "Point", "coordinates": [ 27.156846024111125, -18.214906493673837 ] } },
{ "type": "Feature", "properties": { "ID": 0, "NAME": "Tinde", "X_Coord": 27.1697, "Y_Coord": -18.2352 }, "geometry": { "type": "Point", "coordinates": [ 27.169736158686671, -18.235240735119678 ] } },
{ "type": "Feature", "properties": { "ID": 0, "NAME": "Chinengo", "X_Coord": 27.2444, "Y_Coord": -18.2948 }, "geometry": { "type": "Point", "coordinates": [ 27.244394851237413, -18.294849831886424 ] } },
{ "type": "Feature", "properties": { "ID": 0, "NAME": "Pashu", "X_Coord": 27.3889, "Y_Coord": -18.2029 }, "geometry": { "type": "Point", "coordinates": [ 27.388882488367457, -18.202927675096873 ] } },
{ "type": "Feature", "properties": { "ID": 0, "NAME": "Malalia", "X_Coord": 27.2425, "Y_Coord": -18.3319 }, "geometry": { "type": "Point", "coordinates": [ 27.242468539896638, -18.331883012364013 ] } },
{ "type": "Feature", "properties": { "ID": 0, "NAME": "Manyanga", "X_Coord": 27.2917, "Y_Coord": -18.3701 }, "geometry": { "type": "Point", "coordinates": [ 27.291675314169126, -18.370061852075171 ] } },
{ "type": "Feature", "properties": { "ID": 0, "NAME": "Chinonge", "X_Coord": 27.5941, "Y_Coord": -18.2291 }, "geometry": { "type": "Point", "coordinates": [ 27.594108629696315, -18.229068757200093 ] } },
{ "type": "Feature", "properties": { "ID": 0, "NAME": "Chibila", "X_Coord": 27.7607, "Y_Coord": -18.1926 }, "geometry": { "type": "Point", "coordinates": [ 27.760702081646095, -18.192646776073953 ] } },
{ "type": "Feature", "properties": { "ID": 0, "NAME": "Bemsee", "X_Coord": 27.866, "Y_Coord": -18.1861 }, "geometry": { "type": "Point", "coordinates": [ 27.866001140872545, -18.186149205740513 ] } },
{ "type": "Feature", "properties": { "ID": 0, "NAME": "Zumanana", "X_Coord": 27.8903, "Y_Coord": -18.2662 }, "geometry": { "type": "Point", "coordinates": [ 27.890263466760107, -18.266198615089049 ] } },
{ "type": "Feature", "properties": { "ID": 0, "NAME": "Chipale", "X_Coord": 27.8445, "Y_Coord": -18.1384 }, "geometry": { "type": "Point", "coordinates": [ 27.8444909470036, -18.138399958685039 ] } },
{ "type": "Feature", "properties": { "ID": 0, "NAME": "Gwangwaliba", "X_Coord": 27.8179, "Y_Coord": -18.0829 }, "geometry": { "type": "Point", "coordinates": [ 27.817890067121883, -18.082949050083521 ] } },
{ "type": "Feature", "properties": { "ID": 0, "NAME": "Chusya", "X_Coord": 27.9014, "Y_Coord": -18.0646 }, "geometry": { "type": "Point", "coordinates": [ 27.901396372775302, -18.064559992455333 ] } },
{ "type": "Feature", "properties": { "ID": 0, "NAME": "Naluba", "X_Coord": 27.9597, "Y_Coord": -18.0847 }, "geometry": { "type": "Point", "coordinates": [ 27.959692263543129, -18.084747448100416 ] } },
{ "type": "Feature", "properties": { "ID": 0, "NAME": "Sinamagombe", "X_Coord": 27.8636, "Y_Coord": -18.0102 }, "geometry": { "type": "Point", "coordinates": [ 27.86356934721826, -18.010178256914646 ] } },
{ "type": "Feature", "properties": { "ID": 0, "NAME": "Kabuba", "X_Coord": 27.7299, "Y_Coord": -17.9841 }, "geometry": { "type": "Point", "coordinates": [ 27.729850818961992, -17.984105393420766 ] } },
{ "type": "Feature", "properties": { "ID": 0, "NAME": "Manzituba", "X_Coord": 27.8643, "Y_Coord": -17.7676 }, "geometry": { "type": "Point", "coordinates": [ 27.864349470532581, -17.767582194623127 ] } },
{ "type": "Feature", "properties": { "ID": 0, "NAME": "Mucheni", "X_Coord": 27.8244, "Y_Coord": -17.5939 }, "geometry": { "type": "Point", "coordinates": [ 27.824388694059486, -17.593942084483306 ] } },
{ "type": "Feature", "properties": { "ID": 0, "NAME": "Karungwizi", "X_Coord": 28.1663, "Y_Coord": -17.4561 }, "geometry": { "type": "Point", "coordinates": [ 28.166319555304028, -17.456106827293244 ] } },
{ "type": "Feature", "properties": { "ID": 0, "NAME": "Malube", "X_Coord": 28.1053, "Y_Coord": -17.4405 }, "geometry": { "type": "Point", "coordinates": [ 28.105295305448912, -17.440451597309224 ] } },
{ "type": "Feature", "properties": { "ID": 0, "NAME": "Siabuwa", "X_Coord": 28.0322, "Y_Coord": -17.4706 }, "geometry": { "type": "Point", "coordinates": [ 28.032208880006667, -17.470597130491981 ] } },
{ "type": "Feature", "properties": { "ID": 0, "NAME": "Sinampande", "X_Coord": 27.975, "Y_Coord": -17.5029 }, "geometry": { "type": "Point", "coordinates": [ 27.97500622466773, -17.502852247798131 ] } },
{ "type": "Feature", "properties": { "ID": 0, "NAME": "Nagangara", "X_Coord": 27.9596, "Y_Coord": -17.4822 }, "geometry": { "type": "Point", "coordinates": [ 27.959629248517597, -17.482240648433269 ] } },
{ "type": "Feature", "properties": { "ID": 0, "NAME": "Sinasenkwe", "X_Coord": 27.9024, "Y_Coord": -17.5496 }, "geometry": { "type": "Point", "coordinates": [ 27.902365312809238, -17.549579585500815 ] } },
{ "type": "Feature", "properties": { "ID": 0, "NAME": "Sinamwenda", "X_Coord": 27.9443, "Y_Coord": -17.257 }, "geometry": { "type": "Point", "coordinates": [ 27.94432824189894, -17.256976263310921 ] } },
{ "type": "Feature", "properties": { "ID": 0, "NAME": "Siamupa", "X_Coord": 28.0434, "Y_Coord": -17.199 }, "geometry": { "type": "Point", "coordinates": [ 28.043396977488261, -17.199017605278794 ] } },
{ "type": "Feature", "properties": { "ID": 0, "NAME": "Sizemba", "X_Coord": 28.0996, "Y_Coord": -17.1569 }, "geometry": { "type": "Point", "coordinates": [ 28.099609500694392, -17.156913669310416 ] } },
{ "type": "Feature", "properties": { "ID": 0, "NAME": "Lunga", "X_Coord": 28.0108, "Y_Coord": -17.1307 }, "geometry": { "type": "Point", "coordinates": [ 28.010798946493882, -17.130671601648523 ] } },
{ "type": "Feature", "properties": { "ID": 0, "NAME": "Sinamasanga", "X_Coord": 27.9886, "Y_Coord": -17.1079 }, "geometry": { "type": "Point", "coordinates": [ 27.988586218306448, -17.107871224069434 ] } },
{ "type": "Feature", "properties": { "ID": 0, "NAME": "Sianungu", "X_Coord": 27.5681, "Y_Coord": -18.039 }, "geometry": { "type": "Point", "coordinates": [ 27.568073700766249, -18.038977100652293 ] } },
{ "type": "Feature", "properties": { "ID": 0, "NAME": "Lubimbi", "X_Coord": 27.3519, "Y_Coord": -18.4396 }, "geometry": { "type": "Point", "coordinates": [ 27.351921767778933, -18.439609711491737 ] } },
{ "type": "Feature", "properties": { "ID": 0, "NAME": "Kamombo", "X_Coord": 27.3823, "Y_Coord": -18.4674 }, "geometry": { "type": "Point", "coordinates": [ 27.382297787743102, -18.467413765798167 ] } },
{ "type": "Feature", "properties": { "ID": 0, "NAME": "Lubimbi 2", "X_Coord": 27.2758, "Y_Coord": -18.474 }, "geometry": { "type": "Point", "coordinates": [ 27.275772398688598, -18.474034100411508 ] } },
{ "type": "Feature", "properties": { "ID": 0, "NAME": "Tobwe", "X_Coord": 27.5441, "Y_Coord": -18.0571 }, "geometry": { "type": "Point", "coordinates": [ 27.544134407474747, -18.057080011191445 ] } },
{ "type": "Feature", "properties": { "ID": 0, "NAME": "Tapudzai", "X_Coord": 31.7197, "Y_Coord": -20.6172 }, "geometry": { "type": "Point", "coordinates": [ 31.719671406779259, -20.617173186452284 ] } },
{ "type": "Feature", "properties": { "ID": 0, "NAME": "Manyiri", "X_Coord": 31.7491, "Y_Coord": -20.6184 }, "geometry": { "type": "Point", "coordinates": [ 31.749064740276083, -20.618385284101652 ] } },
{ "type": "Feature", "properties": { "ID": 0, "NAME": "Chamburukira", "X_Coord": 31.7085, "Y_Coord": -20.5548 }, "geometry": { "type": "Point", "coordinates": [ 31.708501942468658, -20.554819615381728 ] } },
{ "type": "Feature", "properties": { "ID": 0, "NAME": "Chirara", "X_Coord": 31.2523, "Y_Coord": -20.2385 }, "geometry": { "type": "Point", "coordinates": [ 31.252302384875389, -20.238514230835509 ] } },
{ "type": "Feature", "properties": { "ID": 0, "NAME": "Muparuri", "X_Coord": 31.3425, "Y_Coord": -20.2681 }, "geometry": { "type": "Point", "coordinates": [ 31.342457625927995, -20.26814838555299 ] } },
{ "type": "Feature", "properties": { "ID": 0, "NAME": "Mashingaidze", "X_Coord": 31.3935, "Y_Coord": -20.2654 }, "geometry": { "type": "Point", "coordinates": [ 31.393479601005929, -20.26541276028604 ] } },
{ "type": "Feature", "properties": { "ID": 0, "NAME": "Charingeno", "X_Coord": 31.2982, "Y_Coord": -20.49 }, "geometry": { "type": "Point", "coordinates": [ 31.298221078503136, -20.489999361609954 ] } },
{ "type": "Feature", "properties": { "ID": 0, "NAME": "Njiva", "X_Coord": 31.2442, "Y_Coord": -20.7084 }, "geometry": { "type": "Point", "coordinates": [ 31.244222149998389, -20.708403564790096 ] } },
{ "type": "Feature", "properties": { "ID": 0, "NAME": "Mudzara", "X_Coord": 31.3058, "Y_Coord": -20.55 }, "geometry": { "type": "Point", "coordinates": [ 31.305788942013908, -20.550023102405177 ] } },
{ "type": "Feature", "properties": { "ID": 0, "NAME": "Mushaya", "X_Coord": 31.2906, "Y_Coord": -20.5998 }, "geometry": { "type": "Point", "coordinates": [ 31.290563341844575, -20.599809878152303 ] } },
{ "type": "Feature", "properties": { "ID": 0, "NAME": "Musenyereki", "X_Coord": 31.2401, "Y_Coord": -20.6609 }, "geometry": { "type": "Point", "coordinates": [ 31.240117460348735, -20.660945994130383 ] } },
{ "type": "Feature", "properties": { "ID": 0, "NAME": "Sazaume", "X_Coord": 31.2947, "Y_Coord": -20.6669 }, "geometry": { "type": "Point", "coordinates": [ 31.294747981316924, -20.666885036719872 ] } },
{ "type": "Feature", "properties": { "ID": 0, "NAME": "Dekeza", "X_Coord": 31.3506, "Y_Coord": -20.6522 }, "geometry": { "type": "Point", "coordinates": [ 31.350559800834308, -20.65221067394144 ] } },
{ "type": "Feature", "properties": { "ID": 0, "NAME": "Bota", "X_Coord": 31.4036, "Y_Coord": -20.612 }, "geometry": { "type": "Point", "coordinates": [ 31.403552786249158, -20.611953110024338 ] } },
{ "type": "Feature", "properties": { "ID": 0, "NAME": "Muzondidya", "X_Coord": 31.4428, "Y_Coord": -20.649 }, "geometry": { "type": "Point", "coordinates": [ 31.442831127194957, -20.648979120748095 ] } },
{ "type": "Feature", "properties": { "ID": 0, "NAME": "Machiva", "X_Coord": 31.4907, "Y_Coord": -20.6402 }, "geometry": { "type": "Point", "coordinates": [ 31.490708276843176, -20.640244923233514 ] } },
{ "type": "Feature", "properties": { "ID": 0, "NAME": "Muzinda", "X_Coord": 31.5614, "Y_Coord": -20.6257 }, "geometry": { "type": "Point", "coordinates": [ 31.5614090786231, -20.62568763268262 ] } },
{ "type": "Feature", "properties": { "ID": 0, "NAME": "Chipfunde", "X_Coord": 31.4668, "Y_Coord": -20.5947 }, "geometry": { "type": "Point", "coordinates": [ 31.466762496677244, -20.594664006321192 ] } },
{ "type": "Feature", "properties": { "ID": 0, "NAME": "Chiteyo", "X_Coord": 31.6675, "Y_Coord": -20.4979 }, "geometry": { "type": "Point", "coordinates": [ 31.66754653504378, -20.497882410805207 ] } },
{ "type": "Feature", "properties": { "ID": 0, "NAME": "Mujena", "X_Coord": 31.3716, "Y_Coord": -20.5698 }, "geometry": { "type": "Point", "coordinates": [ 31.371630586509156, -20.569799956307467 ] } },
{ "type": "Feature", "properties": { "ID": 0, "NAME": "Rudhanda", "X_Coord": 31.4273, "Y_Coord": -20.5671 }, "geometry": { "type": "Point", "coordinates": [ 31.427325094609525, -20.56714794613503 ] } },
{ "type": "Feature", "properties": { "ID": 0, "NAME": "Magura", "X_Coord": 31.3595, "Y_Coord": -20.4618 }, "geometry": { "type": "Point", "coordinates": [ 31.35952311049131, -20.461783235150797 ] } },
{ "type": "Feature", "properties": { "ID": 0, "NAME": "Vanyoro", "X_Coord": 31.3339, "Y_Coord": -20.5063 }, "geometry": { "type": "Point", "coordinates": [ 31.333926899129164, -20.50625520638447 ] } },
{ "type": "Feature", "properties": { "ID": 0, "NAME": "Chipfuti", "X_Coord": 31.3544, "Y_Coord": -20.5329 }, "geometry": { "type": "Point", "coordinates": [ 31.354439933155039, -20.532875758702666 ] } },
{ "type": "Feature", "properties": { "ID": 0, "NAME": "Charuka", "X_Coord": 31.4048, "Y_Coord": -20.501 }, "geometry": { "type": "Point", "coordinates": [ 31.404825256352936, -20.501044585962113 ] } },
{ "type": "Feature", "properties": { "ID": 0, "NAME": "Mushungwa", "X_Coord": 31.4437, "Y_Coord": -20.4716 }, "geometry": { "type": "Point", "coordinates": [ 31.443728551465849, -20.471604895935723 ] } },
{ "type": "Feature", "properties": { "ID": 0, "NAME": "Vhudzi", "X_Coord": 31.4457, "Y_Coord": -20.5083 }, "geometry": { "type": "Point", "coordinates": [ 31.445712761562302, -20.508265109562274 ] } },
{ "type": "Feature", "properties": { "ID": 0, "NAME": "Vhurumuku", "X_Coord": 31.5165, "Y_Coord": -20.5229 }, "geometry": { "type": "Point", "coordinates": [ 31.51652062577762, -20.522879014074512 ] } },
{ "type": "Feature", "properties": { "ID": 0, "NAME": "Svuure", "X_Coord": 31.5405, "Y_Coord": -20.5618 }, "geometry": { "type": "Point", "coordinates": [ 31.540469538792252, -20.561757456336682 ] } },
{ "type": "Feature", "properties": { "ID": 0, "NAME": "Matara", "X_Coord": 31.6457, "Y_Coord": -20.5627 }, "geometry": { "type": "Point", "coordinates": [ 31.645655207168328, -20.56271837474668 ] } },
{ "type": "Feature", "properties": { "ID": 0, "NAME": "Pasipanyoro", "X_Coord": 31.5946, "Y_Coord": -20.5474 }, "geometry": { "type": "Point", "coordinates": [ 31.594556182507269, -20.547368789502535 ] } },
{ "type": "Feature", "properties": { "ID": 0, "NAME": "Chiredzi", "X_Coord": 31.497, "Y_Coord": -20.4634 }, "geometry": { "type": "Point", "coordinates": [ 31.497032242858346, -20.463421789112974 ] } },
{ "type": "Feature", "properties": { "ID": 0, "NAME": "Chiromo", "X_Coord": 31.6342, "Y_Coord": -20.4772 }, "geometry": { "type": "Point", "coordinates": [ 31.634157118662088, -20.477185848057367 ] } },
{ "type": "Feature", "properties": { "ID": 0, "NAME": "Zibwowa", "X_Coord": 31.5363, "Y_Coord": -20.4585 }, "geometry": { "type": "Point", "coordinates": [ 31.536289059579225, -20.458520173679489 ] } },
{ "type": "Feature", "properties": { "ID": 0, "NAME": "Panganai", "X_Coord": 31.6678, "Y_Coord": -20.3813 }, "geometry": { "type": "Point", "coordinates": [ 31.667794965780544, -20.381252739022578 ] } },
{ "type": "Feature", "properties": { "ID": 0, "NAME": "Goko", "X_Coord": 31.6422, "Y_Coord": -20.416 }, "geometry": { "type": "Point", "coordinates": [ 31.64220193681852, -20.415960978131388 ] } },
{ "type": "Feature", "properties": { "ID": 0, "NAME": "Majuru", "X_Coord": 31.6037, "Y_Coord": -20.357 }, "geometry": { "type": "Point", "coordinates": [ 31.603707368005654, -20.356996990552826 ] } },
{ "type": "Feature", "properties": { "ID": 0, "NAME": "Chivamba", "X_Coord": 31.5673, "Y_Coord": -20.3649 }, "geometry": { "type": "Point", "coordinates": [ 31.567272311636664, -20.364857580606273 ] } },
{ "type": "Feature", "properties": { "ID": 0, "NAME": "Tovane", "X_Coord": 31.4952, "Y_Coord": -20.3681 }, "geometry": { "type": "Point", "coordinates": [ 31.495190635705764, -20.368101437987132 ] } },
{ "type": "Feature", "properties": { "ID": 0, "NAME": "Zaka", "X_Coord": 31.4432, "Y_Coord": -20.3497 }, "geometry": { "type": "Point", "coordinates": [ 31.443180724242389, -20.349743768133347 ] } },
{ "type": "Feature", "properties": { "ID": 0, "NAME": "Chinorumba", "X_Coord": 31.492, "Y_Coord": -20.3292 }, "geometry": { "type": "Point", "coordinates": [ 31.491998449822383, -20.329203465075988 ] } },
{ "type": "Feature", "properties": { "ID": 0, "NAME": "Museki", "X_Coord": 31.5371, "Y_Coord": -20.3299 }, "geometry": { "type": "Point", "coordinates": [ 31.537052111182437, -20.329874013021165 ] } },
{ "type": "Feature", "properties": { "ID": 0, "NAME": "Maraire", "X_Coord": 31.5876, "Y_Coord": -20.3035 }, "geometry": { "type": "Point", "coordinates": [ 31.58756333820045, -20.30353746359155 ] } },
{ "type": "Feature", "properties": { "ID": 0, "NAME": "Rumwanda", "X_Coord": 31.3305, "Y_Coord": -20.0959 }, "geometry": { "type": "Point", "coordinates": [ 31.330483537370597, -20.095866405104829 ] } },
{ "type": "Feature", "properties": { "ID": 0, "NAME": "Chipinda", "X_Coord": 31.371, "Y_Coord": -20.0813 }, "geometry": { "type": "Point", "coordinates": [ 31.370972572383454, -20.081308071067937 ] } },
{ "type": "Feature", "properties": { "ID": 0, "NAME": "Manokore", "X_Coord": 31.4713, "Y_Coord": -20.3023 }, "geometry": { "type": "Point", "coordinates": [ 31.47127743234558, -20.302293851652315 ] } },
{ "type": "Feature", "properties": { "ID": 0, "NAME": "Madondo", "X_Coord": 31.5123, "Y_Coord": -20.2857 }, "geometry": { "type": "Point", "coordinates": [ 31.512252501292846, -20.285696513457982 ] } },
{ "type": "Feature", "properties": { "ID": 0, "NAME": "Nhema", "X_Coord": 31.5691, "Y_Coord": -20.2713 }, "geometry": { "type": "Point", "coordinates": [ 31.569058563352428, -20.271286942325727 ] } },
{ "type": "Feature", "properties": { "ID": 0, "NAME": "Rusere", "X_Coord": 31.5378, "Y_Coord": -20.2248 }, "geometry": { "type": "Point", "coordinates": [ 31.537830754879078, -20.224840389224301 ] } },
{ "type": "Feature", "properties": { "ID": 0, "NAME": "Mbuyamasva", "X_Coord": 31.4712, "Y_Coord": -20.2593 }, "geometry": { "type": "Point", "coordinates": [ 31.471216412910529, -20.259274525652206 ] } },
{ "type": "Feature", "properties": { "ID": 0, "NAME": "Chigwagwa", "X_Coord": 31.4669, "Y_Coord": -20.2077 }, "geometry": { "type": "Point", "coordinates": [ 31.466869420668999, -20.207718629005402 ] } },
{ "type": "Feature", "properties": { "ID": 0, "NAME": "Gumbu", "X_Coord": 31.5564, "Y_Coord": -20.1972 }, "geometry": { "type": "Point", "coordinates": [ 31.556396227333636, -20.197180938537564 ] } },
{ "type": "Feature", "properties": { "ID": 0, "NAME": "Mandhloro", "X_Coord": 31.5131, "Y_Coord": -20.2043 }, "geometry": { "type": "Point", "coordinates": [ 31.513115801942543, -20.2042840493637 ] } },
{ "type": "Feature", "properties": { "ID": 0, "NAME": "Mukwirimba", "X_Coord": 31.5402, "Y_Coord": -20.1579 }, "geometry": { "type": "Point", "coordinates": [ 31.540178070165986, -20.157856267812189 ] } },
{ "type": "Feature", "properties": { "ID": 0, "NAME": "Mugudubi", "X_Coord": 31.4496, "Y_Coord": -20.0754 }, "geometry": { "type": "Point", "coordinates": [ 31.449593794101641, -20.075447684393612 ] } },
{ "type": "Feature", "properties": { "ID": 0, "NAME": "Gondo", "X_Coord": 31.4988, "Y_Coord": -20.1009 }, "geometry": { "type": "Point", "coordinates": [ 31.498792630889834, -20.100875210251647 ] } },
{ "type": "Feature", "properties": { "ID": 0, "NAME": "Muroyi", "X_Coord": 31.4596, "Y_Coord": -20.1484 }, "geometry": { "type": "Point", "coordinates": [ 31.459629364141424, -20.148371831630406 ] } },
{ "type": "Feature", "properties": { "ID": 0, "NAME": "Mutsambwa", "X_Coord": 31.3976, "Y_Coord": -20.1166 }, "geometry": { "type": "Point", "coordinates": [ 31.397585006306127, -20.116582124944003 ] } },
{ "type": "Feature", "properties": { "ID": 0, "NAME": "Chipezeze", "X_Coord": 31.4658, "Y_Coord": -20.4065 }, "geometry": { "type": "Point", "coordinates": [ 31.465757581387937, -20.406463433897031 ] } },
{ "type": "Feature", "properties": { "ID": 0, "NAME": "Munjanja", "X_Coord": 31.4234, "Y_Coord": -20.4298 }, "geometry": { "type": "Point", "coordinates": [ 31.423363424827844, -20.429758518946276 ] } },
{ "type": "Feature", "properties": { "ID": 0, "NAME": "Mapanje", "X_Coord": 31.3709, "Y_Coord": -20.3994 }, "geometry": { "type": "Point", "coordinates": [ 31.370865806465737, -20.399367807692588 ] } },
{ "type": "Feature", "properties": { "ID": 0, "NAME": "Murembwa", "X_Coord": 31.3199, "Y_Coord": -20.4386 }, "geometry": { "type": "Point", "coordinates": [ 31.319934447489398, -20.438567264546684 ] } },
{ "type": "Feature", "properties": { "ID": 0, "NAME": "Muchokwa", "X_Coord": 31.2478, "Y_Coord": -20.4496 }, "geometry": { "type": "Point", "coordinates": [ 31.247846221944553, -20.449580790258512 ] } },
{ "type": "Feature", "properties": { "ID": 0, "NAME": "Mudavanhu", "X_Coord": 31.3181, "Y_Coord": -20.403 }, "geometry": { "type": "Point", "coordinates": [ 31.318086109114816, -20.402958304371278 ] } },
{ "type": "Feature", "properties": { "ID": 0, "NAME": "Nyakunhuwa", "X_Coord": 31.2257, "Y_Coord": -20.3837 }, "geometry": { "type": "Point", "coordinates": [ 31.225747180231469, -20.383711565014206 ] } },
{ "type": "Feature", "properties": { "ID": 0, "NAME": "Mutonhori", "X_Coord": 31.2666, "Y_Coord": -20.4077 }, "geometry": { "type": "Point", "coordinates": [ 31.266596951669403, -20.407749689392411 ] } },
{ "type": "Feature", "properties": { "ID": 0, "NAME": "Gonese", "X_Coord": 31.4433, "Y_Coord": -20.3676 }, "geometry": { "type": "Point", "coordinates": [ 31.443261231810308, -20.367567094946164 ] } },
{ "type": "Feature", "properties": { "ID": 0, "NAME": "Chinyaradza", "X_Coord": 31.3961, "Y_Coord": -20.277 }, "geometry": { "type": "Point", "coordinates": [ 31.39610183935536, -20.276963807244105 ] } },
{ "type": "Feature", "properties": { "ID": 0, "NAME": "Muchaka", "X_Coord": 31.351, "Y_Coord": -20.2721 }, "geometry": { "type": "Point", "coordinates": [ 31.351050332537245, -20.272113153700932 ] } },
{ "type": "Feature", "properties": { "ID": 0, "NAME": "Ruzogwe", "X_Coord": 30.5004, "Y_Coord": -20.7323 }, "geometry": { "type": "Point", "coordinates": [ 30.500395870465823, -20.732254116582389 ] } },
{ "type": "Feature", "properties": { "ID": 0, "NAME": "Msaverima", "X_Coord": 30.5105, "Y_Coord": -20.7768 }, "geometry": { "type": "Point", "coordinates": [ 30.510471830820418, -20.776769897981584 ] } },
{ "type": "Feature", "properties": { "ID": 0, "NAME": "Ruzambu", "X_Coord": 30.5668, "Y_Coord": -20.7867 }, "geometry": { "type": "Point", "coordinates": [ 30.566839876745952, -20.786672361507883 ] } },
{ "type": "Feature", "properties": { "ID": 0, "NAME": "Negari", "X_Coord": 30.6095, "Y_Coord": -20.8311 }, "geometry": { "type": "Point", "coordinates": [ 30.609476202413092, -20.831129554560512 ] } },
{ "type": "Feature", "properties": { "ID": 0, "NAME": "Shazhaume", "X_Coord": 30.5665, "Y_Coord": -20.8409 }, "geometry": { "type": "Point", "coordinates": [ 30.566513605752533, -20.840899062970504 ] } },
{ "type": "Feature", "properties": { "ID": 0, "NAME": "Zvirikure", "X_Coord": 30.5862, "Y_Coord": -20.8712 }, "geometry": { "type": "Point", "coordinates": [ 30.586170556380143, -20.871213347849423 ] } },
{ "type": "Feature", "properties": { "ID": 0, "NAME": "Rata", "X_Coord": 30.6416, "Y_Coord": -20.8758 }, "geometry": { "type": "Point", "coordinates": [ 30.641620711083814, -20.875843756535037 ] } },
{ "type": "Feature", "properties": { "ID": 0, "NAME": "Matande", "X_Coord": 30.6864, "Y_Coord": -20.8943 }, "geometry": { "type": "Point", "coordinates": [ 30.686428002982865, -20.894292605828092 ] } },
{ "type": "Feature", "properties": { "ID": 0, "NAME": "Pambe", "X_Coord": 30.5011, "Y_Coord": -20.8711 }, "geometry": { "type": "Point", "coordinates": [ 30.50110003476459, -20.87109200194207 ] } },
{ "type": "Feature", "properties": { "ID": 0, "NAME": "Makwire", "X_Coord": 30.5344, "Y_Coord": -20.9261 }, "geometry": { "type": "Point", "coordinates": [ 30.534407155599524, -20.926073248534443 ] } },
{ "type": "Feature", "properties": { "ID": 0, "NAME": "Masogwe", "X_Coord": 30.6865, "Y_Coord": -20.935 }, "geometry": { "type": "Point", "coordinates": [ 30.68647755099455, -20.934959428480653 ] } },
{ "type": "Feature", "properties": { "ID": 0, "NAME": "Mawarire", "X_Coord": 30.4632, "Y_Coord": -20.9583 }, "geometry": { "type": "Point", "coordinates": [ 30.463151351363233, -20.958293581431242 ] } },
{ "type": "Feature", "properties": { "ID": 0, "NAME": "Mabhare", "X_Coord": 30.4578, "Y_Coord": -21.0309 }, "geometry": { "type": "Point", "coordinates": [ 30.457847852789627, -21.030935081798159 ] } },
{ "type": "Feature", "properties": { "ID": 0, "NAME": "Gwamatega", "X_Coord": 30.5187, "Y_Coord": -21.0401 }, "geometry": { "type": "Point", "coordinates": [ 30.51872228426571, -21.04006772671999 ] } },
{ "type": "Feature", "properties": { "ID": 0, "NAME": "Sarahuru", "X_Coord": 30.5791, "Y_Coord": -21.0091 }, "geometry": { "type": "Point", "coordinates": [ 30.579145264515073, -21.009124367410884 ] } },
{ "type": "Feature", "properties": { "ID": 0, "NAME": "Chingami", "X_Coord": 30.6256, "Y_Coord": -20.9434 }, "geometry": { "type": "Point", "coordinates": [ 30.625577314569099, -20.943449772752679 ] } },
{ "type": "Feature", "properties": { "ID": 0, "NAME": "Chikadzi", "X_Coord": 30.6489, "Y_Coord": -20.9618 }, "geometry": { "type": "Point", "coordinates": [ 30.648948870338959, -20.96179877424748 ] } },
{ "type": "Feature", "properties": { "ID": 0, "NAME": "Chitanga", "X_Coord": 30.7739, "Y_Coord": -20.9202 }, "geometry": { "type": "Point", "coordinates": [ 30.773922830282693, -20.920166576305785 ] } },
{ "type": "Feature", "properties": { "ID": 0, "NAME": "Mushava", "X_Coord": 30.6017, "Y_Coord": -21.0729 }, "geometry": { "type": "Point", "coordinates": [ 30.60167377884995, -21.072936123409988 ] } },
{ "type": "Feature", "properties": { "ID": 0, "NAME": "Chizumba", "X_Coord": 30.5823, "Y_Coord": -21.1169 }, "geometry": { "type": "Point", "coordinates": [ 30.582299015187047, -21.116903540415176 ] } },
{ "type": "Feature", "properties": { "ID": 0, "NAME": "Mwanezana", "X_Coord": 30.531, "Y_Coord": -21.113 }, "geometry": { "type": "Point", "coordinates": [ 30.530972246972855, -21.113001776800761 ] } },
{ "type": "Feature", "properties": { "ID": 0, "NAME": "Dengenya", "X_Coord": 30.4155, "Y_Coord": -21.1242 }, "geometry": { "type": "Point", "coordinates": [ 30.415535599334895, -21.124175979177892 ] } },
{ "type": "Feature", "properties": { "ID": 0, "NAME": "Machokoto", "X_Coord": 30.4281, "Y_Coord": -21.1852 }, "geometry": { "type": "Point", "coordinates": [ 30.428086256731806, -21.185234648509955 ] } },
{ "type": "Feature", "properties": { "ID": 0, "NAME": "Dinhe Mission", "X_Coord": 30.5486, "Y_Coord": -21.1846 }, "geometry": { "type": "Point", "coordinates": [ 30.548599714036861, -21.184601246977408 ] } },
{ "type": "Feature", "properties": { "ID": 0, "NAME": "Chomukamba", "X_Coord": 30.5981, "Y_Coord": -21.1616 }, "geometry": { "type": "Point", "coordinates": [ 30.598147712778903, -21.161649429545509 ] } },
{ "type": "Feature", "properties": { "ID": 0, "NAME": "Chemvana", "X_Coord": 30.5297, "Y_Coord": -21.2279 }, "geometry": { "type": "Point", "coordinates": [ 30.529669160479628, -21.227886769812677 ] } },
{ "type": "Feature", "properties": { "ID": 0, "NAME": "Hariyovumba", "X_Coord": 30.4192, "Y_Coord": -21.2212 }, "geometry": { "type": "Point", "coordinates": [ 30.419192290235266, -21.221158919418809 ] } },
{ "type": "Feature", "properties": { "ID": 0, "NAME": "Furidzi", "X_Coord": 30.3011, "Y_Coord": -21.0761 }, "geometry": { "type": "Point", "coordinates": [ 30.301140587302278, -21.076108256055026 ] } },
{ "type": "Feature", "properties": { "ID": 0, "NAME": "Bangwe", "X_Coord": 30.2977, "Y_Coord": -21.1829 }, "geometry": { "type": "Point", "coordinates": [ 30.297674594546081, -21.182920173231519 ] } },
{ "type": "Feature", "properties": { "ID": 0, "NAME": "Boterere", "X_Coord": 30.3502, "Y_Coord": -21.1962 }, "geometry": { "type": "Point", "coordinates": [ 30.350207925666318, -21.196150786384386 ] } },
{ "type": "Feature", "properties": { "ID": 0, "NAME": "Shayamavhudzi", "X_Coord": 30.3303, "Y_Coord": -21.2134 }, "geometry": { "type": "Point", "coordinates": [ 30.330270766795962, -21.21342180545685 ] } },
{ "type": "Feature", "properties": { "ID": 0, "NAME": "Mazetese", "X_Coord": 30.2916, "Y_Coord": -21.0562 }, "geometry": { "type": "Point", "coordinates": [ 30.291563342345697, -21.056229218994613 ] } },
{ "type": "Feature", "properties": { "ID": 0, "NAME": "Vinga", "X_Coord": 30.2147, "Y_Coord": -21.0911 }, "geometry": { "type": "Point", "coordinates": [ 30.214706863326363, -21.09110309348295 ] } },
{ "type": "Feature", "properties": { "ID": 0, "NAME": "Chirindi", "X_Coord": 30.179, "Y_Coord": -21.1288 }, "geometry": { "type": "Point", "coordinates": [ 30.179034246317194, -21.128841472035088 ] } },
{ "type": "Feature", "properties": { "ID": 0, "NAME": "Mangwerume", "X_Coord": 30.133, "Y_Coord": -21.1944 }, "geometry": { "type": "Point", "coordinates": [ 30.133022251370853, -21.194381368098274 ] } },
{ "type": "Feature", "properties": { "ID": 0, "NAME": "Gukuku", "X_Coord": 30.2322, "Y_Coord": -21.2357 }, "geometry": { "type": "Point", "coordinates": [ 30.232152431407581, -21.235685449340021 ] } },
{ "type": "Feature", "properties": { "ID": 0, "NAME": "Rushumbe", "X_Coord": 30.0973, "Y_Coord": -21.1536 }, "geometry": { "type": "Point", "coordinates": [ 30.097317470829058, -21.153578039262271 ] } },
{ "type": "Feature", "properties": { "ID": 0, "NAME": "Mlelezi", "X_Coord": 30.0614, "Y_Coord": -21.2269 }, "geometry": { "type": "Point", "coordinates": [ 30.061357541273882, -21.226929316232297 ] } },
{ "type": "Feature", "properties": { "ID": 0, "NAME": "Munyemani", "X_Coord": 30.5372, "Y_Coord": -21.2897 }, "geometry": { "type": "Point", "coordinates": [ 30.537152745898904, -21.289743288554394 ] } },
{ "type": "Feature", "properties": { "ID": 0, "NAME": "Mwenezi", "X_Coord": 30.755, "Y_Coord": -21.2412 }, "geometry": { "type": "Point", "coordinates": [ 30.754986087871337, -21.241164039920882 ] } },
{ "type": "Feature", "properties": { "ID": 0, "NAME": "Mpapa", "X_Coord": 31.2869, "Y_Coord": -21.151 }, "geometry": { "type": "Point", "coordinates": [ 31.286885907933105, -21.15100108300469 ] } },
{ "type": "Feature", "properties": { "ID": 0, "NAME": "Mutendi", "X_Coord": 31.3001, "Y_Coord": -20.0146 }, "geometry": { "type": "Point", "coordinates": [ 31.300079584425919, -20.014574835741264 ] } },
{ "type": "Feature", "properties": { "ID": 0, "NAME": "Chevedon", "X_Coord": 31.0921, "Y_Coord": -20.1776 }, "geometry": { "type": "Point", "coordinates": [ 31.092114085325047, -20.177635694381138 ] } },
{ "type": "Feature", "properties": { "ID": 0, "NAME": "Kyle", "X_Coord": 31.0331, "Y_Coord": -20.2069 }, "geometry": { "type": "Point", "coordinates": [ 31.033120832021229, -20.206907915077878 ] } },
{ "type": "Feature", "properties": { "ID": 0, "NAME": "Zano", "X_Coord": 31.0882, "Y_Coord": -20.2005 }, "geometry": { "type": "Point", "coordinates": [ 31.088207315620412, -20.200523321860864 ] } },
{ "type": "Feature", "properties": { "ID": 0, "NAME": "Machena", "X_Coord": 31.0921, "Y_Coord": -20.2777 }, "geometry": { "type": "Point", "coordinates": [ 31.092137186294945, -20.27773772101509 ] } },
{ "type": "Feature", "properties": { "ID": 0, "NAME": "Mutya", "X_Coord": 31.0599, "Y_Coord": -20.2863 }, "geometry": { "type": "Point", "coordinates": [ 31.05991565146601, -20.28627275707251 ] } },
{ "type": "Feature", "properties": { "ID": 0, "NAME": "Uzeze", "X_Coord": 31.0246, "Y_Coord": -20.3295 }, "geometry": { "type": "Point", "coordinates": [ 31.02462112694537, -20.32952759746307 ] } },
{ "type": "Feature", "properties": { "ID": 0, "NAME": "Daitai", "X_Coord": 31.0719, "Y_Coord": -20.3361 }, "geometry": { "type": "Point", "coordinates": [ 31.071910146634373, -20.336137537341031 ] } },
{ "type": "Feature", "properties": { "ID": 0, "NAME": "Nemanwa", "X_Coord": 30.9293, "Y_Coord": -20.2529 }, "geometry": { "type": "Point", "coordinates": [ 30.929299662608585, -20.252858274754523 ] } },
{ "type": "Feature", "properties": { "ID": 0, "NAME": "Sikato", "X_Coord": 30.8893, "Y_Coord": -20.226 }, "geometry": { "type": "Point", "coordinates": [ 30.889303414940571, -20.226005365210082 ] } },
{ "type": "Feature", "properties": { "ID": 0, "NAME": "Gwengavi", "X_Coord": 30.8493, "Y_Coord": -20.2219 }, "geometry": { "type": "Point", "coordinates": [ 30.849262339981276, -20.221934244295266 ] } },
{ "type": "Feature", "properties": { "ID": 0, "NAME": "Chikato", "X_Coord": 30.8839, "Y_Coord": -20.2599 }, "geometry": { "type": "Point", "coordinates": [ 30.883910694992629, -20.259936138675076 ] } },
{ "type": "Feature", "properties": { "ID": 0, "NAME": "Charumbira", "X_Coord": 30.8242, "Y_Coord": -20.2896 }, "geometry": { "type": "Point", "coordinates": [ 30.824236986289037, -20.289582405784298 ] } },
{ "type": "Feature", "properties": { "ID": 0, "NAME": "Munongo", "X_Coord": 30.7811, "Y_Coord": -20.2919 }, "geometry": { "type": "Point", "coordinates": [ 30.781137398497123, -20.291857845670489 ] } },
{ "type": "Feature", "properties": { "ID": 0, "NAME": "Nemazuwa", "X_Coord": 30.8622, "Y_Coord": -20.2953 }, "geometry": { "type": "Point", "coordinates": [ 30.862208663854606, -20.295290085370684 ] } },
{ "type": "Feature", "properties": { "ID": 0, "NAME": "Morgenster", "X_Coord": 30.9147, "Y_Coord": -20.3169 }, "geometry": { "type": "Point", "coordinates": [ 30.914717540729743, -20.316860358868404 ] } },
{ "type": "Feature", "properties": { "ID": 0, "NAME": "Mudenge", "X_Coord": 30.8056, "Y_Coord": -20.3325 }, "geometry": { "type": "Point", "coordinates": [ 30.805634902008595, -20.332540368744713 ] } },
{ "type": "Feature", "properties": { "ID": 0, "NAME": "Makasi", "X_Coord": 30.8597, "Y_Coord": -20.3352 }, "geometry": { "type": "Point", "coordinates": [ 30.859680720722, -20.335208708842099 ] } },
{ "type": "Feature", "properties": { "ID": 0, "NAME": "Barahanga", "X_Coord": 30.9561, "Y_Coord": -20.3295 }, "geometry": { "type": "Point", "coordinates": [ 30.95606974728695, -20.329518621717341 ] } },
{ "type": "Feature", "properties": { "ID": 0, "NAME": "Chikarudzo", "X_Coord": 30.9493, "Y_Coord": -20.3523 }, "geometry": { "type": "Point", "coordinates": [ 30.949308978911134, -20.352328567622763 ] } },
{ "type": "Feature", "properties": { "ID": 0, "NAME": "Machitenda", "X_Coord": 30.9389, "Y_Coord": -20.3719 }, "geometry": { "type": "Point", "coordinates": [ 30.93890785185652, -20.371934746655516 ] } },
{ "type": "Feature", "properties": { "ID": 0, "NAME": "Gwanha", "X_Coord": 30.8944, "Y_Coord": -20.3645 }, "geometry": { "type": "Point", "coordinates": [ 30.894413746387215, -20.364487156538186 ] } },
{ "type": "Feature", "properties": { "ID": 0, "NAME": "Mazanhi", "X_Coord": 31.0541, "Y_Coord": -20.3839 }, "geometry": { "type": "Point", "coordinates": [ 31.054150123763215, -20.383897278007986 ] } },
{ "type": "Feature", "properties": { "ID": 0, "NAME": "Chandipiswa", "X_Coord": 31.1019, "Y_Coord": -20.3911 }, "geometry": { "type": "Point", "coordinates": [ 31.101925231890352, -20.391134714693909 ] } },
{ "type": "Feature", "properties": { "ID": 0, "NAME": "Chekayi", "X_Coord": 31.0041, "Y_Coord": -20.3918 }, "geometry": { "type": "Point", "coordinates": [ 31.004094215854991, -20.391764320808214 ] } },
{ "type": "Feature", "properties": { "ID": 0, "NAME": "Murabwi", "X_Coord": 30.9193, "Y_Coord": -20.409 }, "geometry": { "type": "Point", "coordinates": [ 30.91928605681904, -20.408971533874894 ] } },
{ "type": "Feature", "properties": { "ID": 0, "NAME": "Muchenurwa", "X_Coord": 30.8574, "Y_Coord": -20.401 }, "geometry": { "type": "Point", "coordinates": [ 30.857429476064866, -20.400979643816495 ] } },
{ "type": "Feature", "properties": { "ID": 0, "NAME": "Gozho", "X_Coord": 30.834, "Y_Coord": -20.3827 }, "geometry": { "type": "Point", "coordinates": [ 30.834007339092029, -20.382727912149953 ] } },
{ "type": "Feature", "properties": { "ID": 0, "NAME": "Musingarabwi", "X_Coord": 30.7929, "Y_Coord": -20.3842 }, "geometry": { "type": "Point", "coordinates": [ 30.792869745197329, -20.384243247891515 ] } },
{ "type": "Feature", "properties": { "ID": 0, "NAME": "Shumbayaonda", "X_Coord": 30.8495, "Y_Coord": -20.4207 }, "geometry": { "type": "Point", "coordinates": [ 30.849507073379918, -20.420747993473991 ] } },
{ "type": "Feature", "properties": { "ID": 0, "NAME": "Tadzembwa", "X_Coord": 30.891, "Y_Coord": -20.4276 }, "geometry": { "type": "Point", "coordinates": [ 30.890999175896038, -20.427596675561908 ] } },
{ "type": "Feature", "properties": { "ID": 0, "NAME": "Njovo", "X_Coord": 30.9872, "Y_Coord": -20.4456 }, "geometry": { "type": "Point", "coordinates": [ 30.987248242235243, -20.445639025227706 ] } },
{ "type": "Feature", "properties": { "ID": 0, "NAME": "Matsikidze", "X_Coord": 31.0412, "Y_Coord": -20.4427 }, "geometry": { "type": "Point", "coordinates": [ 31.041226667689305, -20.442739829879105 ] } },
{ "type": "Feature", "properties": { "ID": 0, "NAME": "Shonganiso", "X_Coord": 31.0723, "Y_Coord": -20.4352 }, "geometry": { "type": "Point", "coordinates": [ 31.072254931358081, -20.435162159324676 ] } },
{ "type": "Feature", "properties": { "ID": 0, "NAME": "Muchemwa", "X_Coord": 31.1087, "Y_Coord": -20.4361 }, "geometry": { "type": "Point", "coordinates": [ 31.108713377477397, -20.436118741225538 ] } },
{ "type": "Feature", "properties": { "ID": 0, "NAME": "Mandini", "X_Coord": 31.0667, "Y_Coord": -20.4824 }, "geometry": { "type": "Point", "coordinates": [ 31.066728181196243, -20.482352693475946 ] } },
{ "type": "Feature", "properties": { "ID": 0, "NAME": "Makungubwe", "X_Coord": 31.1161, "Y_Coord": -20.4846 }, "geometry": { "type": "Point", "coordinates": [ 31.116076962979548, -20.484587735029628 ] } },
{ "type": "Feature", "properties": { "ID": 0, "NAME": "Makoho", "X_Coord": 31.1551, "Y_Coord": -20.5137 }, "geometry": { "type": "Point", "coordinates": [ 31.155087343916257, -20.513742164241446 ] } },
{ "type": "Feature", "properties": { "ID": 0, "NAME": "Nyadzamba", "X_Coord": 31.2126, "Y_Coord": -20.5274 }, "geometry": { "type": "Point", "coordinates": [ 31.212612193037248, -20.527360831699891 ] } },
{ "type": "Feature", "properties": { "ID": 0, "NAME": "Masarasara", "X_Coord": 31.1978, "Y_Coord": -20.5449 }, "geometry": { "type": "Point", "coordinates": [ 31.197764311962054, -20.544899359848628 ] } },
{ "type": "Feature", "properties": { "ID": 0, "NAME": "Garai", "X_Coord": 31.1356, "Y_Coord": -20.5411 }, "geometry": { "type": "Point", "coordinates": [ 31.135635704527452, -20.541054897852334 ] } },
{ "type": "Feature", "properties": { "ID": 0, "NAME": "Muchibwa", "X_Coord": 31.169, "Y_Coord": -20.5951 }, "geometry": { "type": "Point", "coordinates": [ 31.168999205445242, -20.595077101659726 ] } },
{ "type": "Feature", "properties": { "ID": 0, "NAME": "Nyajena", "X_Coord": 31.0994, "Y_Coord": -20.6152 }, "geometry": { "type": "Point", "coordinates": [ 31.099419245759506, -20.615227320713366 ] } },
{ "type": "Feature", "properties": { "ID": 0, "NAME": "Renco Mine", "X_Coord": 31.1702, "Y_Coord": -20.6453 }, "geometry": { "type": "Point", "coordinates": [ 31.17022487114242, -20.645334640493335 ] } },
{ "type": "Feature", "properties": { "ID": 0, "NAME": "Gwamanjoma", "X_Coord": 30.976, "Y_Coord": -20.5496 }, "geometry": { "type": "Point", "coordinates": [ 30.975959563926025, -20.549614483178242 ] } },
{ "type": "Feature", "properties": { "ID": 0, "NAME": "Mavizhu", "X_Coord": 31.0647, "Y_Coord": -20.5238 }, "geometry": { "type": "Point", "coordinates": [ 31.064655287426174, -20.523797103630976 ] } },
{ "type": "Feature", "properties": { "ID": 0, "NAME": "Rarangwe", "X_Coord": 30.9362, "Y_Coord": -20.6232 }, "geometry": { "type": "Point", "coordinates": [ 30.936167201578613, -20.623178883386906 ] } },
{ "type": "Feature", "properties": { "ID": 0, "NAME": "Gunikuni", "X_Coord": 30.9037, "Y_Coord": -20.5325 }, "geometry": { "type": "Point", "coordinates": [ 30.903724484062735, -20.532463410532294 ] } },
{ "type": "Feature", "properties": { "ID": 0, "NAME": "Chitakai", "X_Coord": 31.048, "Y_Coord": -20.6017 }, "geometry": { "type": "Point", "coordinates": [ 31.047959394010224, -20.601725209596989 ] } },
{ "type": "Feature", "properties": { "ID": 0, "NAME": "Maramwidze", "X_Coord": 31.0691, "Y_Coord": -20.6166 }, "geometry": { "type": "Point", "coordinates": [ 31.069110467294689, -20.616640832003196 ] } },
{ "type": "Feature", "properties": { "ID": 0, "NAME": "Mashapa", "X_Coord": 31.1542, "Y_Coord": -20.6428 }, "geometry": { "type": "Point", "coordinates": [ 31.154187261154366, -20.64275923323374 ] } },
{ "type": "Feature", "properties": { "ID": 0, "NAME": "Chehudo", "X_Coord": 30.9775, "Y_Coord": -20.669 }, "geometry": { "type": "Point", "coordinates": [ 30.977545599241711, -20.66898300373575 ] } },
{ "type": "Feature", "properties": { "ID": 0, "NAME": "Musvovi", "X_Coord": 31.0589, "Y_Coord": -20.7195 }, "geometry": { "type": "Point", "coordinates": [ 31.058886441110207, -20.719486746530581 ] } },
{ "type": "Feature", "properties": { "ID": 0, "NAME": "Chiwawa", "X_Coord": 31.0136, "Y_Coord": -20.7192 }, "geometry": { "type": "Point", "coordinates": [ 31.013588090347483, -20.719220967018785 ] } },
{ "type": "Feature", "properties": { "ID": 0, "NAME": "Fusira", "X_Coord": 31.1196, "Y_Coord": -20.7042 }, "geometry": { "type": "Point", "coordinates": [ 31.119641385805984, -20.704171084698888 ] } },
{ "type": "Feature", "properties": { "ID": 0, "NAME": "Zorogwe", "X_Coord": 31.2239, "Y_Coord": -20.724 }, "geometry": { "type": "Point", "coordinates": [ 31.22391016783855, -20.724042849859828 ] } },
{ "type": "Feature", "properties": { "ID": 0, "NAME": "Nyamande", "X_Coord": 31.1651, "Y_Coord": -20.7597 }, "geometry": { "type": "Point", "coordinates": [ 31.165085774274043, -20.759663701336908 ] } },
{ "type": "Feature", "properties": { "ID": 0, "NAME": "Magudu", "X_Coord": 31.2, "Y_Coord": -20.7956 }, "geometry": { "type": "Point", "coordinates": [ 31.199953446155405, -20.795576181415601 ] } },
{ "type": "Feature", "properties": { "ID": 0, "NAME": "Tokwane-Ngundu", "X_Coord": 31.0886, "Y_Coord": -20.8094 }, "geometry": { "type": "Point", "coordinates": [ 31.088565785498581, -20.809373112593434 ] } },
{ "type": "Feature", "properties": { "ID": 0, "NAME": "Nyikavanhu", "X_Coord": 31.2212, "Y_Coord": -20.8574 }, "geometry": { "type": "Point", "coordinates": [ 31.221216830800575, -20.857439092300861 ] } },
{ "type": "Feature", "properties": { "ID": 0, "NAME": "Chikuza", "X_Coord": 31.2259, "Y_Coord": -20.9056 }, "geometry": { "type": "Point", "coordinates": [ 31.225877906259878, -20.905634436126519 ] } },
{ "type": "Feature", "properties": { "ID": 0, "NAME": "Gwitima", "X_Coord": 30.87, "Y_Coord": -20.557 }, "geometry": { "type": "Point", "coordinates": [ 30.870000059294775, -20.556954432234551 ] } },
{ "type": "Feature", "properties": { "ID": 0, "NAME": "Mukosi", "X_Coord": 30.9199, "Y_Coord": -20.4754 }, "geometry": { "type": "Point", "coordinates": [ 30.919912444953287, -20.475362224052581 ] } },
{ "type": "Feature", "properties": { "ID": 0, "NAME": "Mutenda", "X_Coord": 30.9641, "Y_Coord": -20.435 }, "geometry": { "type": "Point", "coordinates": [ 30.964088881657453, -20.435048183181831 ] } },
{ "type": "Feature", "properties": { "ID": 0, "NAME": "Nyamafufu", "X_Coord": 30.8505, "Y_Coord": -20.4759 }, "geometry": { "type": "Point", "coordinates": [ 30.850515189082245, -20.475909670140478 ] } },
{ "type": "Feature", "properties": { "ID": 0, "NAME": "Gwira", "X_Coord": 30.8066, "Y_Coord": -20.4732 }, "geometry": { "type": "Point", "coordinates": [ 30.806575926469122, -20.473207283887174 ] } },
{ "type": "Feature", "properties": { "ID": 0, "NAME": "Bangomwe", "X_Coord": 30.7451, "Y_Coord": -20.5136 }, "geometry": { "type": "Point", "coordinates": [ 30.745058746866377, -20.513571844168297 ] } },
{ "type": "Feature", "properties": { "ID": 0, "NAME": "Mamvura", "X_Coord": 30.7561, "Y_Coord": -20.4633 }, "geometry": { "type": "Point", "coordinates": [ 30.75608774625433, -20.463315979751819 ] } },
{ "type": "Feature", "properties": { "ID": 0, "NAME": "Ngomahuru", "X_Coord": 30.7253, "Y_Coord": -20.4318 }, "geometry": { "type": "Point", "coordinates": [ 30.72528209143335, -20.431756963171981 ] } },
{ "type": "Feature", "properties": { "ID": 0, "NAME": "Vumba", "X_Coord": 30.7243, "Y_Coord": -20.3979 }, "geometry": { "type": "Point", "coordinates": [ 30.724257470642073, -20.397920762846791 ] } },
{ "type": "Feature", "properties": { "ID": 0, "NAME": "Chibaya", "X_Coord": 30.7609, "Y_Coord": -20.347 }, "geometry": { "type": "Point", "coordinates": [ 30.760914296741596, -20.346981372982999 ] } },
{ "type": "Feature", "properties": { "ID": 0, "NAME": "Mafuba", "X_Coord": 30.7523, "Y_Coord": -20.305 }, "geometry": { "type": "Point", "coordinates": [ 30.752322901184026, -20.30499598452235 ] } },
{ "type": "Feature", "properties": { "ID": 0, "NAME": "Mukonde", "X_Coord": 30.7421, "Y_Coord": -20.2626 }, "geometry": { "type": "Point", "coordinates": [ 30.742095428967662, -20.262578833784662 ] } },
{ "type": "Feature", "properties": { "ID": 0, "NAME": "Coronation", "X_Coord": 30.8274, "Y_Coord": -20.1728 }, "geometry": { "type": "Point", "coordinates": [ 30.827363782919743, -20.172779862866875 ] } },
{ "type": "Feature", "properties": { "ID": 0, "NAME": "Nyanda", "X_Coord": 30.7101, "Y_Coord": -20.2256 }, "geometry": { "type": "Point", "coordinates": [ 30.7101405992004, -20.225644633974046 ] } },
{ "type": "Feature", "properties": { "ID": 0, "NAME": "Mhungudza", "X_Coord": 30.6458, "Y_Coord": -20.242 }, "geometry": { "type": "Point", "coordinates": [ 30.645823117621628, -20.242036480399157 ] } },
{ "type": "Feature", "properties": { "ID": 0, "NAME": "Zvehuru", "X_Coord": 30.5945, "Y_Coord": -20.1918 }, "geometry": { "type": "Point", "coordinates": [ 30.594516636194008, -20.191846218625216 ] } },
{ "type": "Feature", "properties": { "ID": 0, "NAME": "Boss Mine", "X_Coord": 30.4624, "Y_Coord": -20.0793 }, "geometry": { "type": "Point", "coordinates": [ 30.462437670629832, -20.079295206887565 ] } },
{ "type": "Feature", "properties": { "ID": 0, "NAME": "Zvinyaningwe", "X_Coord": 30.5104, "Y_Coord": -19.8833 }, "geometry": { "type": "Point", "coordinates": [ 30.510438331780001, -19.883303348458821 ] } },
{ "type": "Feature", "properties": { "ID": 0, "NAME": "Matsokoto", "X_Coord": 30.9498, "Y_Coord": -19.7002 }, "geometry": { "type": "Point", "coordinates": [ 30.949847050555576, -19.70017022186024 ] } },
{ "type": "Feature", "properties": { "ID": 0, "NAME": "Chinyan'anya", "X_Coord": 30.9181, "Y_Coord": -19.7188 }, "geometry": { "type": "Point", "coordinates": [ 30.918093295819428, -19.718848108409734 ] } },
{ "type": "Feature", "properties": { "ID": 0, "NAME": "Mutonhodza", "X_Coord": 30.9651, "Y_Coord": -19.7404 }, "geometry": { "type": "Point", "coordinates": [ 30.965082065122463, -19.740356240580137 ] } },
{ "type": "Feature", "properties": { "ID": 0, "NAME": "Marongere", "X_Coord": 30.8729, "Y_Coord": -19.7443 }, "geometry": { "type": "Point", "coordinates": [ 30.872854491241679, -19.744305960522784 ] } },
{ "type": "Feature", "properties": { "ID": 0, "NAME": null, "X_Coord": 30.8955, "Y_Coord": -19.7569 }, "geometry": { "type": "Point", "coordinates": [ 30.895530306573196, -19.756860199693762 ] } },
{ "type": "Feature", "properties": { "ID": 0, "NAME": "Gurajena", "X_Coord": 30.939, "Y_Coord": -19.7701 }, "geometry": { "type": "Point", "coordinates": [ 30.938990056551187, -19.770122167278124 ] } },
{ "type": "Feature", "properties": { "ID": 0, "NAME": "Chiwenga", "X_Coord": 30.9309, "Y_Coord": -19.8034 }, "geometry": { "type": "Point", "coordinates": [ 30.930932683328987, -19.803433504587595 ] } },
{ "type": "Feature", "properties": { "ID": 0, "NAME": "Maraire", "X_Coord": 30.8741, "Y_Coord": -19.7956 }, "geometry": { "type": "Point", "coordinates": [ 30.874137855697196, -19.795632242278376 ] } },
{ "type": "Feature", "properties": { "ID": 0, "NAME": "St. Francis", "X_Coord": 30.8213, "Y_Coord": -19.786 }, "geometry": { "type": "Point", "coordinates": [ 30.821338307304465, -19.785962072005468 ] } },
{ "type": "Feature", "properties": { "ID": 0, "NAME": "Bawa", "X_Coord": 30.9129, "Y_Coord": -19.8317 }, "geometry": { "type": "Point", "coordinates": [ 30.912928767168765, -19.831654715500456 ] } },
{ "type": "Feature", "properties": { "ID": 0, "NAME": "Rambanai", "X_Coord": 30.8404, "Y_Coord": -19.857 }, "geometry": { "type": "Point", "coordinates": [ 30.840398983370509, -19.856990456193085 ] } },
{ "type": "Feature", "properties": { "ID": 0, "NAME": "Mutatiri", "X_Coord": 30.8809, "Y_Coord": -19.8662 }, "geometry": { "type": "Point", "coordinates": [ 30.880945380157755, -19.866228443759141 ] } },
{ "type": "Feature", "properties": { "ID": 0, "NAME": "Nemarundwi", "X_Coord": 30.9098, "Y_Coord": -19.866 }, "geometry": { "type": "Point", "coordinates": [ 30.909826458102046, -19.865980313048276 ] } },
{ "type": "Feature", "properties": { "ID": 0, "NAME": "Govere", "X_Coord": 30.7341, "Y_Coord": -19.7644 }, "geometry": { "type": "Point", "coordinates": [ 30.73411898794367, -19.764351063354034 ] } },
{ "type": "Feature", "properties": { "ID": 0, "NAME": "St. Theresa", "X_Coord": 30.8161, "Y_Coord": -19.7461 }, "geometry": { "type": "Point", "coordinates": [ 30.816140328830883, -19.746091508040109 ] } },
{ "type": "Feature", "properties": { "ID": 0, "NAME": "St. Stanislaus", "X_Coord": 30.7323, "Y_Coord": -19.8088 }, "geometry": { "type": "Point", "coordinates": [ 30.732322313389638, -19.808817534531354 ] } },
{ "type": "Feature", "properties": { "ID": 0, "NAME": "Matova", "X_Coord": 30.7575, "Y_Coord": -19.9064 }, "geometry": { "type": "Point", "coordinates": [ 30.757468333424022, -19.906430501086252 ] } },
{ "type": "Feature", "properties": { "ID": 0, "NAME": "Mahoto", "X_Coord": 30.8657, "Y_Coord": -19.9148 }, "geometry": { "type": "Point", "coordinates": [ 30.865672935021159, -19.914839149444649 ] } },
{ "type": "Feature", "properties": { "ID": 0, "NAME": "Nhangwi", "X_Coord": 30.9121, "Y_Coord": -19.9101 }, "geometry": { "type": "Point", "coordinates": [ 30.912053111898768, -19.910141034235536 ] } },
{ "type": "Feature", "properties": { "ID": 0, "NAME": "Chamarare", "X_Coord": 30.8108, "Y_Coord": -19.9452 }, "geometry": { "type": "Point", "coordinates": [ 30.810847841485664, -19.945198635800836 ] } },
{ "type": "Feature", "properties": { "ID": 0, "NAME": "Gokomere", "X_Coord": 30.7715, "Y_Coord": -19.9555 }, "geometry": { "type": "Point", "coordinates": [ 30.771456461725986, -19.955549487900033 ] } },
{ "type": "Feature", "properties": { "ID": 0, "NAME": "Capota", "X_Coord": 30.8351, "Y_Coord": -19.9721 }, "geometry": { "type": "Point", "coordinates": [ 30.835095783043172, -19.972117362129577 ] } },
{ "type": "Feature", "properties": { "ID": 0, "NAME": "Rufaro", "X_Coord": 30.9402, "Y_Coord": -20.0386 }, "geometry": { "type": "Point", "coordinates": [ 30.940179373630201, -20.038568231660555 ] } },
{ "type": "Feature", "properties": { "ID": 0, "NAME": "Mutusva", "X_Coord": 31.1183, "Y_Coord": -20.4032 }, "geometry": { "type": "Point", "coordinates": [ 31.118288338518845, -20.403184733791516 ] } },
{ "type": "Feature", "properties": { "ID": 0, "NAME": "Chatikobo", "X_Coord": 31.169, "Y_Coord": -20.4486 }, "geometry": { "type": "Point", "coordinates": [ 31.169011347106089, -20.448569263609091 ] } },
{ "type": "Feature", "properties": { "ID": 0, "NAME": "Makumbe", "X_Coord": 31.0385, "Y_Coord": -20.6435 }, "geometry": { "type": "Point", "coordinates": [ 31.038541854482034, -20.643461287276335 ] } },
{ "type": "Feature", "properties": { "ID": 0, "NAME": "Chiguhune", "X_Coord": 31.1582, "Y_Coord": -19.2832 }, "geometry": { "type": "Point", "coordinates": [ 31.158157161217371, -19.283224653555692 ] } },
{ "type": "Feature", "properties": { "ID": 0, "NAME": "Gwiranenzara", "X_Coord": 31.2151, "Y_Coord": -19.2729 }, "geometry": { "type": "Point", "coordinates": [ 31.215101582530188, -19.272860590278221 ] } },
{ "type": "Feature", "properties": { "ID": 0, "NAME": "Mvimvi", "X_Coord": 31.2526, "Y_Coord": -19.3405 }, "geometry": { "type": "Point", "coordinates": [ 31.252579079620279, -19.34048031152934 ] } },
{ "type": "Feature", "properties": { "ID": 0, "NAME": "Dambara", "X_Coord": 31.281, "Y_Coord": -19.3776 }, "geometry": { "type": "Point", "coordinates": [ 31.281013631399674, -19.377567242628896 ] } },
{ "type": "Feature", "properties": { "ID": 0, "NAME": "Wete", "X_Coord": 31.2802, "Y_Coord": -19.4114 }, "geometry": { "type": "Point", "coordinates": [ 31.280181972536003, -19.411392532573906 ] } },
{ "type": "Feature", "properties": { "ID": 0, "NAME": "Denhere", "X_Coord": 31.3365, "Y_Coord": -19.3924 }, "geometry": { "type": "Point", "coordinates": [ 31.33650221662235, -19.392422082648029 ] } },
{ "type": "Feature", "properties": { "ID": 0, "NAME": "Mutunduru", "X_Coord": 31.3417, "Y_Coord": -19.4556 }, "geometry": { "type": "Point", "coordinates": [ 31.341749001482853, -19.455550542888009 ] } },
{ "type": "Feature", "properties": { "ID": 0, "NAME": "Tongogara", "X_Coord": 31.2099, "Y_Coord": -19.4504 }, "geometry": { "type": "Point", "coordinates": [ 31.209921944626103, -19.450437074912017 ] } },
{ "type": "Feature", "properties": { "ID": 0, "NAME": "Mbirikira", "X_Coord": 31.1454, "Y_Coord": -19.45 }, "geometry": { "type": "Point", "coordinates": [ 31.145431307931453, -19.449991617862977 ] } },
{ "type": "Feature", "properties": { "ID": 0, "NAME": "Guchacha", "X_Coord": 31.4306, "Y_Coord": -19.4549 }, "geometry": { "type": "Point", "coordinates": [ 31.430554058711859, -19.454947447477696 ] } },
{ "type": "Feature", "properties": { "ID": 0, "NAME": "Firomumwe", "X_Coord": 31.5093, "Y_Coord": -19.4305 }, "geometry": { "type": "Point", "coordinates": [ 31.509305808697338, -19.430470429979046 ] } },
{ "type": "Feature", "properties": { "ID": 0, "NAME": "Zvinavashe", "X_Coord": 31.5485, "Y_Coord": -19.4262 }, "geometry": { "type": "Point", "coordinates": [ 31.548471930197667, -19.426170058075584 ] } },
{ "type": "Feature", "properties": { "ID": 0, "NAME": "Mondo", "X_Coord": 31.5512, "Y_Coord": -19.4673 }, "geometry": { "type": "Point", "coordinates": [ 31.551192119061227, -19.467321898238268 ] } },
{ "type": "Feature", "properties": { "ID": 0, "NAME": "Muchingambi", "X_Coord": 31.4823, "Y_Coord": -19.4881 }, "geometry": { "type": "Point", "coordinates": [ 31.482332136944645, -19.488054760931622 ] } },
{ "type": "Feature", "properties": { "ID": 0, "NAME": "Nharira", "X_Coord": 31.4169, "Y_Coord": -19.4947 }, "geometry": { "type": "Point", "coordinates": [ 31.416860617509837, -19.494724120714391 ] } },
{ "type": "Feature", "properties": { "ID": 0, "NAME": "Mutanda", "X_Coord": 31.3396, "Y_Coord": -19.521 }, "geometry": { "type": "Point", "coordinates": [ 31.339563657698591, -19.521026399990902 ] } },
{ "type": "Feature", "properties": { "ID": 0, "NAME": "Chitepo", "X_Coord": 31.2564, "Y_Coord": -19.5166 }, "geometry": { "type": "Point", "coordinates": [ 31.256358352382211, -19.516643580700361 ] } },
{ "type": "Feature", "properties": { "ID": 0, "NAME": "Rafomoyo", "X_Coord": 31.314, "Y_Coord": -19.5553 }, "geometry": { "type": "Point", "coordinates": [ 31.313974559805704, -19.555322252279559 ] } },
{ "type": "Feature", "properties": { "ID": 0, "NAME": "Guvamatanga", "X_Coord": 31.2695, "Y_Coord": -19.5762 }, "geometry": { "type": "Point", "coordinates": [ 31.269524438366737, -19.576201800468745 ] } },
{ "type": "Feature", "properties": { "ID": 0, "NAME": "Masunda", "X_Coord": 31.4326, "Y_Coord": -19.5602 }, "geometry": { "type": "Point", "coordinates": [ 31.432576177786888, -19.560172612543106 ] } },
{ "type": "Feature", "properties": { "ID": 0, "NAME": "Nyamandi", "X_Coord": 31.4688, "Y_Coord": -19.5503 }, "geometry": { "type": "Point", "coordinates": [ 31.468766227772633, -19.550284733045221 ] } },
{ "type": "Feature", "properties": { "ID": 0, "NAME": "Hwingwiri", "X_Coord": 31.518, "Y_Coord": -19.5684 }, "geometry": { "type": "Point", "coordinates": [ 31.518015726112434, -19.568422681697818 ] } },
{ "type": "Feature", "properties": { "ID": 0, "NAME": "Chinanga", "X_Coord": 31.5667, "Y_Coord": -19.5767 }, "geometry": { "type": "Point", "coordinates": [ 31.566722863028854, -19.576727405046338 ] } },
{ "type": "Feature", "properties": { "ID": 0, "NAME": "Jaravaza", "X_Coord": 31.4586, "Y_Coord": -19.5924 }, "geometry": { "type": "Point", "coordinates": [ 31.458560146911204, -19.592395928709603 ] } },
{ "type": "Feature", "properties": { "ID": 0, "NAME": "Chesvingo", "X_Coord": 31.397, "Y_Coord": -19.6033 }, "geometry": { "type": "Point", "coordinates": [ 31.39703870506283, -19.603256620879908 ] } },
{ "type": "Feature", "properties": { "ID": 0, "NAME": "Shumbairerwa", "X_Coord": 31.338, "Y_Coord": -19.615 }, "geometry": { "type": "Point", "coordinates": [ 31.337997781937062, -19.615028079036925 ] } },
{ "type": "Feature", "properties": { "ID": 0, "NAME": "Chamisa", "X_Coord": 31.2498, "Y_Coord": -19.613 }, "geometry": { "type": "Point", "coordinates": [ 31.249839931426894, -19.612951181579582 ] } },
{ "type": "Feature", "properties": { "ID": 0, "NAME": "Chikara", "X_Coord": 31.4437, "Y_Coord": -19.4128 }, "geometry": { "type": "Point", "coordinates": [ 31.443732008660824, -19.412831597632714 ] } },
{ "type": "Feature", "properties": { "ID": 0, "NAME": "Chokera", "X_Coord": 31.5884, "Y_Coord": -19.5421 }, "geometry": { "type": "Point", "coordinates": [ 31.588362515686129, -19.542061981411734 ] } },
{ "type": "Feature", "properties": { "ID": 0, "NAME": "Ruti", "X_Coord": 31.6613, "Y_Coord": -19.5391 }, "geometry": { "type": "Point", "coordinates": [ 31.661321251332041, -19.539050759402993 ] } },
{ "type": "Feature", "properties": { "ID": 0, "NAME": "Rineshanga", "X_Coord": 31.6961, "Y_Coord": -19.5385 }, "geometry": { "type": "Point", "coordinates": [ 31.6960690441257, -19.538475053156123 ] } },
{ "type": "Feature", "properties": { "ID": 0, "NAME": "Gudza", "X_Coord": 31.6939, "Y_Coord": -19.5876 }, "geometry": { "type": "Point", "coordinates": [ 31.69391390484715, -19.587593613438116 ] } },
{ "type": "Feature", "properties": { "ID": 0, "NAME": "Gomba", "X_Coord": 31.6324, "Y_Coord": -19.6013 }, "geometry": { "type": "Point", "coordinates": [ 31.632422010793402, -19.60134206783961 ] } },
{ "type": "Feature", "properties": { "ID": 0, "NAME": "Chadzamira", "X_Coord": 31.5069, "Y_Coord": -19.6199 }, "geometry": { "type": "Point", "coordinates": [ 31.506878802959413, -19.619893218586821 ] } },
{ "type": "Feature", "properties": { "ID": 0, "NAME": "Mutero", "X_Coord": 31.43, "Y_Coord": -19.6308 }, "geometry": { "type": "Point", "coordinates": [ 31.429951730409542, -19.63079657609347 ] } },
{ "type": "Feature", "properties": { "ID": 0, "NAME": "Gonye", "X_Coord": 31.4332, "Y_Coord": -19.6757 }, "geometry": { "type": "Point", "coordinates": [ 31.433156807338413, -19.675688031520266 ] } },
{ "type": "Feature", "properties": { "ID": 0, "NAME": "Guzha", "X_Coord": 31.4833, "Y_Coord": -19.6747 }, "geometry": { "type": "Point", "coordinates": [ 31.483330698255671, -19.674660959910721 ] } },
{ "type": "Feature", "properties": { "ID": 0, "NAME": "Zimbizi", "X_Coord": 31.5696, "Y_Coord": -19.6389 }, "geometry": { "type": "Point", "coordinates": [ 31.569571007528037, -19.638925132794768 ] } },
{ "type": "Feature", "properties": { "ID": 0, "NAME": "Batanai", "X_Coord": 31.6099, "Y_Coord": -19.6589 }, "geometry": { "type": "Point", "coordinates": [ 31.609929210380141, -19.658932770920785 ] } },
{ "type": "Feature", "properties": { "ID": 0, "NAME": "Dandavare", "X_Coord": 31.6426, "Y_Coord": -19.6411 }, "geometry": { "type": "Point", "coordinates": [ 31.642605861137739, -19.641069023463661 ] } },
{ "type": "Feature", "properties": { "ID": 0, "NAME": "Mushangwe", "X_Coord": 31.7112, "Y_Coord": -19.6483 }, "geometry": { "type": "Point", "coordinates": [ 31.711208373810791, -19.648342845599899 ] } },
{ "type": "Feature", "properties": { "ID": 0, "NAME": "Makamure", "X_Coord": 31.6662, "Y_Coord": -19.6808 }, "geometry": { "type": "Point", "coordinates": [ 31.666209710708973, -19.680755995131342 ] } },
{ "type": "Feature", "properties": { "ID": 0, "NAME": "Makura", "X_Coord": 31.7259, "Y_Coord": -19.6904 }, "geometry": { "type": "Point", "coordinates": [ 31.725902228817404, -19.690390254471865 ] } },
{ "type": "Feature", "properties": { "ID": 0, "NAME": "Soro", "X_Coord": 31.6923, "Y_Coord": -19.719 }, "geometry": { "type": "Point", "coordinates": [ 31.692300513868673, -19.719029508377581 ] } },
{ "type": "Feature", "properties": { "ID": 0, "NAME": "Mugodhi", "X_Coord": 31.6281, "Y_Coord": -19.7094 }, "geometry": { "type": "Point", "coordinates": [ 31.628127601823028, -19.709396001246311 ] } },
{ "type": "Feature", "properties": { "ID": 0, "NAME": "Gumindoga", "X_Coord": 31.5829, "Y_Coord": -19.7053 }, "geometry": { "type": "Point", "coordinates": [ 31.582879962547558, -19.705305886732397 ] } },
{ "type": "Feature", "properties": { "ID": 0, "NAME": "Bhasera", "X_Coord": 31.6015, "Y_Coord": -19.6674 }, "geometry": { "type": "Point", "coordinates": [ 31.601534611794637, -19.667373815345709 ] } },
{ "type": "Feature", "properties": { "ID": 0, "NAME": "Dopota", "X_Coord": 31.6074, "Y_Coord": -19.5729 }, "geometry": { "type": "Point", "coordinates": [ 31.607416309372873, -19.572880504673357 ] } },
{ "type": "Feature", "properties": { "ID": 0, "NAME": "Musasa", "X_Coord": 31.775, "Y_Coord": -19.671 }, "geometry": { "type": "Point", "coordinates": [ 31.774960550822392, -19.671043756693766 ] } },
{ "type": "Feature", "properties": { "ID": 0, "NAME": "Matombo", "X_Coord": 31.8188, "Y_Coord": -19.6877 }, "geometry": { "type": "Point", "coordinates": [ 31.81880925939457, -19.687719661506424 ] } },
{ "type": "Feature", "properties": { "ID": 0, "NAME": "Munyikwa", "X_Coord": 31.7914, "Y_Coord": -19.7444 }, "geometry": { "type": "Point", "coordinates": [ 31.791389954362156, -19.744419020424431 ] } },
{ "type": "Feature", "properties": { "ID": 0, "NAME": "Chingai", "X_Coord": 31.8071, "Y_Coord": -19.7144 }, "geometry": { "type": "Point", "coordinates": [ 31.807078196541852, -19.714425528823231 ] } },
{ "type": "Feature", "properties": { "ID": 0, "NAME": "Mutambwi", "X_Coord": 31.8499, "Y_Coord": -19.7255 }, "geometry": { "type": "Point", "coordinates": [ 31.849905622169697, -19.725485454208759 ] } },
{ "type": "Feature", "properties": { "ID": 0, "NAME": "Kurai", "X_Coord": 31.8298, "Y_Coord": -19.762 }, "geometry": { "type": "Point", "coordinates": [ 31.829798483917052, -19.762048594425043 ] } },
{ "type": "Feature", "properties": { "ID": 0, "NAME": "Mutombwa", "X_Coord": 31.8023, "Y_Coord": -19.8085 }, "geometry": { "type": "Point", "coordinates": [ 31.8022941361729, -19.808458808193421 ] } },
{ "type": "Feature", "properties": { "ID": 0, "NAME": "Ndisengei", "X_Coord": 31.7472, "Y_Coord": -19.8283 }, "geometry": { "type": "Point", "coordinates": [ 31.747230731341407, -19.828298414984765 ] } },
{ "type": "Feature", "properties": { "ID": 0, "NAME": "Muchekayaora", "X_Coord": 31.7285, "Y_Coord": -19.7736 }, "geometry": { "type": "Point", "coordinates": [ 31.728457218898239, -19.773637242056118 ] } },
{ "type": "Feature", "properties": { "ID": 0, "NAME": "Chivasa", "X_Coord": 31.6465, "Y_Coord": -19.7879 }, "geometry": { "type": "Point", "coordinates": [ 31.646512994961391, -19.787919933078616 ] } },
{ "type": "Feature", "properties": { "ID": 0, "NAME": "Chingombe", "X_Coord": 31.6532, "Y_Coord": -19.7421 }, "geometry": { "type": "Point", "coordinates": [ 31.653183420295505, -19.742065090789183 ] } },
{ "type": "Feature", "properties": { "ID": 0, "NAME": "Sengai", "X_Coord": 31.5683, "Y_Coord": -19.761 }, "geometry": { "type": "Point", "coordinates": [ 31.568295703910316, -19.760998018843146 ] } },
{ "type": "Feature", "properties": { "ID": 0, "NAME": "Zinhata", "X_Coord": 31.5885, "Y_Coord": -19.8217 }, "geometry": { "type": "Point", "coordinates": [ 31.588539995553663, -19.821749063729907 ] } },
{ "type": "Feature", "properties": { "ID": 0, "NAME": "Vhunjere", "X_Coord": 31.6493, "Y_Coord": -19.8351 }, "geometry": { "type": "Point", "coordinates": [ 31.649296287633639, -19.835150667526367 ] } },
{ "type": "Feature", "properties": { "ID": 0, "NAME": "Kubiku", "X_Coord": 31.8931, "Y_Coord": -19.7861 }, "geometry": { "type": "Point", "coordinates": [ 31.893127771011741, -19.78611554721671 ] } },
{ "type": "Feature", "properties": { "ID": 0, "NAME": "Chepiri", "X_Coord": 31.9355, "Y_Coord": -19.8046 }, "geometry": { "type": "Point", "coordinates": [ 31.935544364829106, -19.80464206623099 ] } },
{ "type": "Feature", "properties": { "ID": 0, "NAME": "Dewende", "X_Coord": 31.5123, "Y_Coord": -19.7911 }, "geometry": { "type": "Point", "coordinates": [ 31.512286504627514, -19.791055890246202 ] } },
{ "type": "Feature", "properties": { "ID": 0, "NAME": "Tirizi", "X_Coord": 31.4574, "Y_Coord": -19.7491 }, "geometry": { "type": "Point", "coordinates": [ 31.457381164821197, -19.74907094055667 ] } },
{ "type": "Feature", "properties": { "ID": 0, "NAME": "Mutambara", "X_Coord": 31.4225, "Y_Coord": -19.7365 }, "geometry": { "type": "Point", "coordinates": [ 31.422526141909024, -19.736502909980718 ] } },
{ "type": "Feature", "properties": { "ID": 0, "NAME": "Ranga", "X_Coord": 31.3841, "Y_Coord": -19.702 }, "geometry": { "type": "Point", "coordinates": [ 31.384095445111321, -19.701953324982043 ] } },
{ "type": "Feature", "properties": { "ID": 0, "NAME": "Munjanganja", "X_Coord": 31.3635, "Y_Coord": -19.7539 }, "geometry": { "type": "Point", "coordinates": [ 31.363462239906458, -19.753891090238195 ] } },
{ "type": "Feature", "properties": { "ID": 0, "NAME": "Shumba", "X_Coord": 31.4324, "Y_Coord": -19.8211 }, "geometry": { "type": "Point", "coordinates": [ 31.432388259432166, -19.821135006240191 ] } },
{ "type": "Feature", "properties": { "ID": 0, "NAME": "Majada", "X_Coord": 31.3982, "Y_Coord": -19.8427 }, "geometry": { "type": "Point", "coordinates": [ 31.398178564791841, -19.842699496826935 ] } },
{ "type": "Feature", "properties": { "ID": 0, "NAME": "Vumba", "X_Coord": 31.3646, "Y_Coord": -19.8853 }, "geometry": { "type": "Point", "coordinates": [ 31.364551649464516, -19.885300276170437 ] } },
{ "type": "Feature", "properties": { "ID": 0, "NAME": "Makweva", "X_Coord": 31.3242, "Y_Coord": -19.8619 }, "geometry": { "type": "Point", "coordinates": [ 31.324201607076205, -19.861850340151435 ] } },
{ "type": "Feature", "properties": { "ID": 0, "NAME": "Cheshumba", "X_Coord": 31.307, "Y_Coord": -19.7898 }, "geometry": { "type": "Point", "coordinates": [ 31.307046467998966, -19.789834069546259 ] } },
{ "type": "Feature", "properties": { "ID": 0, "NAME": "Chekure", "X_Coord": 31.3121, "Y_Coord": -19.8201 }, "geometry": { "type": "Point", "coordinates": [ 31.312128729179801, -19.820093163397928 ] } },
{ "type": "Feature", "properties": { "ID": 0, "NAME": "Cheninga", "X_Coord": 31.2837, "Y_Coord": -19.8878 }, "geometry": { "type": "Point", "coordinates": [ 31.283651093387583, -19.887760195411399 ] } },
{ "type": "Feature", "properties": { "ID": 0, "NAME": "Mupata", "X_Coord": 31.3241, "Y_Coord": -19.7267 }, "geometry": { "type": "Point", "coordinates": [ 31.324120157540285, -19.726687459275148 ] } },
{ "type": "Feature", "properties": { "ID": 0, "NAME": "Simbanegavi", "X_Coord": 31.2919, "Y_Coord": -19.7215 }, "geometry": { "type": "Point", "coordinates": [ 31.291900667335643, -19.721502966483484 ] } },
{ "type": "Feature", "properties": { "ID": 0, "NAME": "Shenjere", "X_Coord": 31.3448, "Y_Coord": -19.9199 }, "geometry": { "type": "Point", "coordinates": [ 31.344804076542946, -19.919928810332753 ] } },
{ "type": "Feature", "properties": { "ID": 0, "NAME": "Chihambakwe", "X_Coord": 31.2759, "Y_Coord": -19.9329 }, "geometry": { "type": "Point", "coordinates": [ 31.275893849322905, -19.932870912388179 ] } },
{ "type": "Feature", "properties": { "ID": 0, "NAME": "St Martin's", "X_Coord": 31.2026, "Y_Coord": -19.9559 }, "geometry": { "type": "Point", "coordinates": [ 31.20256510955501, -19.955893255870365 ] } },
{ "type": "Feature", "properties": { "ID": 0, "NAME": "Kufenya", "X_Coord": 31.2347, "Y_Coord": -19.9228 }, "geometry": { "type": "Point", "coordinates": [ 31.23469039212679, -19.922774536120937 ] } },
{ "type": "Feature", "properties": { "ID": 0, "NAME": "Hunduza", "X_Coord": 31.1556, "Y_Coord": -19.8957 }, "geometry": { "type": "Point", "coordinates": [ 31.15556113940201, -19.895733498949454 ] } },
{ "type": "Feature", "properties": { "ID": 0, "NAME": "Mawere", "X_Coord": 31.2216, "Y_Coord": -19.8642 }, "geometry": { "type": "Point", "coordinates": [ 31.221586261025042, -19.86420569154566 ] } },
{ "type": "Feature", "properties": { "ID": 0, "NAME": "Chitando", "X_Coord": 31.2622, "Y_Coord": -19.8575 }, "geometry": { "type": "Point", "coordinates": [ 31.262213279057463, -19.85748297577258 ] } },
{ "type": "Feature", "properties": { "ID": 0, "NAME": "Manjokonjo", "X_Coord": 31.2744, "Y_Coord": -19.8123 }, "geometry": { "type": "Point", "coordinates": [ 31.27442893466938, -19.812249672406693 ] } },
{ "type": "Feature", "properties": { "ID": 0, "NAME": "Bako", "X_Coord": 31.2347, "Y_Coord": -19.7932 }, "geometry": { "type": "Point", "coordinates": [ 31.234709741875474, -19.793229678060854 ] } },
{ "type": "Feature", "properties": { "ID": 0, "NAME": "Mukaro Council", "X_Coord": 31.1826, "Y_Coord": -19.8037 }, "geometry": { "type": "Point", "coordinates": [ 31.182566353475739, -19.803702470355045 ] } },
{ "type": "Feature", "properties": { "ID": 0, "NAME": "Gono", "X_Coord": 31.1338, "Y_Coord": -19.9355 }, "geometry": { "type": "Point", "coordinates": [ 31.133798291892351, -19.935514789191544 ] } },
{ "type": "Feature", "properties": { "ID": 0, "NAME": "Guni", "X_Coord": 31.122, "Y_Coord": -19.9752 }, "geometry": { "type": "Point", "coordinates": [ 31.121967475901265, -19.975213919074886 ] } },
{ "type": "Feature", "properties": { "ID": 0, "NAME": "Mutendeure", "X_Coord": 31.086, "Y_Coord": -19.9417 }, "geometry": { "type": "Point", "coordinates": [ 31.086014380986907, -19.941747978167658 ] } },
{ "type": "Feature", "properties": { "ID": 0, "NAME": "Garandando", "X_Coord": 31.0621, "Y_Coord": -19.9798 }, "geometry": { "type": "Point", "coordinates": [ 31.062084022140031, -19.979811667998131 ] } },
{ "type": "Feature", "properties": { "ID": 0, "NAME": "Masvingise", "X_Coord": 31.0306, "Y_Coord": -19.9474 }, "geometry": { "type": "Point", "coordinates": [ 31.030634501427098, -19.947358952323533 ] } },
{ "type": "Feature", "properties": { "ID": 0, "NAME": "Gorondondo", "X_Coord": 31.0226, "Y_Coord": -19.9325 }, "geometry": { "type": "Point", "coordinates": [ 31.022647654155509, -19.932461263923589 ] } },
{ "type": "Feature", "properties": { "ID": 0, "NAME": "Rupiri", "X_Coord": 31.0346, "Y_Coord": -19.9121 }, "geometry": { "type": "Point", "coordinates": [ 31.034614239521531, -19.912053448792481 ] } },
{ "type": "Feature", "properties": { "ID": 0, "NAME": "Sharaude", "X_Coord": 31.0441, "Y_Coord": -19.8928 }, "geometry": { "type": "Point", "coordinates": [ 31.044065862460386, -19.892815195045458 ] } },
{ "type": "Feature", "properties": { "ID": 0, "NAME": "Chimedza", "X_Coord": 31.0928, "Y_Coord": -19.8696 }, "geometry": { "type": "Point", "coordinates": [ 31.092765337897632, -19.869610773612195 ] } },
{ "type": "Feature", "properties": { "ID": 0, "NAME": "Nerupiri", "X_Coord": 31.0285, "Y_Coord": -19.8472 }, "geometry": { "type": "Point", "coordinates": [ 31.028509754123153, -19.847213320121167 ] } },
{ "type": "Feature", "properties": { "ID": 0, "NAME": "Mukoko", "X_Coord": 31.0557, "Y_Coord": -19.7981 }, "geometry": { "type": "Point", "coordinates": [ 31.055727038909673, -19.798089785700359 ] } },
{ "type": "Feature", "properties": { "ID": 0, "NAME": "Makonde", "X_Coord": 31.1155, "Y_Coord": -19.8186 }, "geometry": { "type": "Point", "coordinates": [ 31.115484492926605, -19.818576766377284 ] } },
{ "type": "Feature", "properties": { "ID": 0, "NAME": "Mutema", "X_Coord": 30.9917, "Y_Coord": -19.8853 }, "geometry": { "type": "Point", "coordinates": [ 30.991712826386465, -19.885303763300335 ] } },
{ "type": "Feature", "properties": { "ID": 0, "NAME": "Mukundi", "X_Coord": 30.9911, "Y_Coord": -19.8296 }, "geometry": { "type": "Point", "coordinates": [ 30.991149255018328, -19.829641923516228 ] } },
{ "type": "Feature", "properties": { "ID": 0, "NAME": "Chagwiza", "X_Coord": 31.0064, "Y_Coord": -19.7809 }, "geometry": { "type": "Point", "coordinates": [ 31.006439226303829, -19.780927552584096 ] } },
{ "type": "Feature", "properties": { "ID": 0, "NAME": "Ndawi", "X_Coord": 31.0322, "Y_Coord": -19.7468 }, "geometry": { "type": "Point", "coordinates": [ 31.032201787211577, -19.746814783592772 ] } },
{ "type": "Feature", "properties": { "ID": 0, "NAME": "St Mary's Eben", "X_Coord": 31.1307, "Y_Coord": -19.7675 }, "geometry": { "type": "Point", "coordinates": [ 31.130728004880321, -19.767502032085893 ] } },
{ "type": "Feature", "properties": { "ID": 0, "NAME": "Mukaro Mission", "X_Coord": 31.155, "Y_Coord": -19.7365 }, "geometry": { "type": "Point", "coordinates": [ 31.154969893911993, -19.736534291344146 ] } },
{ "type": "Feature", "properties": { "ID": 0, "NAME": "Gondwi", "X_Coord": 31.0235, "Y_Coord": -19.6646 }, "geometry": { "type": "Point", "coordinates": [ 31.023513136574643, -19.664648708331782 ] } },
{ "type": "Feature", "properties": { "ID": 0, "NAME": "Mushaviri", "X_Coord": 31.0823, "Y_Coord": -19.7133 }, "geometry": { "type": "Point", "coordinates": [ 31.082314449960432, -19.713293387964423 ] } },
{ "type": "Feature", "properties": { "ID": 0, "NAME": "Wabvaruwa", "X_Coord": 31.2146, "Y_Coord": -19.7271 }, "geometry": { "type": "Point", "coordinates": [ 31.214564517650643, -19.727122917143653 ] } },
{ "type": "Feature", "properties": { "ID": 0, "NAME": "Magadzire", "X_Coord": 31.2581, "Y_Coord": -19.6967 }, "geometry": { "type": "Point", "coordinates": [ 31.258121330775584, -19.6967130759509 ] } },
{ "type": "Feature", "properties": { "ID": 0, "NAME": "Chidembo", "X_Coord": 31.2362, "Y_Coord": -19.6783 }, "geometry": { "type": "Point", "coordinates": [ 31.23621883931725, -19.678257046475846 ] } },
{ "type": "Feature", "properties": { "ID": 0, "NAME": "Chipangane", "X_Coord": 31.19, "Y_Coord": -19.6778 }, "geometry": { "type": "Point", "coordinates": [ 31.190016934773141, -19.67780858433532 ] } },
{ "type": "Feature", "properties": { "ID": 0, "NAME": "Mabhugu", "X_Coord": 31.3338, "Y_Coord": -19.6722 }, "geometry": { "type": "Point", "coordinates": [ 31.333788849691508, -19.67216348695943 ] } },
{ "type": "Feature", "properties": { "ID": 0, "NAME": "Mushayavanhu", "X_Coord": 31.2901, "Y_Coord": -19.6514 }, "geometry": { "type": "Point", "coordinates": [ 31.290126500144744, -19.65139777823272 ] } },
{ "type": "Feature", "properties": { "ID": 0, "NAME": "Hwiru", "X_Coord": 31.1481, "Y_Coord": -19.6313 }, "geometry": { "type": "Point", "coordinates": [ 31.148112800331369, -19.631313263695649 ] } },
{ "type": "Feature", "properties": { "ID": 0, "NAME": "Gutu United", "X_Coord": 31.164, "Y_Coord": -19.6327 }, "geometry": { "type": "Point", "coordinates": [ 31.164009995443809, -19.632719856134756 ] } },
{ "type": "Feature", "properties": { "ID": 0, "NAME": "Maregedze", "X_Coord": 31.1843, "Y_Coord": -19.6041 }, "geometry": { "type": "Point", "coordinates": [ 31.184256125869226, -19.604059642186357 ] } },
{ "type": "Feature", "properties": { "ID": 0, "NAME": "Gona", "X_Coord": 31.1644, "Y_Coord": -19.613 }, "geometry": { "type": "Point", "coordinates": [ 31.164429580870735, -19.612990420484056 ] } },
{ "type": "Feature", "properties": { "ID": 0, "NAME": "Hamandishe", "X_Coord": 31.2214, "Y_Coord": -19.5782 }, "geometry": { "type": "Point", "coordinates": [ 31.221386464851651, -19.578206446380509 ] } },
{ "type": "Feature", "properties": { "ID": 0, "NAME": "Makumbe 2", "X_Coord": 31.187, "Y_Coord": -19.5519 }, "geometry": { "type": "Point", "coordinates": [ 31.187023221526243, -19.551916005871313 ] } },
{ "type": "Feature", "properties": { "ID": 0, "NAME": "Mukoroverwa", "X_Coord": 31.1444, "Y_Coord": -19.566 }, "geometry": { "type": "Point", "coordinates": [ 31.144388770946417, -19.566019425445564 ] } },
{ "type": "Feature", "properties": { "ID": 0, "NAME": "Chavarore", "X_Coord": 30.9345, "Y_Coord": -19.6444 }, "geometry": { "type": "Point", "coordinates": [ 30.93451010429385, -19.644434417125979 ] } },
{ "type": "Feature", "properties": { "ID": 0, "NAME": "Makaure", "X_Coord": 30.8441, "Y_Coord": -19.6434 }, "geometry": { "type": "Point", "coordinates": [ 30.844077796548724, -19.643406233467264 ] } },
{ "type": "Feature", "properties": { "ID": 0, "NAME": "Gertnel", "X_Coord": 30.8366, "Y_Coord": -19.6241 }, "geometry": { "type": "Point", "coordinates": [ 30.836591194815391, -19.624120449111757 ] } },
{ "type": "Feature", "properties": { "ID": 0, "NAME": "Chiriga", "X_Coord": 30.8832, "Y_Coord": -19.5873 }, "geometry": { "type": "Point", "coordinates": [ 30.88321462462245, -19.587347395622825 ] } },
{ "type": "Feature", "properties": { "ID": 0, "NAME": "Chikosha", "X_Coord": 30.8658, "Y_Coord": -19.553 }, "geometry": { "type": "Point", "coordinates": [ 30.865762613836782, -19.552985771396465 ] } },
{ "type": "Feature", "properties": { "ID": 0, "NAME": "Mukwasi", "X_Coord": 30.8478, "Y_Coord": -19.52 }, "geometry": { "type": "Point", "coordinates": [ 30.847823603890209, -19.52002754498136 ] } },
{ "type": "Feature", "properties": { "ID": 0, "NAME": "Zengeya", "X_Coord": 30.9129, "Y_Coord": -19.5472 }, "geometry": { "type": "Point", "coordinates": [ 30.912925416355336, -19.547174990608195 ] } },
{ "type": "Feature", "properties": { "ID": 0, "NAME": "Kanongovere", "X_Coord": 30.9024, "Y_Coord": -19.5232 }, "geometry": { "type": "Point", "coordinates": [ 30.90244397219335, -19.523181188430808 ] } },
{ "type": "Feature", "properties": { "ID": 0, "NAME": "Rupati", "X_Coord": 30.9466, "Y_Coord": -19.5173 }, "geometry": { "type": "Point", "coordinates": [ 30.946618642518821, -19.517342643000617 ] } },
{ "type": "Feature", "properties": { "ID": 0, "NAME": "Mushipe", "X_Coord": 30.9043, "Y_Coord": -19.4847 }, "geometry": { "type": "Point", "coordinates": [ 30.904343306095182, -19.484715800867619 ] } },
{ "type": "Feature", "properties": { "ID": 0, "NAME": "Matizha", "X_Coord": 30.9703, "Y_Coord": -19.4729 }, "geometry": { "type": "Point", "coordinates": [ 30.970332249377812, -19.472900095105199 ] } },
{ "type": "Feature", "properties": { "ID": 0, "NAME": "St Faith", "X_Coord": 30.8934, "Y_Coord": -19.4739 }, "geometry": { "type": "Point", "coordinates": [ 30.893398956383184, -19.473857414617626 ] } },
{ "type": "Feature", "properties": { "ID": 0, "NAME": "Mushaike", "X_Coord": 30.9286, "Y_Coord": -19.4511 }, "geometry": { "type": "Point", "coordinates": [ 30.92858480607681, -19.451074814568766 ] } },
{ "type": "Feature", "properties": { "ID": 0, "NAME": "Musara", "X_Coord": 31.5995, "Y_Coord": -19.4569 }, "geometry": { "type": "Point", "coordinates": [ 31.599505936251806, -19.456930082659301 ] } },
{ "type": "Feature", "properties": { "ID": 0, "NAME": "Machawira", "X_Coord": 31.6642, "Y_Coord": -19.4692 }, "geometry": { "type": "Point", "coordinates": [ 31.664181796628164, -19.469215371636604 ] } },
{ "type": "Feature", "properties": { "ID": 0, "NAME": "Magombedze", "X_Coord": 31.6255, "Y_Coord": -19.4998 }, "geometry": { "type": "Point", "coordinates": [ 31.625457040591428, -19.499774229411745 ] } },
{ "type": "Feature", "properties": { "ID": 0, "NAME": "Chitsa", "X_Coord": 31.5383, "Y_Coord": -19.5132 }, "geometry": { "type": "Point", "coordinates": [ 31.538347330683958, -19.513204046942597 ] } },
{ "type": "Feature", "properties": { "ID": 0, "NAME": "Gudo", "X_Coord": 31.8148, "Y_Coord": -19.622 }, "geometry": { "type": "Point", "coordinates": [ 31.814757925414369, -19.622026765177282 ] } },
{ "type": "Feature", "properties": { "ID": 0, "NAME": "Mataruse", "X_Coord": 31.7675, "Y_Coord": -19.6064 }, "geometry": { "type": "Point", "coordinates": [ 31.767511479395178, -19.606428418891507 ] } },
{ "type": "Feature", "properties": { "ID": 0, "NAME": "Marinda", "X_Coord": 31.4247, "Y_Coord": -19.9077 }, "geometry": { "type": "Point", "coordinates": [ 31.424687106668447, -19.907706155942307 ] } },
{ "type": "Feature", "properties": { "ID": 0, "NAME": "Makore", "X_Coord": 31.1968, "Y_Coord": -20.0034 }, "geometry": { "type": "Point", "coordinates": [ 31.19682722972383, -20.003371885447745 ] } },
{ "type": "Feature", "properties": { "ID": 0, "NAME": "Munyaradzi", "X_Coord": 31.3723, "Y_Coord": -19.6301 }, "geometry": { "type": "Point", "coordinates": [ 31.372300423840091, -19.630146609441713 ] } },
{ "type": "Feature", "properties": { "ID": 0, "NAME": "Chatikobo", "X_Coord": 31.3851, "Y_Coord": -19.5406 }, "geometry": { "type": "Point", "coordinates": [ 31.385118640878542, -19.540638414910713 ] } },
{ "type": "Feature", "properties": { "ID": 0, "NAME": "Ebenhaezei", "X_Coord": 31.5395, "Y_Coord": -19.685 }, "geometry": { "type": "Point", "coordinates": [ 31.539491342460984, -19.684956674805832 ] } },
{ "type": "Feature", "properties": { "ID": 0, "NAME": "Domborenikiti", "X_Coord": 31.3876, "Y_Coord": -19.3908 }, "geometry": { "type": "Point", "coordinates": [ 31.387607423682113, -19.390781320160968 ] } },
{ "type": "Feature", "properties": { "ID": 0, "NAME": "Old Gara", "X_Coord": 30.256, "Y_Coord": -20.016 }, "geometry": { "type": "Point", "coordinates": [ 30.255958550866854, -20.015986225890707 ] } },
{ "type": "Feature", "properties": { "ID": 0, "NAME": "Shumba", "X_Coord": 30.2204, "Y_Coord": -20.0306 }, "geometry": { "type": "Point", "coordinates": [ 30.220430016339677, -20.030629672858058 ] } },
{ "type": "Feature", "properties": { "ID": 0, "NAME": "Badza", "X_Coord": 30.2079, "Y_Coord": -20.0634 }, "geometry": { "type": "Point", "coordinates": [ 30.20793211369849, -20.063360670832839 ] } },
{ "type": "Feature", "properties": { "ID": 0, "NAME": "Bvute", "X_Coord": 30.2657, "Y_Coord": -20.0718 }, "geometry": { "type": "Point", "coordinates": [ 30.265733122903171, -20.071768476367744 ] } },
{ "type": "Feature", "properties": { "ID": 0, "NAME": "Mukotosi", "X_Coord": 30.2988, "Y_Coord": -20.026 }, "geometry": { "type": "Point", "coordinates": [ 30.298799059219363, -20.026027453996843 ] } },
{ "type": "Feature", "properties": { "ID": 0, "NAME": "Befura", "X_Coord": 30.3431, "Y_Coord": -20.0286 }, "geometry": { "type": "Point", "coordinates": [ 30.343081632976478, -20.028584237924267 ] } },
{ "type": "Feature", "properties": { "ID": 0, "NAME": "Bwanya", "X_Coord": 30.3995, "Y_Coord": -20.0429 }, "geometry": { "type": "Point", "coordinates": [ 30.399489683750836, -20.042930982708821 ] } },
{ "type": "Feature", "properties": { "ID": 0, "NAME": "Masunda North", "X_Coord": 30.395, "Y_Coord": -20.0884 }, "geometry": { "type": "Point", "coordinates": [ 30.394951661830746, -20.088424603661533 ] } },
{ "type": "Feature", "properties": { "ID": 0, "NAME": "Madangombe", "X_Coord": 30.3182, "Y_Coord": -20.077 }, "geometry": { "type": "Point", "coordinates": [ 30.31824159018807, -20.077010679477741 ] } },
{ "type": "Feature", "properties": { "ID": 0, "NAME": "Chigwikwi", "X_Coord": 30.1934, "Y_Coord": -20.1336 }, "geometry": { "type": "Point", "coordinates": [ 30.193370152299376, -20.133555840352436 ] } },
{ "type": "Feature", "properties": { "ID": 0, "NAME": "Mudadisi", "X_Coord": 30.2647, "Y_Coord": -20.1587 }, "geometry": { "type": "Point", "coordinates": [ 30.264733154205626, -20.158697698241639 ] } },
{ "type": "Feature", "properties": { "ID": 0, "NAME": "Sukwe", "X_Coord": 30.2985, "Y_Coord": -20.1198 }, "geometry": { "type": "Point", "coordinates": [ 30.298521923378793, -20.119833428519343 ] } },
{ "type": "Feature", "properties": { "ID": 0, "NAME": "Denga", "X_Coord": 30.413, "Y_Coord": -20.1549 }, "geometry": { "type": "Point", "coordinates": [ 30.413046051958247, -20.154904330266959 ] } },
{ "type": "Feature", "properties": { "ID": 0, "NAME": "Maramba", "X_Coord": 30.3448, "Y_Coord": -20.1698 }, "geometry": { "type": "Point", "coordinates": [ 30.344820025254865, -20.169770168638976 ] } },
{ "type": "Feature", "properties": { "ID": 0, "NAME": "Jenya", "X_Coord": 30.3868, "Y_Coord": -20.1729 }, "geometry": { "type": "Point", "coordinates": [ 30.386756831990418, -20.172890223933898 ] } },
{ "type": "Feature", "properties": { "ID": 0, "NAME": "Rutedze", "X_Coord": 30.2637, "Y_Coord": -20.1753 }, "geometry": { "type": "Point", "coordinates": [ 30.263731047402899, -20.175298676495018 ] } },
{ "type": "Feature", "properties": { "ID": 0, "NAME": "St Joseph", "X_Coord": 30.3252, "Y_Coord": -20.2544 }, "geometry": { "type": "Point", "coordinates": [ 30.325227026490673, -20.254441373925417 ] } },
{ "type": "Feature", "properties": { "ID": 0, "NAME": "Cheteni", "X_Coord": 30.2809, "Y_Coord": -20.282 }, "geometry": { "type": "Point", "coordinates": [ 30.280945906215681, -20.281972329559679 ] } },
{ "type": "Feature", "properties": { "ID": 0, "NAME": "Mabika", "X_Coord": 30.2863, "Y_Coord": -20.3012 }, "geometry": { "type": "Point", "coordinates": [ 30.286301976385573, -20.301172322227345 ] } },
{ "type": "Feature", "properties": { "ID": 0, "NAME": "Bella", "X_Coord": 30.3723, "Y_Coord": -20.262 }, "geometry": { "type": "Point", "coordinates": [ 30.372300970489519, -20.262029722440762 ] } },
{ "type": "Feature", "properties": { "ID": 0, "NAME": "Chigapa", "X_Coord": 30.411, "Y_Coord": -20.25 }, "geometry": { "type": "Point", "coordinates": [ 30.410996053788292, -20.24999063025647 ] } },
{ "type": "Feature", "properties": { "ID": 0, "NAME": "Vuravhi", "X_Coord": 30.4691, "Y_Coord": -20.2284 }, "geometry": { "type": "Point", "coordinates": [ 30.469106378159431, -20.228405125218767 ] } },
{ "type": "Feature", "properties": { "ID": 0, "NAME": "Makovere North", "X_Coord": 30.4278, "Y_Coord": -20.1919 }, "geometry": { "type": "Point", "coordinates": [ 30.427820098437341, -20.191884297134632 ] } },
{ "type": "Feature", "properties": { "ID": 0, "NAME": "Gondo", "X_Coord": 30.4598, "Y_Coord": -20.1783 }, "geometry": { "type": "Point", "coordinates": [ 30.459810370914628, -20.178325139299378 ] } },
{ "type": "Feature", "properties": { "ID": 0, "NAME": "Nyevedzanai", "X_Coord": 30.518, "Y_Coord": -20.2423 }, "geometry": { "type": "Point", "coordinates": [ 30.51795726907843, -20.242309700425331 ] } },
{ "type": "Feature", "properties": { "ID": 0, "NAME": "Mazorodze", "X_Coord": 30.5446, "Y_Coord": -20.3147 }, "geometry": { "type": "Point", "coordinates": [ 30.544636639241983, -20.314712691478118 ] } },
{ "type": "Feature", "properties": { "ID": 0, "NAME": "Madhlangove", "X_Coord": 30.492, "Y_Coord": -20.3127 }, "geometry": { "type": "Point", "coordinates": [ 30.491985946330384, -20.312744691944918 ] } },
{ "type": "Feature", "properties": { "ID": 0, "NAME": "Taru", "X_Coord": 30.4465, "Y_Coord": -20.3129 }, "geometry": { "type": "Point", "coordinates": [ 30.446454576954874, -20.312859767345689 ] } },
{ "type": "Feature", "properties": { "ID": 0, "NAME": "Mangwana", "X_Coord": 30.468, "Y_Coord": -20.2765 }, "geometry": { "type": "Point", "coordinates": [ 30.468005541503057, -20.276471910650944 ] } },
{ "type": "Feature", "properties": { "ID": 0, "NAME": "Mapuvire", "X_Coord": 30.461, "Y_Coord": -20.3371 }, "geometry": { "type": "Point", "coordinates": [ 30.460951646419382, -20.337089335791319 ] } },
{ "type": "Feature", "properties": { "ID": 0, "NAME": "Mapaike", "X_Coord": 30.4943, "Y_Coord": -20.3588 }, "geometry": { "type": "Point", "coordinates": [ 30.494341834308493, -20.358766203350445 ] } },
{ "type": "Feature", "properties": { "ID": 0, "NAME": "Chisenga", "X_Coord": 30.3971, "Y_Coord": -20.3297 }, "geometry": { "type": "Point", "coordinates": [ 30.397096805706848, -20.329664450404731 ] } },
{ "type": "Feature", "properties": { "ID": 0, "NAME": "Takavarasha", "X_Coord": 30.2907, "Y_Coord": -20.3403 }, "geometry": { "type": "Point", "coordinates": [ 30.290684320827175, -20.340249881823919 ] } },
{ "type": "Feature", "properties": { "ID": 0, "NAME": "Chiware", "X_Coord": 30.3594, "Y_Coord": -20.3819 }, "geometry": { "type": "Point", "coordinates": [ 30.359389321621659, -20.3819431161557 ] } },
{ "type": "Feature", "properties": { "ID": 0, "NAME": "Bare", "X_Coord": 30.4176, "Y_Coord": -20.4389 }, "geometry": { "type": "Point", "coordinates": [ 30.417604483065244, -20.438860415187534 ] } },
{ "type": "Feature", "properties": { "ID": 0, "NAME": "Madya", "X_Coord": 30.4531, "Y_Coord": -20.389 }, "geometry": { "type": "Point", "coordinates": [ 30.453077747281501, -20.388999965904329 ] } },
{ "type": "Feature", "properties": { "ID": 0, "NAME": "Dewe", "X_Coord": 30.5366, "Y_Coord": -20.3998 }, "geometry": { "type": "Point", "coordinates": [ 30.536636197378357, -20.3997845514285 ] } },
{ "type": "Feature", "properties": { "ID": 0, "NAME": "Dombo", "X_Coord": 30.5743, "Y_Coord": -20.3445 }, "geometry": { "type": "Point", "coordinates": [ 30.57428575664677, -20.344530245542717 ] } },
{ "type": "Feature", "properties": { "ID": 0, "NAME": "Matihwa", "X_Coord": 30.5999, "Y_Coord": -20.3663 }, "geometry": { "type": "Point", "coordinates": [ 30.599858505906649, -20.366255286312043 ] } },
{ "type": "Feature", "properties": { "ID": 0, "NAME": "Mhosva", "X_Coord": 30.5586, "Y_Coord": -20.4269 }, "geometry": { "type": "Point", "coordinates": [ 30.558563819835562, -20.426855761024676 ] } },
{ "type": "Feature", "properties": { "ID": 0, "NAME": "Dzimati", "X_Coord": 30.5241, "Y_Coord": -20.4684 }, "geometry": { "type": "Point", "coordinates": [ 30.524125476522734, -20.468355839100607 ] } },
{ "type": "Feature", "properties": { "ID": 0, "NAME": "Muzogwi", "X_Coord": 30.5877, "Y_Coord": -20.4698 }, "geometry": { "type": "Point", "coordinates": [ 30.587703372115975, -20.469825973600166 ] } },
{ "type": "Feature", "properties": { "ID": 0, "NAME": "Davira", "X_Coord": 30.4693, "Y_Coord": -20.4988 }, "geometry": { "type": "Point", "coordinates": [ 30.469329764822479, -20.498815461461938 ] } },
{ "type": "Feature", "properties": { "ID": 0, "NAME": "Zihwa", "X_Coord": 30.5044, "Y_Coord": -20.52 }, "geometry": { "type": "Point", "coordinates": [ 30.504429542447721, -20.520023764760602 ] } },
{ "type": "Feature", "properties": { "ID": 0, "NAME": "Mushai", "X_Coord": 30.4681, "Y_Coord": -20.5984 }, "geometry": { "type": "Point", "coordinates": [ 30.468134440204697, -20.598439759685341 ] } },
{ "type": "Feature", "properties": { "ID": 0, "NAME": "Chirogwe", "X_Coord": 30.5702, "Y_Coord": -20.5363 }, "geometry": { "type": "Point", "coordinates": [ 30.570153668553392, -20.536279067871487 ] } },
{ "type": "Feature", "properties": { "ID": 0, "NAME": "Makamure", "X_Coord": 30.604, "Y_Coord": -20.557 }, "geometry": { "type": "Point", "coordinates": [ 30.604032468272514, -20.556979198888175 ] } },
{ "type": "Feature", "properties": { "ID": 0, "NAME": "Chikore", "X_Coord": 30.6461, "Y_Coord": -20.5303 }, "geometry": { "type": "Point", "coordinates": [ 30.646071537541765, -20.530290914123437 ] } },
{ "type": "Feature", "properties": { "ID": 0, "NAME": "Jaka", "X_Coord": 30.6726, "Y_Coord": -20.4831 }, "geometry": { "type": "Point", "coordinates": [ 30.67259825239087, -20.483133715154313 ] } },
{ "type": "Feature", "properties": { "ID": 0, "NAME": "Gwitima", "X_Coord": 30.641, "Y_Coord": -20.4527 }, "geometry": { "type": "Point", "coordinates": [ 30.641044550874586, -20.452716555129154 ] } },
{ "type": "Feature", "properties": { "ID": 0, "NAME": "St Simon Zhara", "X_Coord": 30.6953, "Y_Coord": -20.5072 }, "geometry": { "type": "Point", "coordinates": [ 30.695330986525221, -20.507231544430169 ] } },
{ "type": "Feature", "properties": { "ID": 0, "NAME": "Mandiva", "X_Coord": 30.6901, "Y_Coord": -20.5807 }, "geometry": { "type": "Point", "coordinates": [ 30.690054900033683, -20.580740744062727 ] } },
{ "type": "Feature", "properties": { "ID": 0, "NAME": "Rungai", "X_Coord": 30.6427, "Y_Coord": -20.5842 }, "geometry": { "type": "Point", "coordinates": [ 30.642689295802072, -20.584176863804263 ] } },
{ "type": "Feature", "properties": { "ID": 0, "NAME": "Chikofa", "X_Coord": 30.5616, "Y_Coord": -20.5958 }, "geometry": { "type": "Point", "coordinates": [ 30.56156237567253, -20.595783637007333 ] } },
{ "type": "Feature", "properties": { "ID": 0, "NAME": "Maringire", "X_Coord": 30.722, "Y_Coord": -20.6289 }, "geometry": { "type": "Point", "coordinates": [ 30.722012632211428, -20.628878359460444 ] } },
{ "type": "Feature", "properties": { "ID": 0, "NAME": "Mupagamuri", "X_Coord": 30.5182, "Y_Coord": -20.6358 }, "geometry": { "type": "Point", "coordinates": [ 30.518195100100733, -20.635793837948377 ] } },
{ "type": "Feature", "properties": { "ID": 0, "NAME": "Berejena", "X_Coord": 30.5637, "Y_Coord": -20.6454 }, "geometry": { "type": "Point", "coordinates": [ 30.563687832670517, -20.645369426322258 ] } },
{ "type": "Feature", "properties": { "ID": 0, "NAME": "Nemauzhe", "X_Coord": 30.6393, "Y_Coord": -20.636 }, "geometry": { "type": "Point", "coordinates": [ 30.639297884295914, -20.635967841590006 ] } },
{ "type": "Feature", "properties": { "ID": 0, "NAME": "Mawadze", "X_Coord": 30.5459, "Y_Coord": -20.663 }, "geometry": { "type": "Point", "coordinates": [ 30.545881586095682, -20.662956842287183 ] } },
{ "type": "Feature", "properties": { "ID": 0, "NAME": "St Martin", "X_Coord": 30.6324, "Y_Coord": -20.6776 }, "geometry": { "type": "Point", "coordinates": [ 30.632368503706047, -20.677555668314277 ] } },
{ "type": "Feature", "properties": { "ID": 0, "NAME": "Magwari", "X_Coord": 30.7175, "Y_Coord": -20.6833 }, "geometry": { "type": "Point", "coordinates": [ 30.717535430694522, -20.683260405872765 ] } },
{ "type": "Feature", "properties": { "ID": 0, "NAME": "Makovere South", "X_Coord": 30.666, "Y_Coord": -20.7275 }, "geometry": { "type": "Point", "coordinates": [ 30.66603173942589, -20.727525106021776 ] } },
{ "type": "Feature", "properties": { "ID": 0, "NAME": "Musvovi", "X_Coord": 30.5846, "Y_Coord": -20.7145 }, "geometry": { "type": "Point", "coordinates": [ 30.584596262250038, -20.714462455312361 ] } },
{ "type": "Feature", "properties": { "ID": 0, "NAME": "Chomuruvati", "X_Coord": 30.5363, "Y_Coord": -20.7409 }, "geometry": { "type": "Point", "coordinates": [ 30.536346485244607, -20.740863540310087 ] } },
{ "type": "Feature", "properties": { "ID": 0, "NAME": "Zifunzi", "X_Coord": 30.7811, "Y_Coord": -20.6919 }, "geometry": { "type": "Point", "coordinates": [ 30.781088103115941, -20.691917889896121 ] } },
{ "type": "Feature", "properties": { "ID": 0, "NAME": "Mavende", "X_Coord": 30.7893, "Y_Coord": -20.7449 }, "geometry": { "type": "Point", "coordinates": [ 30.789282708597067, -20.744908500485227 ] } },
{ "type": "Feature", "properties": { "ID": 0, "NAME": "Chasiyatende", "X_Coord": 30.7024, "Y_Coord": -20.7651 }, "geometry": { "type": "Point", "coordinates": [ 30.702385712893435, -20.76513242454288 ] } },
{ "type": "Feature", "properties": { "ID": 0, "NAME": "Zunga", "X_Coord": 30.8397, "Y_Coord": -20.7413 }, "geometry": { "type": "Point", "coordinates": [ 30.839672642396255, -20.741296163619921 ] } },
{ "type": "Feature", "properties": { "ID": 0, "NAME": "Dare", "X_Coord": 30.8668, "Y_Coord": -20.8114 }, "geometry": { "type": "Point", "coordinates": [ 30.866817857755397, -20.811375647498615 ] } },
{ "type": "Feature", "properties": { "ID": 0, "NAME": "Gororo", "X_Coord": 30.8887, "Y_Coord": -20.7938 }, "geometry": { "type": "Point", "coordinates": [ 30.888719784588179, -20.793849283926882 ] } },
{ "type": "Feature", "properties": { "ID": 0, "NAME": "Sadzangwena", "X_Coord": 30.8916, "Y_Coord": -20.8581 }, "geometry": { "type": "Point", "coordinates": [ 30.891598993618864, -20.8580534259474 ] } },
{ "type": "Feature", "properties": { "ID": 0, "NAME": "Mutote", "X_Coord": 30.7417, "Y_Coord": -20.833 }, "geometry": { "type": "Point", "coordinates": [ 30.741664692615345, -20.832964920048376 ] } },
{ "type": "Feature", "properties": { "ID": 0, "NAME": "Madzivire", "X_Coord": 30.8127, "Y_Coord": -20.8289 }, "geometry": { "type": "Point", "coordinates": [ 30.812656184233479, -20.828882317249157 ] } },
{ "type": "Feature", "properties": { "ID": 0, "NAME": "Ngundu Halt Gvt", "X_Coord": 30.8022, "Y_Coord": -20.8146 }, "geometry": { "type": "Point", "coordinates": [ 30.802242998040338, -20.81455939143822 ] } },
{ "type": "Feature", "properties": { "ID": 0, "NAME": "Chehaya", "X_Coord": 30.7862, "Y_Coord": -20.8759 }, "geometry": { "type": "Point", "coordinates": [ 30.786175839725331, -20.875877927441199 ] } },
{ "type": "Feature", "properties": { "ID": 0, "NAME": "Runesu", "X_Coord": 30.7322, "Y_Coord": -20.8891 }, "geometry": { "type": "Point", "coordinates": [ 30.732150395428313, -20.889107680797604 ] } },
{ "type": "Feature", "properties": { "ID": 0, "NAME": "Shindi", "X_Coord": 30.8332, "Y_Coord": -20.882 }, "geometry": { "type": "Point", "coordinates": [ 30.833208467263344, -20.881996137064856 ] } },
{ "type": "Feature", "properties": { "ID": 0, "NAME": "Dimbiti", "X_Coord": 30.8469, "Y_Coord": -20.8989 }, "geometry": { "type": "Point", "coordinates": [ 30.846911603273067, -20.898930134127312 ] } },
{ "type": "Feature", "properties": { "ID": 0, "NAME": "Tokwe", "X_Coord": 31.0027, "Y_Coord": -20.9317 }, "geometry": { "type": "Point", "coordinates": [ 31.002687947575712, -20.93170611838427 ] } },
{ "type": "Feature", "properties": { "ID": 0, "NAME": "Simudzirai", "X_Coord": 30.8918, "Y_Coord": -20.9473 }, "geometry": { "type": "Point", "coordinates": [ 30.891842964433135, -20.947311019161646 ] } },
{ "type": "Feature", "properties": { "ID": 0, "NAME": "Nyahombe", "X_Coord": 30.9824, "Y_Coord": -20.8312 }, "geometry": { "type": "Point", "coordinates": [ 30.982390788164146, -20.831215203327073 ] } },
{ "type": "Feature", "properties": { "ID": 0, "NAME": "St Martins Mhomho", "X_Coord": 30.6777, "Y_Coord": -20.434 }, "geometry": { "type": "Point", "coordinates": [ 30.677733479959187, -20.434043660062198 ] } },
{ "type": "Feature", "properties": { "ID": 0, "NAME": "Masunda South", "X_Coord": 30.6409, "Y_Coord": -20.4072 }, "geometry": { "type": "Point", "coordinates": [ 30.640870986822947, -20.407195147531279 ] } },
{ "type": "Feature", "properties": { "ID": 0, "NAME": "Chasiya", "X_Coord": 30.6448, "Y_Coord": -20.3586 }, "geometry": { "type": "Point", "coordinates": [ 30.644825546256605, -20.358581743022476 ] } },
{ "type": "Feature", "properties": { "ID": 0, "NAME": "Muvhundusi", "X_Coord": 30.592, "Y_Coord": -20.3055 }, "geometry": { "type": "Point", "coordinates": [ 30.592044655726134, -20.305539766725236 ] } },
{ "type": "Feature", "properties": { "ID": 0, "NAME": "Jochomi", "X_Coord": 30.571, "Y_Coord": -20.2468 }, "geometry": { "type": "Point", "coordinates": [ 30.571038378538724, -20.246796452428285 ] } },
{ "type": "Feature", "properties": { "ID": 0, "NAME": "Gomo", "X_Coord": 30.1673, "Y_Coord": -20.1765 }, "geometry": { "type": "Point", "coordinates": [ 30.167299538161593, -20.176460116435177 ] } },
{ "type": "Feature", "properties": { "ID": 0, "NAME": "Mutirikwi", "X_Coord": 31.3551, "Y_Coord": -21.1219 }, "geometry": { "type": "Point", "coordinates": [ 31.355119392528888, -21.121885309479659 ] } },
{ "type": "Feature", "properties": { "ID": 0, "NAME": "Mac", "X_Coord": 31.4051, "Y_Coord": -21.02 }, "geometry": { "type": "Point", "coordinates": [ 31.405079304021903, -21.020017780676181 ] } },
{ "type": "Feature", "properties": { "ID": 0, "NAME": "Dunuza", "X_Coord": 31.4421, "Y_Coord": -21.0469 }, "geometry": { "type": "Point", "coordinates": [ 31.442101163068013, -21.04689154605963 ] } },
{ "type": "Feature", "properties": { "ID": 0, "NAME": "Kyle", "X_Coord": 31.4753, "Y_Coord": -21.0071 }, "geometry": { "type": "Point", "coordinates": [ 31.475262270398606, -21.007077436028148 ] } },
{ "type": "Feature", "properties": { "ID": 0, "NAME": "Nyati", "X_Coord": 31.5312, "Y_Coord": -21.0159 }, "geometry": { "type": "Point", "coordinates": [ 31.53118941139785, -21.01590368303647 ] } },
{ "type": "Feature", "properties": { "ID": 0, "NAME": "Kamba", "X_Coord": 31.4969, "Y_Coord": -21.0705 }, "geometry": { "type": "Point", "coordinates": [ 31.496916109385669, -21.07051515239668 ] } },
{ "type": "Feature", "properties": { "ID": 0, "NAME": "Citrus", "X_Coord": 31.5364, "Y_Coord": -21.0832 }, "geometry": { "type": "Point", "coordinates": [ 31.536393921034151, -21.083177754487352 ] } },
{ "type": "Feature", "properties": { "ID": 0, "NAME": "Mleme", "X_Coord": 31.5445, "Y_Coord": -21.0912 }, "geometry": { "type": "Point", "coordinates": [ 31.544513032405749, -21.091172918580337 ] } },
{ "type": "Feature", "properties": { "ID": 0, "NAME": "Gaba", "X_Coord": 31.5642, "Y_Coord": -21.0813 }, "geometry": { "type": "Point", "coordinates": [ 31.564216339468373, -21.081345269680046 ] } },
{ "type": "Feature", "properties": { "ID": 0, "NAME": "H. Valley", "X_Coord": 31.5835, "Y_Coord": -21.0707 }, "geometry": { "type": "Point", "coordinates": [ 31.583470213421116, -21.0706657111445 ] } },
{ "type": "Feature", "properties": { "ID": 0, "NAME": "Ratidzo", "X_Coord": 31.62, "Y_Coord": -21.0462 }, "geometry": { "type": "Point", "coordinates": [ 31.620028299527281, -21.04615453316481 ] } },
{ "type": "Feature", "properties": { "ID": 0, "NAME": "Ngwindi", "X_Coord": 31.6356, "Y_Coord": -21.0639 }, "geometry": { "type": "Point", "coordinates": [ 31.635585090693361, -21.063904802425014 ] } },
{ "type": "Feature", "properties": { "ID": 0, "NAME": "Dapi Tapi", "X_Coord": 31.654, "Y_Coord": -21.0706 }, "geometry": { "type": "Point", "coordinates": [ 31.654027344830229, -21.070573700920658 ] } },
{ "type": "Feature", "properties": { "ID": 0, "NAME": "Emobeni", "X_Coord": 31.6455, "Y_Coord": -21.0967 }, "geometry": { "type": "Point", "coordinates": [ 31.645497868329873, -21.096717854096315 ] } },
{ "type": "Feature", "properties": { "ID": 0, "NAME": "Chikomo", "X_Coord": 31.6329, "Y_Coord": -21.1236 }, "geometry": { "type": "Point", "coordinates": [ 31.632902608233753, -21.123635978990841 ] } },
{ "type": "Feature", "properties": { "ID": 0, "NAME": "Bani", "X_Coord": 31.6474, "Y_Coord": -21.1183 }, "geometry": { "type": "Point", "coordinates": [ 31.647389893123979, -21.118294981184484 ] } },
{ "type": "Feature", "properties": { "ID": 0, "NAME": "Chishamiso", "X_Coord": 31.6733, "Y_Coord": -21.0737 }, "geometry": { "type": "Point", "coordinates": [ 31.673317745051616, -21.073700653738005 ] } },
{ "type": "Feature", "properties": { "ID": 0, "NAME": "Gozonya", "X_Coord": 31.7353, "Y_Coord": -21.0967 }, "geometry": { "type": "Point", "coordinates": [ 31.735257264500639, -21.09674868877843 ] } },
{ "type": "Feature", "properties": { "ID": 0, "NAME": "Machureni", "X_Coord": 31.7669, "Y_Coord": -21.0931 }, "geometry": { "type": "Point", "coordinates": [ 31.766860793811539, -21.09312221648382 ] } },
{ "type": "Feature", "properties": { "ID": 0, "NAME": "Gudo", "X_Coord": 32.2091, "Y_Coord": -20.7143 }, "geometry": { "type": "Point", "coordinates": [ 32.209068917148024, -20.714272416899256 ] } },
{ "type": "Feature", "properties": { "ID": 0, "NAME": "Dikitiki", "X_Coord": 32.1813, "Y_Coord": -20.7466 }, "geometry": { "type": "Point", "coordinates": [ 32.181276091473855, -20.746611521937602 ] } },
{ "type": "Feature", "properties": { "ID": 0, "NAME": "St Joseph", "X_Coord": 32.1775, "Y_Coord": -20.8202 }, "geometry": { "type": "Point", "coordinates": [ 32.177519855716156, -20.820210150818255 ] } },
{ "type": "Feature", "properties": { "ID": 0, "NAME": "Mutapurwa", "X_Coord": 32.1588, "Y_Coord": -20.8709 }, "geometry": { "type": "Point", "coordinates": [ 32.158772497693235, -20.870920902165182 ] } },
{ "type": "Feature", "properties": { "ID": 0, "NAME": "Mareya", "X_Coord": 32.0909, "Y_Coord": -20.8928 }, "geometry": { "type": "Point", "coordinates": [ 32.090890970158512, -20.892762258179175 ] } },
{ "type": "Feature", "properties": { "ID": 0, "NAME": "Muteo", "X_Coord": 32.1281, "Y_Coord": -20.9337 }, "geometry": { "type": "Point", "coordinates": [ 32.128147547852123, -20.933731423862767 ] } },
{ "type": "Feature", "properties": { "ID": 0, "NAME": "Chisambinji", "X_Coord": 32.0792, "Y_Coord": -20.9513 }, "geometry": { "type": "Point", "coordinates": [ 32.079241986175077, -20.951347848507147 ] } },
{ "type": "Feature", "properties": { "ID": 0, "NAME": "Jekero", "X_Coord": 32.1279, "Y_Coord": -21.011 }, "geometry": { "type": "Point", "coordinates": [ 32.127884838551175, -21.010995231961669 ] } },
{ "type": "Feature", "properties": { "ID": 0, "NAME": "Nyabanga", "X_Coord": 32.1036, "Y_Coord": -21.017 }, "geometry": { "type": "Point", "coordinates": [ 32.103612003033092, -21.016985706938758 ] } },
{ "type": "Feature", "properties": { "ID": 0, "NAME": "Machoka", "X_Coord": 32.1542, "Y_Coord": -21.054 }, "geometry": { "type": "Point", "coordinates": [ 32.154219351264096, -21.053959149057395 ] } },
{ "type": "Feature", "properties": { "ID": 0, "NAME": "Benzi", "X_Coord": 32.0237, "Y_Coord": -21.0686 }, "geometry": { "type": "Point", "coordinates": [ 32.023677326583325, -21.068610158584409 ] } },
{ "type": "Feature", "properties": { "ID": 0, "NAME": "Mupinga", "X_Coord": 32.1698, "Y_Coord": -21.0868 }, "geometry": { "type": "Point", "coordinates": [ 32.169809003286531, -21.086810208763353 ] } },
{ "type": "Feature", "properties": { "ID": 0, "NAME": "Chionja", "X_Coord": 31.915, "Y_Coord": -21.25 }, "geometry": { "type": "Point", "coordinates": [ 31.914982033422962, -21.250047598633572 ] } },
{ "type": "Feature", "properties": { "ID": 0, "NAME": "Chambuta", "X_Coord": 31.817, "Y_Coord": -21.2236 }, "geometry": { "type": "Point", "coordinates": [ 31.817013550343248, -21.223623782806175 ] } },
{ "type": "Feature", "properties": { "ID": 0, "NAME": "Makhosiya", "X_Coord": 31.7975, "Y_Coord": -21.2448 }, "geometry": { "type": "Point", "coordinates": [ 31.797464726845419, -21.244780025003568 ] } },
{ "type": "Feature", "properties": { "ID": 0, "NAME": "Chipinda", "X_Coord": 31.8799, "Y_Coord": -21.3087 }, "geometry": { "type": "Point", "coordinates": [ 31.879881893197432, -21.308717796478106 ] } },
{ "type": "Feature", "properties": { "ID": 0, "NAME": "Chibwedziva", "X_Coord": 31.7743, "Y_Coord": -21.3405 }, "geometry": { "type": "Point", "coordinates": [ 31.774322379107943, -21.340488738725725 ] } },
{ "type": "Feature", "properties": { "ID": 0, "NAME": "Masivamele", "X_Coord": 31.7235, "Y_Coord": -21.3611 }, "geometry": { "type": "Point", "coordinates": [ 31.723470717189187, -21.361099122509607 ] } },
{ "type": "Feature", "properties": { "ID": 0, "NAME": "Chilonga", "X_Coord": 31.6249, "Y_Coord": -21.2226 }, "geometry": { "type": "Point", "coordinates": [ 31.624859987464667, -21.22258352182903 ] } },
{ "type": "Feature", "properties": { "ID": 0, "NAME": "Majijimba", "X_Coord": 31.5865, "Y_Coord": -21.3093 }, "geometry": { "type": "Point", "coordinates": [ 31.5864571270486, -21.309334411623251 ] } },
{ "type": "Feature", "properties": { "ID": 0, "NAME": "Chihanganeni", "X_Coord": 31.671, "Y_Coord": -21.3191 }, "geometry": { "type": "Point", "coordinates": [ 31.671039017625212, -21.319116442683775 ] } },
{ "type": "Feature", "properties": { "ID": 0, "NAME": "Chikhovo", "X_Coord": 31.5926, "Y_Coord": -21.3409 }, "geometry": { "type": "Point", "coordinates": [ 31.59257179560182, -21.340857383363911 ] } },
{ "type": "Feature", "properties": { "ID": 0, "NAME": "Malisanga", "X_Coord": 31.5597, "Y_Coord": -21.384 }, "geometry": { "type": "Point", "coordinates": [ 31.559707873731814, -21.383998659273828 ] } },
{ "type": "Feature", "properties": { "ID": 0, "NAME": "Chingele", "X_Coord": 31.6658, "Y_Coord": -21.4146 }, "geometry": { "type": "Point", "coordinates": [ 31.665767428541606, -21.414650364366384 ] } },
{ "type": "Feature", "properties": { "ID": 0, "NAME": "Gwaseche", "X_Coord": 31.5482, "Y_Coord": -21.2766 }, "geometry": { "type": "Point", "coordinates": [ 31.548198200493108, -21.276552204457165 ] } },
{ "type": "Feature", "properties": { "ID": 0, "NAME": "Boli", "X_Coord": 31.465, "Y_Coord": -21.417 }, "geometry": { "type": "Point", "coordinates": [ 31.4650026564202, -21.416997650539585 ] } },
{ "type": "Feature", "properties": { "ID": 0, "NAME": "Makambe", "X_Coord": 31.35, "Y_Coord": -21.4616 }, "geometry": { "type": "Point", "coordinates": [ 31.350033390711808, -21.461617498477995 ] } },
{ "type": "Feature", "properties": { "ID": 0, "NAME": "Muhlanguleni", "X_Coord": 31.4723, "Y_Coord": -21.4885 }, "geometry": { "type": "Point", "coordinates": [ 31.472310371791778, -21.488492860865033 ] } },
{ "type": "Feature", "properties": { "ID": 0, "NAME": "Gurungweni", "X_Coord": 31.41, "Y_Coord": -21.5849 }, "geometry": { "type": "Point", "coordinates": [ 31.410034734515975, -21.584922600967896 ] } },
{ "type": "Feature", "properties": { "ID": 0, "NAME": "Chomupani", "X_Coord": 31.2761, "Y_Coord": -21.5739 }, "geometry": { "type": "Point", "coordinates": [ 31.276106328411551, -21.573921117681049 ] } },
{ "type": "Feature", "properties": { "ID": 0, "NAME": "Chanienga", "X_Coord": 31.2971, "Y_Coord": -21.5938 }, "geometry": { "type": "Point", "coordinates": [ 31.297126126919824, -21.593846952759726 ] } },
{ "type": "Feature", "properties": { "ID": 0, "NAME": "Zhou", "X_Coord": 31.4418, "Y_Coord": -21.6382 }, "geometry": { "type": "Point", "coordinates": [ 31.441804885839112, -21.638189651002872 ] } },
{ "type": "Feature", "properties": { "ID": 0, "NAME": "Mpagati", "X_Coord": 31.3754, "Y_Coord": -21.612 }, "geometry": { "type": "Point", "coordinates": [ 31.375447047304132, -21.612033661503819 ] } },
{ "type": "Feature", "properties": { "ID": 0, "NAME": "Mpapa", "X_Coord": 31.307, "Y_Coord": -21.6485 }, "geometry": { "type": "Point", "coordinates": [ 31.307030432097427, -21.648468264077469 ] } },
{ "type": "Feature", "properties": { "ID": 0, "NAME": "Masukwe", "X_Coord": 31.2894, "Y_Coord": -21.7573 }, "geometry": { "type": "Point", "coordinates": [ 31.289396876094045, -21.757266490369851 ] } },
{ "type": "Feature", "properties": { "ID": 0, "NAME": "Phahlela", "X_Coord": 31.2556, "Y_Coord": -21.9398 }, "geometry": { "type": "Point", "coordinates": [ 31.255639037304515, -21.939768316314375 ] } },
{ "type": "Feature", "properties": { "ID": 0, "NAME": "Makhanani", "X_Coord": 31.1943, "Y_Coord": -21.946 }, "geometry": { "type": "Point", "coordinates": [ 31.194262319040892, -21.945950528922381 ] } },
{ "type": "Feature", "properties": { "ID": 0, "NAME": "Chilugwi", "X_Coord": 31.1446, "Y_Coord": -22.0307 }, "geometry": { "type": "Point", "coordinates": [ 31.144643784495237, -22.03071524464147 ] } },
{ "type": "Feature", "properties": { "ID": 0, "NAME": "Gezani", "X_Coord": 31.1514, "Y_Coord": -22.0716 }, "geometry": { "type": "Point", "coordinates": [ 31.151448422877319, -22.071572978931606 ] } },
{ "type": "Feature", "properties": { "ID": 0, "NAME": "Bondela", "X_Coord": 31.1222, "Y_Coord": -22.1079 }, "geometry": { "type": "Point", "coordinates": [ 31.122211806323211, -22.10794855693938 ] } },
{ "type": "Feature", "properties": { "ID": 0, "NAME": "Chigalo", "X_Coord": 31.2251, "Y_Coord": -22.1485 }, "geometry": { "type": "Point", "coordinates": [ 31.225082035345736, -22.148453952445479 ] } },
{ "type": "Feature", "properties": { "ID": 0, "NAME": "Rutandare", "X_Coord": 31.2885, "Y_Coord": -22.0908 }, "geometry": { "type": "Point", "coordinates": [ 31.288456340919293, -22.090756537697985 ] } },
{ "type": "Feature", "properties": { "ID": 0, "NAME": "Malipati 2", "X_Coord": 31.3586, "Y_Coord": -22.1014 }, "geometry": { "type": "Point", "coordinates": [ 31.358621209442717, -22.101415966083071 ] } },
{ "type": "Feature", "properties": { "ID": 0, "NAME": "Malipati", "X_Coord": 31.4247, "Y_Coord": -22.0721 }, "geometry": { "type": "Point", "coordinates": [ 31.424748744566703, -22.07208119034749 ] } },
{ "type": "Feature", "properties": { "ID": 0, "NAME": "Maose", "X_Coord": 31.3131, "Y_Coord": -22.148 }, "geometry": { "type": "Point", "coordinates": [ 31.31307114503069, -22.148043844325244 ] } },
{ "type": "Feature", "properties": { "ID": 0, "NAME": "Ngwenyeni", "X_Coord": 31.4153, "Y_Coord": -22.1516 }, "geometry": { "type": "Point", "coordinates": [ 31.415260217536776, -22.151576228482991 ] } },
{ "type": "Feature", "properties": { "ID": 0, "NAME": "Chishinya", "X_Coord": 31.3584, "Y_Coord": -22.1938 }, "geometry": { "type": "Point", "coordinates": [ 31.358372837180045, -22.193781188260136 ] } },
{ "type": "Feature", "properties": { "ID": 0, "NAME": "Samu", "X_Coord": 31.3514, "Y_Coord": -22.2351 }, "geometry": { "type": "Point", "coordinates": [ 31.35143551213103, -22.235079465748868 ] } },
{ "type": "Feature", "properties": { "ID": 0, "NAME": "Gwaivi", "X_Coord": 31.3022, "Y_Coord": -22.2732 }, "geometry": { "type": "Point", "coordinates": [ 31.302219660787607, -22.273170226026213 ] } },
{ "type": "Feature", "properties": { "ID": 0, "NAME": "Mugiviza", "X_Coord": 31.3849, "Y_Coord": -22.3118 }, "geometry": { "type": "Point", "coordinates": [ 31.384853584351148, -22.311809896146872 ] } },
{ "type": "Feature", "properties": { "ID": 0, "NAME": "Gava", "X_Coord": 31.8031, "Y_Coord": -20.5423 }, "geometry": { "type": "Point", "coordinates": [ 31.803134042687581, -20.542324291107402 ] } },
{ "type": "Feature", "properties": { "ID": 0, "NAME": "Neguve", "X_Coord": 31.8369, "Y_Coord": -20.4205 }, "geometry": { "type": "Point", "coordinates": [ 31.83689481876074, -20.420474021411149 ] } },
{ "type": "Feature", "properties": { "ID": 0, "NAME": "Mafaune", "X_Coord": 31.8988, "Y_Coord": -20.4347 }, "geometry": { "type": "Point", "coordinates": [ 31.89883936785289, -20.434665023230906 ] } },
{ "type": "Feature", "properties": { "ID": 0, "NAME": "Chiremwaremwa", "X_Coord": 31.8499, "Y_Coord": -20.4696 }, "geometry": { "type": "Point", "coordinates": [ 31.849946782196234, -20.469566839852181 ] } },
{ "type": "Feature", "properties": { "ID": 0, "NAME": "Magocha", "X_Coord": 31.7737, "Y_Coord": -20.5065 }, "geometry": { "type": "Point", "coordinates": [ 31.773660967443515, -20.506523441713142 ] } },
{ "type": "Feature", "properties": { "ID": 0, "NAME": "Mashoko", "X_Coord": 31.7376, "Y_Coord": -20.4957 }, "geometry": { "type": "Point", "coordinates": [ 31.737641044951108, -20.495701752560883 ] } },
{ "type": "Feature", "properties": { "ID": 0, "NAME": "Zindove", "X_Coord": 31.7877, "Y_Coord": -20.4563 }, "geometry": { "type": "Point", "coordinates": [ 31.787655838345817, -20.456266895066246 ] } },
{ "type": "Feature", "properties": { "ID": 0, "NAME": "Chizondo", "X_Coord": 31.7091, "Y_Coord": -20.4439 }, "geometry": { "type": "Point", "coordinates": [ 31.709121299640699, -20.443858659847724 ] } },
{ "type": "Feature", "properties": { "ID": 0, "NAME": "Bambaninga", "X_Coord": 31.7457, "Y_Coord": -20.3955 }, "geometry": { "type": "Point", "coordinates": [ 31.745670459897841, -20.395544329734243 ] } },
{ "type": "Feature", "properties": { "ID": 0, "NAME": "Dungu", "X_Coord": 31.6038, "Y_Coord": -19.8878 }, "geometry": { "type": "Point", "coordinates": [ 31.60374986203092, -19.887757230174511 ] } },
{ "type": "Feature", "properties": { "ID": 0, "NAME": "Maboke", "X_Coord": 31.6292, "Y_Coord": -19.869 }, "geometry": { "type": "Point", "coordinates": [ 31.629238255796306, -19.868953083460305 ] } },
{ "type": "Feature", "properties": { "ID": 0, "NAME": "Bikita Minerals", "X_Coord": 31.4192, "Y_Coord": -19.9727 }, "geometry": { "type": "Point", "coordinates": [ 31.419232971501842, -19.972744509959675 ] } },
{ "type": "Feature", "properties": { "ID": 0, "NAME": "Rusununguko", "X_Coord": 31.4638, "Y_Coord": -19.927 }, "geometry": { "type": "Point", "coordinates": [ 31.463769109745158, -19.927037789123329 ] } },
{ "type": "Feature", "properties": { "ID": 0, "NAME": "Beardmore", "X_Coord": 31.4793, "Y_Coord": -19.9795 }, "geometry": { "type": "Point", "coordinates": [ 31.479263344802249, -19.979458151230929 ] } },
{ "type": "Feature", "properties": { "ID": 0, "NAME": "Domboshava", "X_Coord": 31.4169, "Y_Coord": -20.0192 }, "geometry": { "type": "Point", "coordinates": [ 31.416945201694812, -20.019154300553105 ] } },
{ "type": "Feature", "properties": { "ID": 0, "NAME": "Mandindi", "X_Coord": 31.4482, "Y_Coord": -20.0151 }, "geometry": { "type": "Point", "coordinates": [ 31.448223923972151, -20.015087113505967 ] } },
{ "type": "Feature", "properties": { "ID": 0, "NAME": "Marozva", "X_Coord": 31.4915, "Y_Coord": -20.0217 }, "geometry": { "type": "Point", "coordinates": [ 31.491489196947363, -20.02166696059728 ] } },
{ "type": "Feature", "properties": { "ID": 0, "NAME": "Mungezi", "X_Coord": 31.5186, "Y_Coord": -19.9217 }, "geometry": { "type": "Point", "coordinates": [ 31.518610056675062, -19.921741478293573 ] } },
{ "type": "Feature", "properties": { "ID": 0, "NAME": "Chikukutu", "X_Coord": 31.5498, "Y_Coord": -19.9448 }, "geometry": { "type": "Point", "coordinates": [ 31.549764750382504, -19.944755476941946 ] } },
{ "type": "Feature", "properties": { "ID": 0, "NAME": "Makotore", "X_Coord": 31.5388, "Y_Coord": -19.9979 }, "geometry": { "type": "Point", "coordinates": [ 31.538799360170668, -19.997933681180246 ] } },
{ "type": "Feature", "properties": { "ID": 0, "NAME": "Checheni", "X_Coord": 31.5309, "Y_Coord": -20.0869 }, "geometry": { "type": "Point", "coordinates": [ 31.530877308995283, -20.0869029491231 ] } },
{ "type": "Feature", "properties": { "ID": 0, "NAME": "Vushe", "X_Coord": 31.6066, "Y_Coord": -20.0773 }, "geometry": { "type": "Point", "coordinates": [ 31.60659145458677, -20.077348039763741 ] } },
{ "type": "Feature", "properties": { "ID": 0, "NAME": "Muvuti", "X_Coord": 31.6282, "Y_Coord": -19.9592 }, "geometry": { "type": "Point", "coordinates": [ 31.628231620952906, -19.959159836399092 ] } },
{ "type": "Feature", "properties": { "ID": 0, "NAME": "Gumunyu", "X_Coord": 31.589, "Y_Coord": -20.0034 }, "geometry": { "type": "Point", "coordinates": [ 31.589013574901237, -20.003389240799294 ] } },
{ "type": "Feature", "properties": { "ID": 0, "NAME": "Jaravaza", "X_Coord": 31.5782, "Y_Coord": -20.0425 }, "geometry": { "type": "Point", "coordinates": [ 31.578182834967343, -20.042452861684758 ] } },
{ "type": "Feature", "properties": { "ID": 0, "NAME": "Nyemba", "X_Coord": 31.6344, "Y_Coord": -20.0518 }, "geometry": { "type": "Point", "coordinates": [ 31.634404948636174, -20.051753907371296 ] } },
{ "type": "Feature", "properties": { "ID": 0, "NAME": "Mupakwa", "X_Coord": 31.6458, "Y_Coord": -20.0256 }, "geometry": { "type": "Point", "coordinates": [ 31.645797837450637, -20.025589469518597 ] } },
{ "type": "Feature", "properties": { "ID": 0, "NAME": "Madzivire", "X_Coord": 32.1147, "Y_Coord": -19.9427 }, "geometry": { "type": "Point", "coordinates": [ 32.114664541012402, -19.942695247255042 ] } },
{ "type": "Feature", "properties": { "ID": 0, "NAME": "Mupamaonde", "X_Coord": 31.736, "Y_Coord": -19.8676 }, "geometry": { "type": "Point", "coordinates": [ 31.73598283471194, -19.867622088550057 ] } },
{ "type": "Feature", "properties": { "ID": 0, "NAME": "Chitsanga", "X_Coord": 31.7042, "Y_Coord": -19.9011 }, "geometry": { "type": "Point", "coordinates": [ 31.704210691427221, -19.901083865046171 ] } },
{ "type": "Feature", "properties": { "ID": 0, "NAME": "Murwira", "X_Coord": 31.6486, "Y_Coord": -19.9226 }, "geometry": { "type": "Point", "coordinates": [ 31.648630770354778, -19.922578414496627 ] } },
{ "type": "Feature", "properties": { "ID": 0, "NAME": "Masarira", "X_Coord": 31.6764, "Y_Coord": -19.9378 }, "geometry": { "type": "Point", "coordinates": [ 31.676394723425986, -19.937775811499989 ] } },
{ "type": "Feature", "properties": { "ID": 0, "NAME": "Mbirashava", "X_Coord": 31.7464, "Y_Coord": -20.024 }, "geometry": { "type": "Point", "coordinates": [ 31.746380122592967, -20.024009271757425 ] } },
{ "type": "Feature", "properties": { "ID": 0, "NAME": "Magurwe", "X_Coord": 31.6994, "Y_Coord": -20.0227 }, "geometry": { "type": "Point", "coordinates": [ 31.699447342174704, -20.02270634808113 ] } },
{ "type": "Feature", "properties": { "ID": 0, "NAME": "Charamba", "X_Coord": 31.684, "Y_Coord": -19.9788 }, "geometry": { "type": "Point", "coordinates": [ 31.683968996195986, -19.978793616550583 ] } },
{ "type": "Feature", "properties": { "ID": 0, "NAME": "Chivaka", "X_Coord": 31.7681, "Y_Coord": -19.9793 }, "geometry": { "type": "Point", "coordinates": [ 31.768087679765951, -19.979260654324904 ] } },
{ "type": "Feature", "properties": { "ID": 0, "NAME": "Makondo", "X_Coord": 31.7504, "Y_Coord": -19.9369 }, "geometry": { "type": "Point", "coordinates": [ 31.750365776167143, -19.936897518018206 ] } },
{ "type": "Feature", "properties": { "ID": 0, "NAME": "Rwambiwa", "X_Coord": 31.782, "Y_Coord": -19.8776 }, "geometry": { "type": "Point", "coordinates": [ 31.781959713295905, -19.877581533771583 ] } },
{ "type": "Feature", "properties": { "ID": 0, "NAME": "Chakonera", "X_Coord": 31.815, "Y_Coord": -19.8926 }, "geometry": { "type": "Point", "coordinates": [ 31.815016265765621, -19.892571038044501 ] } },
{ "type": "Feature", "properties": { "ID": 0, "NAME": "Gangare", "X_Coord": 31.8218, "Y_Coord": -19.9236 }, "geometry": { "type": "Point", "coordinates": [ 31.821784161809369, -19.923645264509133 ] } },
{ "type": "Feature", "properties": { "ID": 0, "NAME": "Musukutwa", "X_Coord": 31.8713, "Y_Coord": -19.8926 }, "geometry": { "type": "Point", "coordinates": [ 31.87130221512184, -19.892601128427813 ] } },
{ "type": "Feature", "properties": { "ID": 0, "NAME": "Chirorwe", "X_Coord": 31.9111, "Y_Coord": -19.9006 }, "geometry": { "type": "Point", "coordinates": [ 31.911095792352391, -19.900602063041912 ] } },
{ "type": "Feature", "properties": { "ID": 0, "NAME": "Negwari", "X_Coord": 31.9803, "Y_Coord": -19.8646 }, "geometry": { "type": "Point", "coordinates": [ 31.980312289647795, -19.864579415025087 ] } },
{ "type": "Feature", "properties": { "ID": 0, "NAME": "Mbuyanehanda", "X_Coord": 32.0191, "Y_Coord": -19.955 }, "geometry": { "type": "Point", "coordinates": [ 32.019062984388711, -19.955032811812597 ] } },
{ "type": "Feature", "properties": { "ID": 0, "NAME": "Nebwari", "X_Coord": 31.9665, "Y_Coord": -19.9458 }, "geometry": { "type": "Point", "coordinates": [ 31.96648224632116, -19.945824442449755 ] } },
{ "type": "Feature", "properties": { "ID": 0, "NAME": "Mandadzaka", "X_Coord": 31.8256, "Y_Coord": -19.9843 }, "geometry": { "type": "Point", "coordinates": [ 31.825594189578673, -19.984334856439574 ] } },
{ "type": "Feature", "properties": { "ID": 0, "NAME": "Mamutse", "X_Coord": 31.8975, "Y_Coord": -19.9799 }, "geometry": { "type": "Point", "coordinates": [ 31.897492418104509, -19.979891476468872 ] } },
{ "type": "Feature", "properties": { "ID": 0, "NAME": "Chikuku", "X_Coord": 31.8563, "Y_Coord": -20.011 }, "geometry": { "type": "Point", "coordinates": [ 31.856254162922166, -20.011029744080002 ] } },
{ "type": "Feature", "properties": { "ID": 0, "NAME": "Museti", "X_Coord": 31.7169, "Y_Coord": -20.0492 }, "geometry": { "type": "Point", "coordinates": [ 31.716902000558076, -20.049197966652326 ] } },
{ "type": "Feature", "properties": { "ID": 0, "NAME": "Nerumedzo", "X_Coord": 31.7574, "Y_Coord": -20.0686 }, "geometry": { "type": "Point", "coordinates": [ 31.757438537298295, -20.068550771298217 ] } },
{ "type": "Feature", "properties": { "ID": 0, "NAME": "Mudzami", "X_Coord": 31.6897, "Y_Coord": -20.1097 }, "geometry": { "type": "Point", "coordinates": [ 31.689721594093449, -20.109650655898601 ] } },
{ "type": "Feature", "properties": { "ID": 0, "NAME": "Boora", "X_Coord": 31.8855, "Y_Coord": -20.0546 }, "geometry": { "type": "Point", "coordinates": [ 31.88545355915619, -20.05456251457959 ] } },
{ "type": "Feature", "properties": { "ID": 0, "NAME": "Nerunhengu", "X_Coord": 31.9271, "Y_Coord": -20.0379 }, "geometry": { "type": "Point", "coordinates": [ 31.927063069951757, -20.037888092953043 ] } },
{ "type": "Feature", "properties": { "ID": 0, "NAME": "Beta", "X_Coord": 31.8172, "Y_Coord": -20.097 }, "geometry": { "type": "Point", "coordinates": [ 31.817238513082483, -20.097038964454473 ] } },
{ "type": "Feature", "properties": { "ID": 0, "NAME": "Muvava", "X_Coord": 31.9381, "Y_Coord": -20.0896 }, "geometry": { "type": "Point", "coordinates": [ 31.93808774696577, -20.089597300242666 ] } },
{ "type": "Feature", "properties": { "ID": 0, "NAME": "Chinyamapere", "X_Coord": 31.8949, "Y_Coord": -20.115 }, "geometry": { "type": "Point", "coordinates": [ 31.894874428600186, -20.115008870907985 ] } },
{ "type": "Feature", "properties": { "ID": 0, "NAME": "Uteke", "X_Coord": 31.9766, "Y_Coord": -20.1816 }, "geometry": { "type": "Point", "coordinates": [ 31.976636694201201, -20.18162842424309 ] } },
{ "type": "Feature", "properties": { "ID": 0, "NAME": "Mukore", "X_Coord": 31.8503, "Y_Coord": -20.1379 }, "geometry": { "type": "Point", "coordinates": [ 31.850254623172582, -20.137909503691784 ] } },
{ "type": "Feature", "properties": { "ID": 0, "NAME": "Zengeya", "X_Coord": 31.8829, "Y_Coord": -20.1671 }, "geometry": { "type": "Point", "coordinates": [ 31.882859586370611, -20.167092761426133 ] } },
{ "type": "Feature", "properties": { "ID": 0, "NAME": "Chedutu", "X_Coord": 31.9316, "Y_Coord": -20.303 }, "geometry": { "type": "Point", "coordinates": [ 31.931621730578399, -20.303021833536775 ] } },
{ "type": "Feature", "properties": { "ID": 0, "NAME": "Makota", "X_Coord": 31.9155, "Y_Coord": -20.3679 }, "geometry": { "type": "Point", "coordinates": [ 31.915497473210561, -20.367938771615094 ] } },
{ "type": "Feature", "properties": { "ID": 0, "NAME": "Checheni", "X_Coord": 31.8331, "Y_Coord": -20.2639 }, "geometry": { "type": "Point", "coordinates": [ 31.833138005257151, -20.263940206702575 ] } },
{ "type": "Feature", "properties": { "ID": 0, "NAME": "Chinyika", "X_Coord": 31.9295, "Y_Coord": -20.2487 }, "geometry": { "type": "Point", "coordinates": [ 31.929481982481892, -20.248697253079587 ] } },
{ "type": "Feature", "properties": { "ID": 0, "NAME": "Ziki", "X_Coord": 31.8429, "Y_Coord": -20.2241 }, "geometry": { "type": "Point", "coordinates": [ 31.842885339180519, -20.224146603503559 ] } },
{ "type": "Feature", "properties": { "ID": 0, "NAME": "Chada", "X_Coord": 31.7737, "Y_Coord": -20.1253 }, "geometry": { "type": "Point", "coordinates": [ 31.773685684941551, -20.125310961478213 ] } },
{ "type": "Feature", "properties": { "ID": 0, "NAME": "Negovanhu", "X_Coord": 31.7191, "Y_Coord": -20.1346 }, "geometry": { "type": "Point", "coordinates": [ 31.719132817830044, -20.134550333946127 ] } },
{ "type": "Feature", "properties": { "ID": 0, "NAME": "Bengura", "X_Coord": 31.6459, "Y_Coord": -20.2431 }, "geometry": { "type": "Point", "coordinates": [ 31.645859414308582, -20.243085178741108 ] } },
{ "type": "Feature", "properties": { "ID": 0, "NAME": "Mujiji", "X_Coord": 31.8084, "Y_Coord": -20.3352 }, "geometry": { "type": "Point", "coordinates": [ 31.808369808294238, -20.335199293135812 ] } },
{ "type": "Feature", "properties": { "ID": 0, "NAME": "Chibvure", "X_Coord": 31.7832, "Y_Coord": -20.2746 }, "geometry": { "type": "Point", "coordinates": [ 31.783235823454866, -20.2745711681467 ] } },
{ "type": "Feature", "properties": { "ID": 0, "NAME": "Tugwi", "X_Coord": 31.7211, "Y_Coord": -20.334 }, "geometry": { "type": "Point", "coordinates": [ 31.721087780328567, -20.334040828351259 ] } },
{ "type": "Feature", "properties": { "ID": 0, "NAME": "Chitenderano", "X_Coord": 31.7181, "Y_Coord": -20.2762 }, "geometry": { "type": "Point", "coordinates": [ 31.718134185018911, -20.276208942579895 ] } },
{ "type": "Feature", "properties": { "ID": 0, "NAME": "Nyahunda", "X_Coord": 31.6759, "Y_Coord": -20.2713 }, "geometry": { "type": "Point", "coordinates": [ 31.675872280628621, -20.271253595576955 ] } },
{ "type": "Feature", "properties": { "ID": 0, "NAME": "Chadya", "X_Coord": 31.8031, "Y_Coord": -20.2226 }, "geometry": { "type": "Point", "coordinates": [ 31.803063317024556, -20.222573347920388 ] } },
{ "type": "Feature", "properties": { "ID": 0, "NAME": "Zirabada", "X_Coord": 31.8037, "Y_Coord": -20.1952 }, "geometry": { "type": "Point", "coordinates": [ 31.80373614710799, -20.195229147589064 ] } },
{ "type": "Feature", "properties": { "ID": 0, "NAME": "Njaravani", "X_Coord": 31.6779, "Y_Coord": -20.2277 }, "geometry": { "type": "Point", "coordinates": [ 31.677894299177396, -20.227701488902234 ] } },
{ "type": "Feature", "properties": { "ID": 0, "NAME": "Gudo", "X_Coord": 31.7455, "Y_Coord": -20.2379 }, "geometry": { "type": "Point", "coordinates": [ 31.745531809538925, -20.237921863823079 ] } },
{ "type": "Feature", "properties": { "ID": 0, "NAME": "Gwariro", "X_Coord": 31.7642, "Y_Coord": -20.1871 }, "geometry": { "type": "Point", "coordinates": [ 31.764202160377263, -20.187072249000025 ] } },
{ "type": "Feature", "properties": { "ID": 0, "NAME": "Mutikizizi", "X_Coord": 31.6995, "Y_Coord": -20.2047 }, "geometry": { "type": "Point", "coordinates": [ 31.699505829589054, -20.204657967409965 ] } },
{ "type": "Feature", "properties": { "ID": 0, "NAME": "Ngodyore", "X_Coord": 31.5916, "Y_Coord": -20.1382 }, "geometry": { "type": "Point", "coordinates": [ 31.591582401970506, -20.138186424097686 ] } },
{ "type": "Feature", "properties": { "ID": 0, "NAME": "Mandiki", "X_Coord": 31.6097, "Y_Coord": -20.1374 }, "geometry": { "type": "Point", "coordinates": [ 31.609743014644867, -20.137433530146126 ] } },
{ "type": "Feature", "properties": { "ID": 0, "NAME": null, "X_Coord": 31.6993, "Y_Coord": -20.1686 }, "geometry": { "type": "Point", "coordinates": [ 31.699305252843228, -20.168589209312696 ] } },
{ "type": "Feature", "properties": { "ID": 0, "NAME": "Marecha", "X_Coord": 31.6569, "Y_Coord": -20.1587 }, "geometry": { "type": "Point", "coordinates": [ 31.656901258461861, -20.15871426015395 ] } },
{ "type": "Feature", "properties": { "ID": 0, "NAME": "Mandara", "X_Coord": 31.5987, "Y_Coord": -20.1795 }, "geometry": { "type": "Point", "coordinates": [ 31.598688683338125, -20.179518024123308 ] } },
{ "type": "Feature", "properties": { "ID": 0, "NAME": "Mazungunye", "X_Coord": 31.6057, "Y_Coord": -20.2242 }, "geometry": { "type": "Point", "coordinates": [ 31.60570304470896, -20.224185146369827 ] } },
{ "type": "Feature", "properties": { "ID": 0, "NAME": "Chalala", "X_Coord": 28.2959, "Y_Coord": -16.8566 }, "geometry": { "type": "Point", "coordinates": [ 28.295884146459027, -16.85658970541531 ] } },
{ "type": "Feature", "properties": { "ID": 0, "NAME": "Mola", "X_Coord": 28.274, "Y_Coord": -16.9256 }, "geometry": { "type": "Point", "coordinates": [ 28.274023003137117, -16.925628244798229 ] } },
{ "type": "Feature", "properties": { "ID": 0, "NAME": "Marembera", "X_Coord": 28.2489, "Y_Coord": -16.9995 }, "geometry": { "type": "Point", "coordinates": [ 28.248905353068341, -16.999536027076964 ] } },
{ "type": "Feature", "properties": { "ID": 0, "NAME": "Nebiri", "X_Coord": 28.376, "Y_Coord": -17.101 }, "geometry": { "type": "Point", "coordinates": [ 28.375991297407484, -17.101012191695776 ] } },
{ "type": "Feature", "properties": { "ID": 0, "NAME": "Negande", "X_Coord": 28.2387, "Y_Coord": -17.1557 }, "geometry": { "type": "Point", "coordinates": [ 28.238730587002035, -17.155716869904015 ] } },
{ "type": "Feature", "properties": { "ID": 0, "NAME": "Kasvisva", "X_Coord": 28.4852, "Y_Coord": -17.2118 }, "geometry": { "type": "Point", "coordinates": [ 28.485197775243392, -17.211762559982684 ] } },
{ "type": "Feature", "properties": { "ID": 0, "NAME": "Mamvuramachena", "X_Coord": 28.5823, "Y_Coord": -17.2296 }, "geometry": { "type": "Point", "coordinates": [ 28.582276972021909, -17.229647534687398 ] } },
{ "type": "Feature", "properties": { "ID": 0, "NAME": "Chidyamugwamu", "X_Coord": 28.6408, "Y_Coord": -17.1497 }, "geometry": { "type": "Point", "coordinates": [ 28.640762514547951, -17.149708167593474 ] } },
{ "type": "Feature", "properties": { "ID": 0, "NAME": "Musampakaruma", "X_Coord": 28.7543, "Y_Coord": -17.1194 }, "geometry": { "type": "Point", "coordinates": [ 28.754254600656399, -17.119356290573265 ] } },
{ "type": "Feature", "properties": { "ID": 0, "NAME": "Gache-Gache", "X_Coord": 28.9544, "Y_Coord": -16.7701 }, "geometry": { "type": "Point", "coordinates": [ 28.954396796540991, -16.770066477539036 ] } },
{ "type": "Feature", "properties": { "ID": 0, "NAME": "Makande", "X_Coord": 28.9217, "Y_Coord": -16.9165 }, "geometry": { "type": "Point", "coordinates": [ 28.921716646904237, -16.916492178167623 ] } },
{ "type": "Feature", "properties": { "ID": 0, "NAME": "Kadziro", "X_Coord": 28.9317, "Y_Coord": -16.9456 }, "geometry": { "type": "Point", "coordinates": [ 28.931692516928251, -16.945615779320242 ] } },
{ "type": "Feature", "properties": { "ID": 0, "NAME": "Kudzanai", "X_Coord": 29.0286, "Y_Coord": -16.8718 }, "geometry": { "type": "Point", "coordinates": [ 29.028612188242974, -16.871789573366701 ] } },
{ "type": "Feature", "properties": { "ID": 0, "NAME": "Mayovhe", "X_Coord": 28.0926, "Y_Coord": -17.0396 }, "geometry": { "type": "Point", "coordinates": [ 28.092581956908774, -17.03959807543087 ] } },
{ "type": "Feature", "properties": { "ID": 0, "NAME": "Gadza", "X_Coord": 29.4282, "Y_Coord": -17.5743 }, "geometry": { "type": "Point", "coordinates": [ 29.428165990765365, -17.574299460093602 ] } },
{ "type": "Feature", "properties": { "ID": 0, "NAME": "Sarukweza", "X_Coord": 29.4795, "Y_Coord": -17.589 }, "geometry": { "type": "Point", "coordinates": [ 29.479488009265705, -17.589024909153924 ] } },
{ "type": "Feature", "properties": { "ID": 0, "NAME": "Rusvingo", "X_Coord": 29.4644, "Y_Coord": -17.6318 }, "geometry": { "type": "Point", "coordinates": [ 29.464400687793169, -17.631839150235553 ] } },
{ "type": "Feature", "properties": { "ID": 0, "NAME": "Mucheki", "X_Coord": 29.3803, "Y_Coord": -17.6416 }, "geometry": { "type": "Point", "coordinates": [ 29.380345287255821, -17.641594057477889 ] } },
{ "type": "Feature", "properties": { "ID": 0, "NAME": "Hwakwa", "X_Coord": 29.4645, "Y_Coord": -17.6503 }, "geometry": { "type": "Point", "coordinates": [ 29.464504540030319, -17.650345333113464 ] } },
{ "type": "Feature", "properties": { "ID": 0, "NAME": "Chamaware", "X_Coord": 29.4194, "Y_Coord": -17.6633 }, "geometry": { "type": "Point", "coordinates": [ 29.419449124721663, -17.663305433489533 ] } },
{ "type": "Feature", "properties": { "ID": 0, "NAME": "Chehamba", "X_Coord": 29.3672, "Y_Coord": -17.7314 }, "geometry": { "type": "Point", "coordinates": [ 29.367217031753057, -17.731442591294034 ] } },
{ "type": "Feature", "properties": { "ID": 0, "NAME": "Madzivaenzou", "X_Coord": 29.5114, "Y_Coord": -17.7322 }, "geometry": { "type": "Point", "coordinates": [ 29.511363312803098, -17.732182609781177 ] } },
{ "type": "Feature", "properties": { "ID": 0, "NAME": "Nyaunde", "X_Coord": 29.4094, "Y_Coord": -17.7544 }, "geometry": { "type": "Point", "coordinates": [ 29.409428330437791, -17.754377917390798 ] } },
{ "type": "Feature", "properties": { "ID": 0, "NAME": "Nyabango", "X_Coord": 29.4825, "Y_Coord": -17.8069 }, "geometry": { "type": "Point", "coordinates": [ 29.482461581581404, -17.806913290023392 ] } },
{ "type": "Feature", "properties": { "ID": 0, "NAME": "Temeira", "X_Coord": 29.4363, "Y_Coord": -17.8227 }, "geometry": { "type": "Point", "coordinates": [ 29.436252852809602, -17.822721646200783 ] } },
{ "type": "Feature", "properties": { "ID": 0, "NAME": "Nyamakare", "X_Coord": 29.374, "Y_Coord": -17.8176 }, "geometry": { "type": "Point", "coordinates": [ 29.373981145412078, -17.817619037338737 ] } },
{ "type": "Feature", "properties": { "ID": 0, "NAME": "St Jodokus", "X_Coord": 29.3456, "Y_Coord": -17.8413 }, "geometry": { "type": "Point", "coordinates": [ 29.345570163402073, -17.841287438753156 ] } },
{ "type": "Feature", "properties": { "ID": 0, "NAME": "St Charles", "X_Coord": 29.3229, "Y_Coord": -17.8713 }, "geometry": { "type": "Point", "coordinates": [ 29.32293854861615, -17.871294689618246 ] } },
{ "type": "Feature", "properties": { "ID": 0, "NAME": "Kasirisiri", "X_Coord": 29.3995, "Y_Coord": -17.8852 }, "geometry": { "type": "Point", "coordinates": [ 29.399494740223535, -17.885217371963499 ] } },
{ "type": "Feature", "properties": { "ID": 0, "NAME": "Moyomusante", "X_Coord": 29.4371, "Y_Coord": -17.8799 }, "geometry": { "type": "Point", "coordinates": [ 29.437063972394867, -17.879852227799425 ] } },
{ "type": "Feature", "properties": { "ID": 0, "NAME": "Makwechere", "X_Coord": 29.5051, "Y_Coord": -17.9108 }, "geometry": { "type": "Point", "coordinates": [ 29.505143731832444, -17.910838735140931 ] } },
{ "type": "Feature", "properties": { "ID": 0, "NAME": "Gambiza", "X_Coord": 29.4187, "Y_Coord": -17.9141 }, "geometry": { "type": "Point", "coordinates": [ 29.41874695050279, -17.914053589165881 ] } },
{ "type": "Feature", "properties": { "ID": 0, "NAME": "Neuso", "X_Coord": 29.3804, "Y_Coord": -17.944 }, "geometry": { "type": "Point", "coordinates": [ 29.380411867201467, -17.944040597009145 ] } },
{ "type": "Feature", "properties": { "ID": 0, "NAME": "Chirikiti", "X_Coord": 29.455, "Y_Coord": -17.9454 }, "geometry": { "type": "Point", "coordinates": [ 29.454985006108494, -17.945420069711478 ] } },
{ "type": "Feature", "properties": { "ID": 0, "NAME": "Dubugwani", "X_Coord": 29.5074, "Y_Coord": -17.9413 }, "geometry": { "type": "Point", "coordinates": [ 29.507383620237416, -17.941317470142135 ] } },
{ "type": "Feature", "properties": { "ID": 0, "NAME": "Sanyati Baptist", "X_Coord": 29.3146, "Y_Coord": -17.941 }, "geometry": { "type": "Point", "coordinates": [ 29.314590821497401, -17.940982754898073 ] } },
{ "type": "Feature", "properties": { "ID": 0, "NAME": "Wozhete", "X_Coord": 29.3052, "Y_Coord": -17.9238 }, "geometry": { "type": "Point", "coordinates": [ 29.305227142302865, -17.923848373587823 ] } },
{ "type": "Feature", "properties": { "ID": 0, "NAME": "Lozane", "X_Coord": 29.3368, "Y_Coord": -17.9728 }, "geometry": { "type": "Point", "coordinates": [ 29.336846293399795, -17.972754240748014 ] } },
{ "type": "Feature", "properties": { "ID": 0, "NAME": "Javachava", "X_Coord": 29.4415, "Y_Coord": -18.0134 }, "geometry": { "type": "Point", "coordinates": [ 29.441463818104808, -18.013443664147147 ] } },
{ "type": "Feature", "properties": { "ID": 0, "NAME": "Chengwe", "X_Coord": 29.3705, "Y_Coord": -18.0651 }, "geometry": { "type": "Point", "coordinates": [ 29.370523006985735, -18.065073668301043 ] } },
{ "type": "Feature", "properties": { "ID": 0, "NAME": "Jompani", "X_Coord": 29.5046, "Y_Coord": -18.0769 }, "geometry": { "type": "Point", "coordinates": [ 29.504642286237679, -18.076947617072332 ] } },
{ "type": "Feature", "properties": { "ID": 0, "NAME": "Chiguvare", "X_Coord": 29.2553, "Y_Coord": -17.9705 }, "geometry": { "type": "Point", "coordinates": [ 29.255304082781947, -17.970474793690848 ] } },
{ "type": "Feature", "properties": { "ID": 0, "NAME": "Musambanyama", "X_Coord": 29.2929, "Y_Coord": -18.0904 }, "geometry": { "type": "Point", "coordinates": [ 29.292920401731866, -18.090358048596496 ] } },
{ "type": "Feature", "properties": { "ID": 0, "NAME": "Chiedza", "X_Coord": 29.4442, "Y_Coord": -18.1146 }, "geometry": { "type": "Point", "coordinates": [ 29.444242595607061, -18.114644732081068 ] } },
{ "type": "Feature", "properties": { "ID": 0, "NAME": "Jarahwa", "X_Coord": 29.3037, "Y_Coord": -18.1578 }, "geometry": { "type": "Point", "coordinates": [ 29.303668075358878, -18.157816191767079 ] } },
{ "type": "Feature", "properties": { "ID": 0, "NAME": "Shingirirayi", "X_Coord": 29.3749, "Y_Coord": -18.1429 }, "geometry": { "type": "Point", "coordinates": [ 29.374899572499849, -18.142854376043189 ] } },
{ "type": "Feature", "properties": { "ID": 0, "NAME": "Boterekwa", "X_Coord": 29.4072, "Y_Coord": -18.2339 }, "geometry": { "type": "Point", "coordinates": [ 29.407211405113678, -18.233893204716445 ] } },
{ "type": "Feature", "properties": { "ID": 0, "NAME": "Nyamatani", "X_Coord": 29.5495, "Y_Coord": -18.1949 }, "geometry": { "type": "Point", "coordinates": [ 29.549487137576328, -18.194926930168862 ] } },
{ "type": "Feature", "properties": { "ID": 0, "NAME": "Mamvuramachena", "X_Coord": 29.6556, "Y_Coord": -18.0933 }, "geometry": { "type": "Point", "coordinates": [ 29.655615372230592, -18.093329476904692 ] } },
{ "type": "Feature", "properties": { "ID": 0, "NAME": "Patehway", "X_Coord": 29.8164, "Y_Coord": -18.1076 }, "geometry": { "type": "Point", "coordinates": [ 29.816431094576615, -18.107582462127279 ] } },
{ "type": "Feature", "properties": { "ID": 0, "NAME": "Golden Valley", "X_Coord": 29.8014, "Y_Coord": -18.2127 }, "geometry": { "type": "Point", "coordinates": [ 29.80142659303722, -18.212721373021672 ] } },
{ "type": "Feature", "properties": { "ID": 0, "NAME": "Alabama", "X_Coord": 29.8855, "Y_Coord": -18.1972 }, "geometry": { "type": "Point", "coordinates": [ 29.88551838998238, -18.197209437965476 ] } },
{ "type": "Feature", "properties": { "ID": 0, "NAME": "Dainy No2 Mine", "X_Coord": 29.8762, "Y_Coord": -18.0581 }, "geometry": { "type": "Point", "coordinates": [ 29.876206209120593, -18.058083074905522 ] } },
{ "type": "Feature", "properties": { "ID": 0, "NAME": "Chakari Gvt", "X_Coord": 29.8772, "Y_Coord": -18.0517 }, "geometry": { "type": "Point", "coordinates": [ 29.877191056510515, -18.051723175295592 ] } },
{ "type": "Feature", "properties": { "ID": 0, "NAME": "Dainy No1 Mine", "X_Coord": 29.8841, "Y_Coord": -18.0556 }, "geometry": { "type": "Point", "coordinates": [ 29.88410188422025, -18.055552738250142 ] } },
{ "type": "Feature", "properties": { "ID": 0, "NAME": "Handley Cross", "X_Coord": 29.8943, "Y_Coord": -18.0437 }, "geometry": { "type": "Point", "coordinates": [ 29.894342205017907, -18.04369549162168 ] } },
{ "type": "Feature", "properties": { "ID": 0, "NAME": "Muzvezve", "X_Coord": 29.6696, "Y_Coord": -18.443 }, "geometry": { "type": "Point", "coordinates": [ 29.669554361629704, -18.443034791679992 ] } },
{ "type": "Feature", "properties": { "ID": 0, "NAME": "Venice Tafara", "X_Coord": 29.7637, "Y_Coord": -18.5052 }, "geometry": { "type": "Point", "coordinates": [ 29.76366873635866, -18.505230454704922 ] } },
{ "type": "Feature", "properties": { "ID": 0, "NAME": "Brompton", "X_Coord": 29.8884, "Y_Coord": -18.5013 }, "geometry": { "type": "Point", "coordinates": [ 29.888362890421892, -18.501299495708931 ] } },
{ "type": "Feature", "properties": { "ID": 0, "NAME": "Mayflower", "X_Coord": 29.9487, "Y_Coord": -18.4268 }, "geometry": { "type": "Point", "coordinates": [ 29.948717455833325, -18.426773936554365 ] } },
{ "type": "Feature", "properties": { "ID": 0, "NAME": "Munyati", "X_Coord": 29.6525, "Y_Coord": -18.5772 }, "geometry": { "type": "Point", "coordinates": [ 29.65252822232252, -18.577204188634131 ] } },
{ "type": "Feature", "properties": { "ID": 0, "NAME": "Ngezi Barracks", "X_Coord": 29.8835, "Y_Coord": -18.6217 }, "geometry": { "type": "Point", "coordinates": [ 29.883549681227567, -18.621732659392652 ] } },
{ "type": "Feature", "properties": { "ID": 0, "NAME": "Donain", "X_Coord": 29.6219, "Y_Coord": -18.5269 }, "geometry": { "type": "Point", "coordinates": [ 29.621918772557436, -18.526871938936011 ] } },
{ "type": "Feature", "properties": { "ID": 0, "NAME": "Jondale", "X_Coord": 30.434, "Y_Coord": -18.5549 }, "geometry": { "type": "Point", "coordinates": [ 30.434035920472422, -18.554937689229156 ] } },
{ "type": "Feature", "properties": { "ID": 0, "NAME": "Bumbe", "X_Coord": 30.4187, "Y_Coord": -18.5929 }, "geometry": { "type": "Point", "coordinates": [ 30.418653436790066, -18.592915841741874 ] } },
{ "type": "Feature", "properties": { "ID": 0, "NAME": "St James Musena", "X_Coord": 30.4692, "Y_Coord": -18.5803 }, "geometry": { "type": "Point", "coordinates": [ 30.469163439610242, -18.580312772420367 ] } },
{ "type": "Feature", "properties": { "ID": 0, "NAME": "St Lucy Mukarati", "X_Coord": 30.485, "Y_Coord": -18.5462 }, "geometry": { "type": "Point", "coordinates": [ 30.48499040314676, -18.546235125444198 ] } },
{ "type": "Feature", "properties": { "ID": 0, "NAME": "St Raphaels Muzvezve", "X_Coord": 30.5755, "Y_Coord": -18.5569 }, "geometry": { "type": "Point", "coordinates": [ 30.575505449729391, -18.556950317014721 ] } },
{ "type": "Feature", "properties": { "ID": 0, "NAME": "Kaponda", "X_Coord": 30.6333, "Y_Coord": -18.5708 }, "geometry": { "type": "Point", "coordinates": [ 30.633278861105484, -18.570752111231219 ] } },
{ "type": "Feature", "properties": { "ID": 0, "NAME": "St Michaels", "X_Coord": 30.6813, "Y_Coord": -18.5709 }, "geometry": { "type": "Point", "coordinates": [ 30.681336041980906, -18.570870413553447 ] } },
{ "type": "Feature", "properties": { "ID": 0, "NAME": "Murambwa", "X_Coord": 30.7195, "Y_Coord": -18.5974 }, "geometry": { "type": "Point", "coordinates": [ 30.719488796208079, -18.597369735504884 ] } },
{ "type": "Feature", "properties": { "ID": 0, "NAME": "St Theresa Nehanda", "X_Coord": 30.6576, "Y_Coord": -18.6071 }, "geometry": { "type": "Point", "coordinates": [ 30.657560415670215, -18.607130095458732 ] } },
{ "type": "Feature", "properties": { "ID": 0, "NAME": "Chizinga", "X_Coord": 30.6812, "Y_Coord": -18.6253 }, "geometry": { "type": "Point", "coordinates": [ 30.681175034241161, -18.625274393004272 ] } },
{ "type": "Feature", "properties": { "ID": 0, "NAME": "St Oswalds Zimindo", "X_Coord": 30.6665, "Y_Coord": -18.6473 }, "geometry": { "type": "Point", "coordinates": [ 30.666479700254627, -18.64726473760026 ] } },
{ "type": "Feature", "properties": { "ID": 0, "NAME": "Chinove", "X_Coord": 30.599, "Y_Coord": -18.6115 }, "geometry": { "type": "Point", "coordinates": [ 30.599025812691973, -18.611454376476267 ] } },
{ "type": "Feature", "properties": { "ID": 0, "NAME": "Nyatsambo", "X_Coord": 30.5739, "Y_Coord": -18.6005 }, "geometry": { "type": "Point", "coordinates": [ 30.573905536214475, -18.60054464163504 ] } },
{ "type": "Feature", "properties": { "ID": 0, "NAME": "Manyewe", "X_Coord": 30.5189, "Y_Coord": -18.5974 }, "geometry": { "type": "Point", "coordinates": [ 30.518855221330117, -18.59735315393327 ] } },
{ "type": "Feature", "properties": { "ID": 0, "NAME": "St Cuthberts Gasanya", "X_Coord": 30.4865, "Y_Coord": -18.6392 }, "geometry": { "type": "Point", "coordinates": [ 30.486481697229976, -18.639215806808025 ] } },
{ "type": "Feature", "properties": { "ID": 0, "NAME": "St Pauls Benhure", "X_Coord": 30.5481, "Y_Coord": -18.6382 }, "geometry": { "type": "Point", "coordinates": [ 30.548101844497836, -18.63817151885404 ] } },
{ "type": "Feature", "properties": { "ID": 0, "NAME": "Muchemwa", "X_Coord": 30.5089, "Y_Coord": -18.6728 }, "geometry": { "type": "Point", "coordinates": [ 30.508945764411703, -18.672752159429081 ] } },
{ "type": "Feature", "properties": { "ID": 0, "NAME": "Denya", "X_Coord": 30.4754, "Y_Coord": -18.691 }, "geometry": { "type": "Point", "coordinates": [ 30.475441089676949, -18.690951535512777 ] } },
{ "type": "Feature", "properties": { "ID": 0, "NAME": "Mamina St James", "X_Coord": 30.6088, "Y_Coord": -18.6575 }, "geometry": { "type": "Point", "coordinates": [ 30.60879626836088, -18.657507572607425 ] } },
{ "type": "Feature", "properties": { "ID": 0, "NAME": "Chirozva", "X_Coord": 30.6607, "Y_Coord": -18.6916 }, "geometry": { "type": "Point", "coordinates": [ 30.660672643898764, -18.691616270802012 ] } },
{ "type": "Feature", "properties": { "ID": 0, "NAME": "Makwavarara", "X_Coord": 30.7553, "Y_Coord": -18.5617 }, "geometry": { "type": "Point", "coordinates": [ 30.755326758553998, -18.561688452559491 ] } },
{ "type": "Feature", "properties": { "ID": 0, "NAME": "Dondoshava", "X_Coord": 30.6029, "Y_Coord": -18.7023 }, "geometry": { "type": "Point", "coordinates": [ 30.602860764908225, -18.702284041421162 ] } },
{ "type": "Feature", "properties": { "ID": 0, "NAME": "St Mary's Gavhunga", "X_Coord": 30.5735, "Y_Coord": -18.7395 }, "geometry": { "type": "Point", "coordinates": [ 30.573479009956703, -18.739484780156449 ] } },
{ "type": "Feature", "properties": { "ID": 0, "NAME": "St Joseph's Mupereki", "X_Coord": 30.5331, "Y_Coord": -18.7175 }, "geometry": { "type": "Point", "coordinates": [ 30.533091195130446, -18.717479393030459 ] } },
{ "type": "Feature", "properties": { "ID": 0, "NAME": "St Claver Nyika", "X_Coord": 30.5169, "Y_Coord": -18.7035 }, "geometry": { "type": "Point", "coordinates": [ 30.516929747835665, -18.70352121240083 ] } },
{ "type": "Feature", "properties": { "ID": 0, "NAME": "Mandora", "X_Coord": 30.4826, "Y_Coord": -18.7143 }, "geometry": { "type": "Point", "coordinates": [ 30.482563072584973, -18.714267108326641 ] } },
{ "type": "Feature", "properties": { "ID": 0, "NAME": "Tafara", "X_Coord": 30.4697, "Y_Coord": -18.7829 }, "geometry": { "type": "Point", "coordinates": [ 30.46965331606614, -18.782867084994795 ] } },
{ "type": "Feature", "properties": { "ID": 0, "NAME": "Kuwirirana", "X_Coord": 30.4432, "Y_Coord": -18.8262 }, "geometry": { "type": "Point", "coordinates": [ 30.443238820063442, -18.826184551075784 ] } },
{ "type": "Feature", "properties": { "ID": 0, "NAME": "Batanai", "X_Coord": 30.4384, "Y_Coord": -18.8657 }, "geometry": { "type": "Point", "coordinates": [ 30.438405311607323, -18.865708743049794 ] } },
{ "type": "Feature", "properties": { "ID": 0, "NAME": "David's", "X_Coord": 30.3683, "Y_Coord": -18.7622 }, "geometry": { "type": "Point", "coordinates": [ 30.368324434394914, -18.76217751398292 ] } },
{ "type": "Feature", "properties": { "ID": 0, "NAME": "Wanganui", "X_Coord": 30.3059, "Y_Coord": -18.7234 }, "geometry": { "type": "Point", "coordinates": [ 30.305854488906071, -18.723369957822651 ] } },
{ "type": "Feature", "properties": { "ID": 0, "NAME": "Turf", "X_Coord": 30.326, "Y_Coord": -18.7122 }, "geometry": { "type": "Point", "coordinates": [ 30.325984156920242, -18.712234895431514 ] } },
{ "type": "Feature", "properties": { "ID": 0, "NAME": "Tangwena", "X_Coord": 30.2889, "Y_Coord": -18.6805 }, "geometry": { "type": "Point", "coordinates": [ 30.288924973869474, -18.680475472204559 ] } },
{ "type": "Feature", "properties": { "ID": 0, "NAME": "Nharire", "X_Coord": 29.7573, "Y_Coord": -17.9417 }, "geometry": { "type": "Point", "coordinates": [ 29.757315246262056, -17.941741308398896 ] } },
{ "type": "Feature", "properties": { "ID": 0, "NAME": "Chingondo", "X_Coord": 30.3504, "Y_Coord": -18.5085 }, "geometry": { "type": "Point", "coordinates": [ 30.350445165040224, -18.508517168478829 ] } },
{ "type": "Feature", "properties": { "ID": 0, "NAME": "Gudubu", "X_Coord": 30.0569, "Y_Coord": -16.9596 }, "geometry": { "type": "Point", "coordinates": [ 30.056905521289728, -16.959610179711497 ] } },
{ "type": "Feature", "properties": { "ID": 0, "NAME": "Tategura", "X_Coord": 30.0438, "Y_Coord": -16.9168 }, "geometry": { "type": "Point", "coordinates": [ 30.043796057515042, -16.916752520299241 ] } },
{ "type": "Feature", "properties": { "ID": 0, "NAME": "Mhangura Mine", "X_Coord": 30.1465, "Y_Coord": -16.9125 }, "geometry": { "type": "Point", "coordinates": [ 30.146477500240604, -16.912522725412924 ] } },
{ "type": "Feature", "properties": { "ID": 0, "NAME": "Mhangura Government", "X_Coord": 30.1515, "Y_Coord": -16.8709 }, "geometry": { "type": "Point", "coordinates": [ 30.15151563263111, -16.870918218162405 ] } },
{ "type": "Feature", "properties": { "ID": 0, "NAME": null, "X_Coord": 30.1903, "Y_Coord": -16.8952 }, "geometry": { "type": "Point", "coordinates": [ 30.19030133254671, -16.895234949862807 ] } },
{ "type": "Feature", "properties": { "ID": 0, "NAME": "Sikona", "X_Coord": 30.2735, "Y_Coord": -16.8766 }, "geometry": { "type": "Point", "coordinates": [ 30.273461234802895, -16.876566579921189 ] } },
{ "type": "Feature", "properties": { "ID": 0, "NAME": "Highbury", "X_Coord": 30.1239, "Y_Coord": -17.0441 }, "geometry": { "type": "Point", "coordinates": [ 30.123889599549667, -17.044078804655573 ] } },
{ "type": "Feature", "properties": { "ID": 0, "NAME": "Gombera", "X_Coord": 30.354, "Y_Coord": -16.9613 }, "geometry": { "type": "Point", "coordinates": [ 30.354031800450144, -16.96129575249379 ] } },
{ "type": "Feature", "properties": { "ID": 0, "NAME": "Chifundi", "X_Coord": 30.0945, "Y_Coord": -17.1373 }, "geometry": { "type": "Point", "coordinates": [ 30.094451804659759, -17.137272568828454 ] } },
{ "type": "Feature", "properties": { "ID": 0, "NAME": "Murereka", "X_Coord": 30.0198, "Y_Coord": -17.2735 }, "geometry": { "type": "Point", "coordinates": [ 30.019844424860864, -17.273536328596741 ] } },
{ "type": "Feature", "properties": { "ID": 0, "NAME": "Alaska", "X_Coord": 30.0487, "Y_Coord": -17.3697 }, "geometry": { "type": "Point", "coordinates": [ 30.048707032021348, -17.369716487303702 ] } },
{ "type": "Feature", "properties": { "ID": 0, "NAME": "Lomagundi", "X_Coord": 30.195, "Y_Coord": -17.3279 }, "geometry": { "type": "Point", "coordinates": [ 30.194996748897893, -17.327898453973646 ] } },
{ "type": "Feature", "properties": { "ID": 0, "NAME": "Shackleton", "X_Coord": 30.0998, "Y_Coord": -17.3765 }, "geometry": { "type": "Point", "coordinates": [ 30.09978783240312, -17.376495820413599 ] } },
{ "type": "Feature", "properties": { "ID": 0, "NAME": "Mapfungwe", "X_Coord": 29.7844, "Y_Coord": -17.6344 }, "geometry": { "type": "Point", "coordinates": [ 29.784369128310637, -17.6343937242255 ] } },
{ "type": "Feature", "properties": { "ID": 0, "NAME": "Zimbara", "X_Coord": 29.8906, "Y_Coord": -17.6815 }, "geometry": { "type": "Point", "coordinates": [ 29.890645232994569, -17.681496020443728 ] } },
{ "type": "Feature", "properties": { "ID": 0, "NAME": "Muchiriri", "X_Coord": 29.9504, "Y_Coord": -17.6029 }, "geometry": { "type": "Point", "coordinates": [ 29.950407450031562, -17.602925870113001 ] } },
{ "type": "Feature", "properties": { "ID": 0, "NAME": "Mburungwe", "X_Coord": 29.9997, "Y_Coord": -17.6185 }, "geometry": { "type": "Point", "coordinates": [ 29.999653094505955, -17.61847515612655 ] } },
{ "type": "Feature", "properties": { "ID": 0, "NAME": "Zurungove", "X_Coord": 30.048, "Y_Coord": -17.4746 }, "geometry": { "type": "Point", "coordinates": [ 30.048020500062425, -17.474582973469083 ] } },
{ "type": "Feature", "properties": { "ID": 0, "NAME": "Hombwe", "X_Coord": 29.8018, "Y_Coord": -17.6895 }, "geometry": { "type": "Point", "coordinates": [ 29.80181277561044, -17.689463965797184 ] } },
{ "type": "Feature", "properties": { "ID": 0, "NAME": "Marererwa", "X_Coord": 30.0409, "Y_Coord": -17.6834 }, "geometry": { "type": "Point", "coordinates": [ 30.040852815261282, -17.68343515299377 ] } },
{ "type": "Feature", "properties": { "ID": 0, "NAME": "Mainga", "X_Coord": 30.0451, "Y_Coord": -17.5652 }, "geometry": { "type": "Point", "coordinates": [ 30.04512330498644, -17.565176583917836 ] } },
{ "type": "Feature", "properties": { "ID": 0, "NAME": "Matoranjera", "X_Coord": 30.1394, "Y_Coord": -17.5702 }, "geometry": { "type": "Point", "coordinates": [ 30.139419356239539, -17.570201742014241 ] } },
{ "type": "Feature", "properties": { "ID": 0, "NAME": "Chitomborwizi", "X_Coord": 30.1991, "Y_Coord": -17.548 }, "geometry": { "type": "Point", "coordinates": [ 30.199115854671902, -17.548049584253075 ] } },
{ "type": "Feature", "properties": { "ID": 0, "NAME": "Nyamasanga", "X_Coord": 30.174, "Y_Coord": -17.5731 }, "geometry": { "type": "Point", "coordinates": [ 30.173997770948226, -17.573130424398911 ] } },
{ "type": "Feature", "properties": { "ID": 0, "NAME": "Rwenhombo", "X_Coord": 30.0531, "Y_Coord": -17.6052 }, "geometry": { "type": "Point", "coordinates": [ 30.053055568510967, -17.60523416583553 ] } },
{ "type": "Feature", "properties": { "ID": 0, "NAME": "Shupa", "X_Coord": 29.8358, "Y_Coord": -17.7368 }, "geometry": { "type": "Point", "coordinates": [ 29.835775256319256, -17.736779348050558 ] } },
{ "type": "Feature", "properties": { "ID": 0, "NAME": "Chipfuwamiti", "X_Coord": 29.8276, "Y_Coord": -17.7725 }, "geometry": { "type": "Point", "coordinates": [ 29.82759948539427, -17.772496934596795 ] } },
{ "type": "Feature", "properties": { "ID": 0, "NAME": "Mukowe Valley", "X_Coord": 29.8018, "Y_Coord": -17.839 }, "geometry": { "type": "Point", "coordinates": [ 29.801847609550801, -17.838958533531791 ] } },
{ "type": "Feature", "properties": { "ID": 0, "NAME": "Chakobora", "X_Coord": 29.9176, "Y_Coord": -17.7567 }, "geometry": { "type": "Point", "coordinates": [ 29.917628082716622, -17.756709554348486 ] } },
{ "type": "Feature", "properties": { "ID": 0, "NAME": "Two Tree Hill", "X_Coord": 29.9754, "Y_Coord": -17.0539 }, "geometry": { "type": "Point", "coordinates": [ 29.975398534790603, -17.053901929966255 ] } },
{ "type": "Feature", "properties": { "ID": 0, "NAME": "Doma", "X_Coord": 30.2432, "Y_Coord": -16.7524 }, "geometry": { "type": "Point", "coordinates": [ 30.243216416916333, -16.752355630458219 ] } },
{ "type": "Feature", "properties": { "ID": 0, "NAME": "Ramwechete", "X_Coord": 30.3909, "Y_Coord": -16.9365 }, "geometry": { "type": "Point", "coordinates": [ 30.390933323871192, -16.936541321682764 ] } },
{ "type": "Feature", "properties": { "ID": 0, "NAME": "Arda Sisi", "X_Coord": 30.4573, "Y_Coord": -16.9201 }, "geometry": { "type": "Point", "coordinates": [ 30.457333809966816, -16.920076864176622 ] } },
{ "type": "Feature", "properties": { "ID": 0, "NAME": "Rafingora", "X_Coord": 30.4536, "Y_Coord": -17.0366 }, "geometry": { "type": "Point", "coordinates": [ 30.45360434764504, -17.036558468688263 ] } },
{ "type": "Feature", "properties": { "ID": 0, "NAME": "Mission Vlei", "X_Coord": 30.4902, "Y_Coord": -17.0785 }, "geometry": { "type": "Point", "coordinates": [ 30.490236914102741, -17.078459276359062 ] } },
{ "type": "Feature", "properties": { "ID": 0, "NAME": "Katawa", "X_Coord": 30.4748, "Y_Coord": -17.113 }, "geometry": { "type": "Point", "coordinates": [ 30.474827591969337, -17.112970533819439 ] } },
{ "type": "Feature", "properties": { "ID": 0, "NAME": "Dalston", "X_Coord": 30.5374, "Y_Coord": -17.1158 }, "geometry": { "type": "Point", "coordinates": [ 30.53743081800917, -17.115830554536888 ] } },
{ "type": "Feature", "properties": { "ID": 0, "NAME": "Maplanka", "X_Coord": 30.6108, "Y_Coord": -17.1463 }, "geometry": { "type": "Point", "coordinates": [ 30.610845534781856, -17.146296272283777 ] } },
{ "type": "Feature", "properties": { "ID": 0, "NAME": "Muriel Mine", "X_Coord": 30.5994, "Y_Coord": -17.2223 }, "geometry": { "type": "Point", "coordinates": [ 30.599403226149985, -17.222285955757176 ] } },
{ "type": "Feature", "properties": { "ID": 0, "NAME": "Ndudza", "X_Coord": 30.4986, "Y_Coord": -17.2589 }, "geometry": { "type": "Point", "coordinates": [ 30.498578118396839, -17.258893029154684 ] } },
{ "type": "Feature", "properties": { "ID": 0, "NAME": "Crocodile", "X_Coord": 30.476, "Y_Coord": -17.305 }, "geometry": { "type": "Point", "coordinates": [ 30.475990351026237, -17.305026925431942 ] } },
{ "type": "Feature", "properties": { "ID": 0, "NAME": null, "X_Coord": 30.3253, "Y_Coord": -17.3033 }, "geometry": { "type": "Point", "coordinates": [ 30.325251774516207, -17.303313093377199 ] } },
{ "type": "Feature", "properties": { "ID": 0, "NAME": "Sutton", "X_Coord": 30.6065, "Y_Coord": -17.3638 }, "geometry": { "type": "Point", "coordinates": [ 30.606492466079803, -17.363803544631004 ] } },
{ "type": "Feature", "properties": { "ID": 0, "NAME": "Muquadzi", "X_Coord": 30.5113, "Y_Coord": -17.3447 }, "geometry": { "type": "Point", "coordinates": [ 30.511267995538294, -17.344722214670615 ] } },
{ "type": "Feature", "properties": { "ID": 0, "NAME": "Ramore", "X_Coord": 30.5785, "Y_Coord": -17.4125 }, "geometry": { "type": "Point", "coordinates": [ 30.578452938075493, -17.412542250467975 ] } },
{ "type": "Feature", "properties": { "ID": 0, "NAME": "Gwangwadza", "X_Coord": 30.4925, "Y_Coord": -17.4915 }, "geometry": { "type": "Point", "coordinates": [ 30.492481225284418, -17.491530792642646 ] } },
{ "type": "Feature", "properties": { "ID": 0, "NAME": "Trelawney", "X_Coord": 30.4593, "Y_Coord": -17.5393 }, "geometry": { "type": "Point", "coordinates": [ 30.459340144678063, -17.539333459044048 ] } },
{ "type": "Feature", "properties": { "ID": 0, "NAME": "Chiedza", "X_Coord": 30.4427, "Y_Coord": -17.5388 }, "geometry": { "type": "Point", "coordinates": [ 30.442668035117809, -17.538785136595497 ] } },
{ "type": "Feature", "properties": { "ID": 0, "NAME": "Stratford", "X_Coord": 30.414, "Y_Coord": -17.5853 }, "geometry": { "type": "Point", "coordinates": [ 30.413954255099572, -17.5852756933192 ] } },
{ "type": "Feature", "properties": { "ID": 0, "NAME": "Haydock", "X_Coord": 30.4011, "Y_Coord": -17.4232 }, "geometry": { "type": "Point", "coordinates": [ 30.401137926034476, -17.423205139126477 ] } },
{ "type": "Feature", "properties": { "ID": 0, "NAME": "Nidd Valley", "X_Coord": 30.2765, "Y_Coord": -17.5748 }, "geometry": { "type": "Point", "coordinates": [ 30.276511020028426, -17.574833350503184 ] } },
{ "type": "Feature", "properties": { "ID": 0, "NAME": "Mabvure", "X_Coord": 30.2502, "Y_Coord": -17.7722 }, "geometry": { "type": "Point", "coordinates": [ 30.250165700435218, -17.772164515115449 ] } },
{ "type": "Feature", "properties": { "ID": 0, "NAME": "Chikaka", "X_Coord": 30.2601, "Y_Coord": -17.7522 }, "geometry": { "type": "Point", "coordinates": [ 30.260089876220167, -17.752161659026907 ] } },
{ "type": "Feature", "properties": { "ID": 0, "NAME": "Katsvamutima", "X_Coord": 30.2523, "Y_Coord": -17.8584 }, "geometry": { "type": "Point", "coordinates": [ 30.252305879087633, -17.858371556517916 ] } },
{ "type": "Feature", "properties": { "ID": 0, "NAME": "Chikambi", "X_Coord": 30.3725, "Y_Coord": -17.8432 }, "geometry": { "type": "Point", "coordinates": [ 30.372466719713643, -17.843208995225655 ] } },
{ "type": "Feature", "properties": { "ID": 0, "NAME": "Masiyarwa", "X_Coord": 30.3426, "Y_Coord": -17.8099 }, "geometry": { "type": "Point", "coordinates": [ 30.34261556747332, -17.80992106249327 ] } },
{ "type": "Feature", "properties": { "ID": 0, "NAME": null, "X_Coord": 30.2981, "Y_Coord": -17.7857 }, "geometry": { "type": "Point", "coordinates": [ 30.298106941260151, -17.785724723545624 ] } },
{ "type": "Feature", "properties": { "ID": 0, "NAME": "Chomutamba", "X_Coord": 30.338, "Y_Coord": -17.7582 }, "geometry": { "type": "Point", "coordinates": [ 30.337996857915204, -17.758151516915277 ] } },
{ "type": "Feature", "properties": { "ID": 0, "NAME": "Mapumbu", "X_Coord": 30.321, "Y_Coord": -17.7344 }, "geometry": { "type": "Point", "coordinates": [ 30.321049428025816, -17.734441384443336 ] } },
{ "type": "Feature", "properties": { "ID": 0, "NAME": "Kutama Day", "X_Coord": 30.394, "Y_Coord": -17.8006 }, "geometry": { "type": "Point", "coordinates": [ 30.394023709271682, -17.800619827300309 ] } },
{ "type": "Feature", "properties": { "ID": 0, "NAME": "Lazenby", "X_Coord": 30.4183, "Y_Coord": -17.7686 }, "geometry": { "type": "Point", "coordinates": [ 30.418273195522211, -17.76863184965773 ] } },
{ "type": "Feature", "properties": { "ID": 0, "NAME": "Darwendale", "X_Coord": 30.5433, "Y_Coord": -17.7081 }, "geometry": { "type": "Point", "coordinates": [ 30.543325232054322, -17.708079766630039 ] } },
{ "type": "Feature", "properties": { "ID": 0, "NAME": "Maringove", "X_Coord": 30.5495, "Y_Coord": -17.6974 }, "geometry": { "type": "Point", "coordinates": [ 30.549480118356861, -17.697428107119364 ] } },
{ "type": "Feature", "properties": { "ID": 0, "NAME": "Manhondo", "X_Coord": 30.4799, "Y_Coord": -17.6467 }, "geometry": { "type": "Point", "coordinates": [ 30.479865367636052, -17.646672753785939 ] } },
{ "type": "Feature", "properties": { "ID": 0, "NAME": null, "X_Coord": 30.2606, "Y_Coord": -17.811 }, "geometry": { "type": "Point", "coordinates": [ 30.260605328252424, -17.811032310944803 ] } },
{ "type": "Feature", "properties": { "ID": 0, "NAME": "Mariga", "X_Coord": 30.3153, "Y_Coord": -17.8442 }, "geometry": { "type": "Point", "coordinates": [ 30.315297209667971, -17.84417854161482 ] } },
{ "type": "Feature", "properties": { "ID": 0, "NAME": "Garoyi", "X_Coord": 30.218, "Y_Coord": -17.6173 }, "geometry": { "type": "Point", "coordinates": [ 30.218001229051065, -17.617282030554829 ] } },
{ "type": "Feature", "properties": { "ID": 0, "NAME": "Nyamangara", "X_Coord": 30.2277, "Y_Coord": -17.6642 }, "geometry": { "type": "Point", "coordinates": [ 30.227737732120417, -17.664196677782009 ] } },
{ "type": "Feature", "properties": { "ID": 0, "NAME": null, "X_Coord": 30.2297, "Y_Coord": -17.6996 }, "geometry": { "type": "Point", "coordinates": [ 30.229680185894729, -17.699574095290682 ] } },
{ "type": "Feature", "properties": { "ID": 0, "NAME": "Madzorera", "X_Coord": 30.2341, "Y_Coord": -17.8379 }, "geometry": { "type": "Point", "coordinates": [ 30.234056184105121, -17.837885988907431 ] } },
{ "type": "Feature", "properties": { "ID": 0, "NAME": "Dzingwe", "X_Coord": 29.9404, "Y_Coord": -17.8074 }, "geometry": { "type": "Point", "coordinates": [ 29.940415523066907, -17.807389677557886 ] } },
{ "type": "Feature", "properties": { "ID": 0, "NAME": "Baramasimbe", "X_Coord": 29.9949, "Y_Coord": -17.7801 }, "geometry": { "type": "Point", "coordinates": [ 29.994936747847351, -17.780054721433938 ] } },
{ "type": "Feature", "properties": { "ID": 0, "NAME": "Dzikamidzi", "X_Coord": 30.0839, "Y_Coord": -17.8635 }, "geometry": { "type": "Point", "coordinates": [ 30.083855652651017, -17.863514744947622 ] } },
{ "type": "Feature", "properties": { "ID": 0, "NAME": "Zowa", "X_Coord": 30.0694, "Y_Coord": -17.8147 }, "geometry": { "type": "Point", "coordinates": [ 30.069360587743375, -17.814696960841403 ] } },
{ "type": "Feature", "properties": { "ID": 0, "NAME": null, "X_Coord": 30.1266, "Y_Coord": -17.7986 }, "geometry": { "type": "Point", "coordinates": [ 30.126572504674012, -17.798606632536227 ] } },
{ "type": "Feature", "properties": { "ID": 0, "NAME": "Mandevhani", "X_Coord": 30.041, "Y_Coord": -17.7299 }, "geometry": { "type": "Point", "coordinates": [ 30.041014934944574, -17.729926261019383 ] } },
{ "type": "Feature", "properties": { "ID": 0, "NAME": "Goredema", "X_Coord": 30.0794, "Y_Coord": -17.739 }, "geometry": { "type": "Point", "coordinates": [ 30.079440856711809, -17.739036758258777 ] } },
{ "type": "Feature", "properties": { "ID": 0, "NAME": "Kasanze", "X_Coord": 30.1654, "Y_Coord": -17.7942 }, "geometry": { "type": "Point", "coordinates": [ 30.165376605855293, -17.794203000482351 ] } },
{ "type": "Feature", "properties": { "ID": 0, "NAME": null, "X_Coord": 30.1859, "Y_Coord": -17.7632 }, "geometry": { "type": "Point", "coordinates": [ 30.185880261735448, -17.763201531532534 ] } },
{ "type": "Feature", "properties": { "ID": 0, "NAME": "Kawondera", "X_Coord": 30.1898, "Y_Coord": -17.7043 }, "geometry": { "type": "Point", "coordinates": [ 30.189788501213794, -17.704305645004734 ] } },
{ "type": "Feature", "properties": { "ID": 0, "NAME": "Mhandu", "X_Coord": 30.1264, "Y_Coord": -17.7359 }, "geometry": { "type": "Point", "coordinates": [ 30.126408163883763, -17.735873414300965 ] } },
{ "type": "Feature", "properties": { "ID": 0, "NAME": "Mururi", "X_Coord": 30.1658, "Y_Coord": -17.6314 }, "geometry": { "type": "Point", "coordinates": [ 30.165833155828452, -17.631413304915103 ] } },
{ "type": "Feature", "properties": { "ID": 0, "NAME": "St Barnabas", "X_Coord": 30.1111, "Y_Coord": -17.6304 }, "geometry": { "type": "Point", "coordinates": [ 30.111051047081617, -17.630438950759707 ] } },
{ "type": "Feature", "properties": { "ID": 0, "NAME": "Rwendombo", "X_Coord": 30.0651, "Y_Coord": -17.6351 }, "geometry": { "type": "Point", "coordinates": [ 30.06508718529123, -17.635090691807676 ] } },
{ "type": "Feature", "properties": { "ID": 0, "NAME": "Kanyemba", "X_Coord": 30.0538, "Y_Coord": -17.6478 }, "geometry": { "type": "Point", "coordinates": [ 30.053835521257842, -17.647816154379964 ] } },
{ "type": "Feature", "properties": { "ID": 0, "NAME": "Mareverwa", "X_Coord": 30.0408, "Y_Coord": -17.6836 }, "geometry": { "type": "Point", "coordinates": [ 30.040804578459699, -17.683600700117267 ] } },
{ "type": "Feature", "properties": { "ID": 0, "NAME": "Tafira", "X_Coord": 30.0939, "Y_Coord": -17.6653 }, "geometry": { "type": "Point", "coordinates": [ 30.093939403696002, -17.665281633856651 ] } },
{ "type": "Feature", "properties": { "ID": 0, "NAME": "Cardiff", "X_Coord": 30.6084, "Y_Coord": -17.7103 }, "geometry": { "type": "Point", "coordinates": [ 30.608358678107006, -17.710288491151001 ] } },
{ "type": "Feature", "properties": { "ID": 0, "NAME": "Lone Cow", "X_Coord": 30.6468, "Y_Coord": -17.1853 }, "geometry": { "type": "Point", "coordinates": [ 30.646806431913411, -17.185302855753516 ] } },
{ "type": "Feature", "properties": { "ID": 0, "NAME": "Mutorashanga", "X_Coord": 30.6629, "Y_Coord": -17.1528 }, "geometry": { "type": "Point", "coordinates": [ 30.662857795696002, -17.152848114642431 ] } },
{ "type": "Feature", "properties": { "ID": 0, "NAME": "Chrome H.Q.", "X_Coord": 30.6682, "Y_Coord": -17.1373 }, "geometry": { "type": "Point", "coordinates": [ 30.668151426256625, -17.137331243718439 ] } },
{ "type": "Feature", "properties": { "ID": 0, "NAME": "Great Dyke", "X_Coord": 30.6671, "Y_Coord": -17.1268 }, "geometry": { "type": "Point", "coordinates": [ 30.6671308994989, -17.126814068931939 ] } },
{ "type": "Feature", "properties": { "ID": 0, "NAME": "Vanad", "X_Coord": 30.7074, "Y_Coord": -17.0817 }, "geometry": { "type": "Point", "coordinates": [ 30.707368250026068, -17.081712893373833 ] } },
{ "type": "Feature", "properties": { "ID": 0, "NAME": "Urundi", "X_Coord": 30.237, "Y_Coord": -17.4958 }, "geometry": { "type": "Point", "coordinates": [ 30.236968197326778, -17.495760027448288 ] } },
{ "type": "Feature", "properties": { "ID": 0, "NAME": "Clydesdale", "X_Coord": 30.2284, "Y_Coord": -17.465 }, "geometry": { "type": "Point", "coordinates": [ 30.228431056805803, -17.465020887494955 ] } },
{ "type": "Feature", "properties": { "ID": 0, "NAME": "Mashongwe", "X_Coord": 29.5572, "Y_Coord": -16.4068 }, "geometry": { "type": "Point", "coordinates": [ 29.55718834378369, -16.406845652571171 ] } },
{ "type": "Feature", "properties": { "ID": 0, "NAME": "Huyo", "X_Coord": 29.4994, "Y_Coord": -16.3611 }, "geometry": { "type": "Point", "coordinates": [ 29.499373620247308, -16.361127338732164 ] } },
{ "type": "Feature", "properties": { "ID": 0, "NAME": "Nyamakate", "X_Coord": 29.4247, "Y_Coord": -16.3761 }, "geometry": { "type": "Point", "coordinates": [ 29.42471749505486, -16.376102327802336 ] } },
{ "type": "Feature", "properties": { "ID": 0, "NAME": "Chipango", "X_Coord": 29.4724, "Y_Coord": -16.5357 }, "geometry": { "type": "Point", "coordinates": [ 29.472376277084038, -16.535743081864752 ] } },
{ "type": "Feature", "properties": { "ID": 0, "NAME": "Vuti", "X_Coord": 29.4571, "Y_Coord": -16.4909 }, "geometry": { "type": "Point", "coordinates": [ 29.4571437291963, -16.49093138321129 ] } },
{ "type": "Feature", "properties": { "ID": 0, "NAME": "Mtoranhanga", "X_Coord": 29.5548, "Y_Coord": -16.6007 }, "geometry": { "type": "Point", "coordinates": [ 29.554760741910524, -16.600667392430168 ] } },
{ "type": "Feature", "properties": { "ID": 0, "NAME": "Hesketh", "X_Coord": 29.5447, "Y_Coord": -16.856 }, "geometry": { "type": "Point", "coordinates": [ 29.544697909043983, -16.855961263427734 ] } },
{ "type": "Feature", "properties": { "ID": 0, "NAME": "Lucky Crown", "X_Coord": 29.6026, "Y_Coord": -16.8296 }, "geometry": { "type": "Point", "coordinates": [ 29.602600647630265, -16.82963372025835 ] } },
{ "type": "Feature", "properties": { "ID": 0, "NAME": "Rydings", "X_Coord": 29.6236, "Y_Coord": -16.7861 }, "geometry": { "type": "Point", "coordinates": [ 29.623583121943142, -16.786051909203028 ] } },
{ "type": "Feature", "properties": { "ID": 0, "NAME": "Lancaster", "X_Coord": 29.6128, "Y_Coord": -16.9474 }, "geometry": { "type": "Point", "coordinates": [ 29.612761873771273, -16.947415807264566 ] } },
{ "type": "Feature", "properties": { "ID": 0, "NAME": "Mshowe", "X_Coord": 29.621, "Y_Coord": -17.1411 }, "geometry": { "type": "Point", "coordinates": [ 29.621030609084745, -17.141069327718736 ] } },
{ "type": "Feature", "properties": { "ID": 0, "NAME": "Mbezo", "X_Coord": 29.527, "Y_Coord": -17.2945 }, "geometry": { "type": "Point", "coordinates": [ 29.527035275131382, -17.294509056273675 ] } },
{ "type": "Feature", "properties": { "ID": 0, "NAME": "Sikati", "X_Coord": 29.8139, "Y_Coord": -17.0885 }, "geometry": { "type": "Point", "coordinates": [ 29.813896866282526, -17.088459402590452 ] } },
{ "type": "Feature", "properties": { "ID": 0, "NAME": "Pote", "X_Coord": 29.8238, "Y_Coord": -17.0707 }, "geometry": { "type": "Point", "coordinates": [ 29.823840629668204, -17.070748700928249 ] } },
{ "type": "Feature", "properties": { "ID": 0, "NAME": "Sungwi", "X_Coord": 29.8447, "Y_Coord": -17.0467 }, "geometry": { "type": "Point", "coordinates": [ 29.844667907445633, -17.046742130316524 ] } },
{ "type": "Feature", "properties": { "ID": 0, "NAME": "Kasimure", "X_Coord": 29.8782, "Y_Coord": -17.0254 }, "geometry": { "type": "Point", "coordinates": [ 29.878164472048674, -17.025404362939536 ] } },
{ "type": "Feature", "properties": { "ID": 0, "NAME": "Chikuti", "X_Coord": 29.9286, "Y_Coord": -17.0831 }, "geometry": { "type": "Point", "coordinates": [ 29.928584523488922, -17.083114072530126 ] } },
{ "type": "Feature", "properties": { "ID": 0, "NAME": "Nyamahapi", "X_Coord": 29.9268, "Y_Coord": -16.9464 }, "geometry": { "type": "Point", "coordinates": [ 29.926797530608638, -16.946370575422218 ] } },
{ "type": "Feature", "properties": { "ID": 0, "NAME": "Karoi Enterprise", "X_Coord": 29.7502, "Y_Coord": -16.8946 }, "geometry": { "type": "Point", "coordinates": [ 29.750192671743605, -16.894595214654348 ] } },
{ "type": "Feature", "properties": { "ID": 0, "NAME": "Mauya", "X_Coord": 29.8847, "Y_Coord": -16.8352 }, "geometry": { "type": "Point", "coordinates": [ 29.88473116369423, -16.835184500325649 ] } },
{ "type": "Feature", "properties": { "ID": 0, "NAME": "Nyangoma", "X_Coord": 29.957, "Y_Coord": -16.8417 }, "geometry": { "type": "Point", "coordinates": [ 29.956970032885881, -16.841738579349578 ] } },
{ "type": "Feature", "properties": { "ID": 0, "NAME": "Nyama", "X_Coord": 29.8343, "Y_Coord": -16.7227 }, "geometry": { "type": "Point", "coordinates": [ 29.834310993402823, -16.722690687706042 ] } },
{ "type": "Feature", "properties": { "ID": 0, "NAME": "Kachiva", "X_Coord": 29.8115, "Y_Coord": -16.6943 }, "geometry": { "type": "Point", "coordinates": [ 29.811519713591029, -16.694285177318022 ] } },
{ "type": "Feature", "properties": { "ID": 0, "NAME": "Mpofu", "X_Coord": 29.7668, "Y_Coord": -16.6252 }, "geometry": { "type": "Point", "coordinates": [ 29.766773073255081, -16.625162286526471 ] } },
{ "type": "Feature", "properties": { "ID": 0, "NAME": "Chitenje", "X_Coord": 29.8041, "Y_Coord": -16.6109 }, "geometry": { "type": "Point", "coordinates": [ 29.804055189980492, -16.610878226677546 ] } },
{ "type": "Feature", "properties": { "ID": 0, "NAME": "Dunga", "X_Coord": 29.7973, "Y_Coord": -16.5508 }, "geometry": { "type": "Point", "coordinates": [ 29.797323574234021, -16.550821500745304 ] } },
{ "type": "Feature", "properties": { "ID": 0, "NAME": "Masikoti", "X_Coord": 29.7776, "Y_Coord": -16.5313 }, "geometry": { "type": "Point", "coordinates": [ 29.777639846111807, -16.531324391653342 ] } },
{ "type": "Feature", "properties": { "ID": 0, "NAME": "Ketsanga", "X_Coord": 29.868, "Y_Coord": -16.5832 }, "geometry": { "type": "Point", "coordinates": [ 29.8679866729887, -16.583167591339162 ] } },
{ "type": "Feature", "properties": { "ID": 0, "NAME": "Chibara", "X_Coord": 29.9092, "Y_Coord": -16.5909 }, "geometry": { "type": "Point", "coordinates": [ 29.909155422752956, -16.590889682708738 ] } },
{ "type": "Feature", "properties": { "ID": 0, "NAME": "Kapiri", "X_Coord": 29.8719, "Y_Coord": -16.6443 }, "geometry": { "type": "Point", "coordinates": [ 29.87185043360245, -16.644323091105939 ] } },
{ "type": "Feature", "properties": { "ID": 0, "NAME": "Bakwa", "X_Coord": 29.9019, "Y_Coord": -16.6589 }, "geometry": { "type": "Point", "coordinates": [ 29.901851823996914, -16.658885908988335 ] } },
{ "type": "Feature", "properties": { "ID": 0, "NAME": "Kazangarare", "X_Coord": 29.8478, "Y_Coord": -16.5254 }, "geometry": { "type": "Point", "coordinates": [ 29.8478462208544, -16.52542583024 ] } },
{ "type": "Feature", "properties": { "ID": 0, "NAME": "Chikova", "X_Coord": 29.8524, "Y_Coord": -16.4941 }, "geometry": { "type": "Point", "coordinates": [ 29.852432789493825, -16.494055536014876 ] } },
{ "type": "Feature", "properties": { "ID": 0, "NAME": null, "X_Coord": 29.9503, "Y_Coord": -16.4722 }, "geometry": { "type": "Point", "coordinates": [ 29.950332141241589, -16.472192262218737 ] } },
{ "type": "Feature", "properties": { "ID": 0, "NAME": "Mwami", "X_Coord": 29.741, "Y_Coord": -16.6569 }, "geometry": { "type": "Point", "coordinates": [ 29.741020409753588, -16.656852795032954 ] } },
{ "type": "Feature", "properties": { "ID": 0, "NAME": "Dete", "X_Coord": 29.9662, "Y_Coord": -16.463 }, "geometry": { "type": "Point", "coordinates": [ 29.966198462663012, -16.463015229456975 ] } },
{ "type": "Feature", "properties": { "ID": 0, "NAME": "Karuru", "X_Coord": 29.6592, "Y_Coord": -16.4633 }, "geometry": { "type": "Point", "coordinates": [ 29.659199732788807, -16.463307336355754 ] } },
{ "type": "Feature", "properties": { "ID": 0, "NAME": "Churuchanuna", "X_Coord": 29.7121, "Y_Coord": -16.4585 }, "geometry": { "type": "Point", "coordinates": [ 29.712072288681078, -16.458477321670639 ] } },
{ "type": "Feature", "properties": { "ID": 0, "NAME": "Mahwau", "X_Coord": 29.692, "Y_Coord": -16.3789 }, "geometry": { "type": "Point", "coordinates": [ 29.691982399059874, -16.378898575205547 ] } },
{ "type": "Feature", "properties": { "ID": 0, "NAME": "Manyenyedzi", "X_Coord": 29.7501, "Y_Coord": -16.3814 }, "geometry": { "type": "Point", "coordinates": [ 29.750079948142744, -16.381388468967614 ] } },
{ "type": "Feature", "properties": { "ID": 0, "NAME": "Chatindiva", "X_Coord": 29.6176, "Y_Coord": -16.3689 }, "geometry": { "type": "Point", "coordinates": [ 29.617617347631274, -16.368948709063432 ] } },
{ "type": "Feature", "properties": { "ID": 0, "NAME": "Kabidza", "X_Coord": 29.6626, "Y_Coord": -16.3257 }, "geometry": { "type": "Point", "coordinates": [ 29.662582598061718, -16.32572786932656 ] } },
{ "type": "Feature", "properties": { "ID": 0, "NAME": null, "X_Coord": 29.6623, "Y_Coord": -16.3255 }, "geometry": { "type": "Point", "coordinates": [ 29.662293239579668, -16.325457139052439 ] } },
{ "type": "Feature", "properties": { "ID": 0, "NAME": "Kachekanje", "X_Coord": 29.1526, "Y_Coord": -16.7605 }, "geometry": { "type": "Point", "coordinates": [ 29.152564312047367, -16.760536368829491 ] } },
{ "type": "Feature", "properties": { "ID": 0, "NAME": "Masanga", "X_Coord": 29.2238, "Y_Coord": -16.7709 }, "geometry": { "type": "Point", "coordinates": [ 29.22379679664397, -16.77092834882167 ] } },
{ "type": "Feature", "properties": { "ID": 0, "NAME": "Nyaodza", "X_Coord": 29.2488, "Y_Coord": -16.7162 }, "geometry": { "type": "Point", "coordinates": [ 29.24884482322468, -16.716203258087436 ] } },
{ "type": "Feature", "properties": { "ID": 0, "NAME": "Chingurunguru", "X_Coord": 29.3121, "Y_Coord": -16.6623 }, "geometry": { "type": "Point", "coordinates": [ 29.312121387939566, -16.66229399561303 ] } },
{ "type": "Feature", "properties": { "ID": 0, "NAME": "Nyamupfukudza", "X_Coord": 29.3356, "Y_Coord": -16.7184 }, "geometry": { "type": "Point", "coordinates": [ 29.335609353493378, -16.718412609974052 ] } },
{ "type": "Feature", "properties": { "ID": 0, "NAME": "Chiwore", "X_Coord": 29.4202, "Y_Coord": -16.7353 }, "geometry": { "type": "Point", "coordinates": [ 29.420188500505649, -16.735273918908735 ] } },
{ "type": "Feature", "properties": { "ID": 0, "NAME": "Maumbe", "X_Coord": 29.4168, "Y_Coord": -16.7936 }, "geometry": { "type": "Point", "coordinates": [ 29.416847114892438, -16.793637539959594 ] } },
{ "type": "Feature", "properties": { "ID": 0, "NAME": "Garangwe", "X_Coord": 29.3641, "Y_Coord": -16.7887 }, "geometry": { "type": "Point", "coordinates": [ 29.364149927960106, -16.78872962270421 ] } },
{ "type": "Feature", "properties": { "ID": 0, "NAME": "Kahonde", "X_Coord": 29.3079, "Y_Coord": -16.809 }, "geometry": { "type": "Point", "coordinates": [ 29.307865780184414, -16.808949536886971 ] } },
{ "type": "Feature", "properties": { "ID": 0, "NAME": null, "X_Coord": 29.3526, "Y_Coord": -16.8278 }, "geometry": { "type": "Point", "coordinates": [ 29.352597232139995, -16.827834195361163 ] } },
{ "type": "Feature", "properties": { "ID": 0, "NAME": "Kabvunde", "X_Coord": 29.3824, "Y_Coord": -16.8534 }, "geometry": { "type": "Point", "coordinates": [ 29.38236657067338, -16.853449190031743 ] } },
{ "type": "Feature", "properties": { "ID": 0, "NAME": "Dombo", "X_Coord": 29.3991, "Y_Coord": -16.88 }, "geometry": { "type": "Point", "coordinates": [ 29.399128264178437, -16.879953390912501 ] } },
{ "type": "Feature", "properties": { "ID": 0, "NAME": "Magunje", "X_Coord": 29.4116, "Y_Coord": -16.8411 }, "geometry": { "type": "Point", "coordinates": [ 29.411648278610663, -16.841104715777231 ] } },
{ "type": "Feature", "properties": { "ID": 0, "NAME": "Charles Clarke", "X_Coord": 29.4119, "Y_Coord": -16.8472 }, "geometry": { "type": "Point", "coordinates": [ 29.41185099186503, -16.847237882589024 ] } },
{ "type": "Feature", "properties": { "ID": 0, "NAME": null, "X_Coord": 29.4479, "Y_Coord": -16.7974 }, "geometry": { "type": "Point", "coordinates": [ 29.447904425269552, -16.79742929384804 ] } },
{ "type": "Feature", "properties": { "ID": 0, "NAME": "Sadze", "X_Coord": 29.4966, "Y_Coord": -16.9418 }, "geometry": { "type": "Point", "coordinates": [ 29.496572036931969, -16.941766574391409 ] } },
{ "type": "Feature", "properties": { "ID": 0, "NAME": "Katenhe", "X_Coord": 29.4835, "Y_Coord": -16.908 }, "geometry": { "type": "Point", "coordinates": [ 29.483483709965466, -16.907995922738859 ] } },
{ "type": "Feature", "properties": { "ID": 0, "NAME": "Mahororo", "X_Coord": 29.3475, "Y_Coord": -16.8851 }, "geometry": { "type": "Point", "coordinates": [ 29.347449395956406, -16.88510339483625 ] } },
{ "type": "Feature", "properties": { "ID": 0, "NAME": "Kapare", "X_Coord": 29.4171, "Y_Coord": -16.9088 }, "geometry": { "type": "Point", "coordinates": [ 29.417119262521133, -16.908822618437643 ] } },
{ "type": "Feature", "properties": { "ID": 0, "NAME": "Chisape", "X_Coord": 29.449, "Y_Coord": -16.8807 }, "geometry": { "type": "Point", "coordinates": [ 29.449015990593889, -16.880690112096342 ] } },
{ "type": "Feature", "properties": { "ID": 0, "NAME": "Chiva", "X_Coord": 29.3597, "Y_Coord": -16.9442 }, "geometry": { "type": "Point", "coordinates": [ 29.359665834173523, -16.944211260364558 ] } },
{ "type": "Feature", "properties": { "ID": 0, "NAME": "Nyamutora", "X_Coord": 29.5032, "Y_Coord": -17.0086 }, "geometry": { "type": "Point", "coordinates": [ 29.503173443190661, -17.00855106277918 ] } },
{ "type": "Feature", "properties": { "ID": 0, "NAME": "Kweche", "X_Coord": 29.4441, "Y_Coord": -16.9736 }, "geometry": { "type": "Point", "coordinates": [ 29.444116837846632, -16.973623299291603 ] } },
{ "type": "Feature", "properties": { "ID": 0, "NAME": "Chedope", "X_Coord": 29.3926, "Y_Coord": -16.9874 }, "geometry": { "type": "Point", "coordinates": [ 29.392571118671231, -16.987444586245672 ] } },
{ "type": "Feature", "properties": { "ID": 0, "NAME": "Chidzimamoto", "X_Coord": 29.3625, "Y_Coord": -16.9755 }, "geometry": { "type": "Point", "coordinates": [ 29.362476759891894, -16.975492233313563 ] } },
{ "type": "Feature", "properties": { "ID": 0, "NAME": "Chitiki", "X_Coord": 29.2991, "Y_Coord": -17.0728 }, "geometry": { "type": "Point", "coordinates": [ 29.299118852657422, -17.072797392362855 ] } },
{ "type": "Feature", "properties": { "ID": 0, "NAME": "Jinga", "X_Coord": 29.3078, "Y_Coord": -17.1452 }, "geometry": { "type": "Point", "coordinates": [ 29.30779681607908, -17.145249323929587 ] } },
{ "type": "Feature", "properties": { "ID": 0, "NAME": "Mahwada", "X_Coord": 29.363, "Y_Coord": -17.1375 }, "geometry": { "type": "Point", "coordinates": [ 29.36298785288448, -17.137523632202122 ] } },
{ "type": "Feature", "properties": { "ID": 0, "NAME": "Njengenja", "X_Coord": 29.3673, "Y_Coord": -17.0876 }, "geometry": { "type": "Point", "coordinates": [ 29.367266810068294, -17.087577401489618 ] } },
{ "type": "Feature", "properties": { "ID": 0, "NAME": "Zvarai", "X_Coord": 29.4145, "Y_Coord": -17.1123 }, "geometry": { "type": "Point", "coordinates": [ 29.414539350949084, -17.112319951784091 ] } },
{ "type": "Feature", "properties": { "ID": 0, "NAME": "Kapfunde", "X_Coord": 29.4461, "Y_Coord": -17.0931 }, "geometry": { "type": "Point", "coordinates": [ 29.446063178701987, -17.093099009989682 ] } },
{ "type": "Feature", "properties": { "ID": 0, "NAME": "Dororowe", "X_Coord": 29.4626, "Y_Coord": -17.0343 }, "geometry": { "type": "Point", "coordinates": [ 29.462623150344228, -17.034269975715613 ] } },
{ "type": "Feature", "properties": { "ID": 0, "NAME": "Nyarumwe", "X_Coord": 29.4717, "Y_Coord": -17.0773 }, "geometry": { "type": "Point", "coordinates": [ 29.471715859672642, -17.077252035364147 ] } },
{ "type": "Feature", "properties": { "ID": 0, "NAME": null, "X_Coord": 29.5087, "Y_Coord": -17.0826 }, "geometry": { "type": "Point", "coordinates": [ 29.508689372639811, -17.082605988006904 ] } },
{ "type": "Feature", "properties": { "ID": 0, "NAME": "Gwiwa", "X_Coord": 29.5065, "Y_Coord": -17.127 }, "geometry": { "type": "Point", "coordinates": [ 29.506511699239386, -17.126965302289239 ] } },
{ "type": "Feature", "properties": { "ID": 0, "NAME": "tengwe", "X_Coord": 29.4696, "Y_Coord": -17.1283 }, "geometry": { "type": "Point", "coordinates": [ 29.469598100270979, -17.128312936569596 ] } },
{ "type": "Feature", "properties": { "ID": 0, "NAME": "Chiedza", "X_Coord": 29.079, "Y_Coord": -17.1146 }, "geometry": { "type": "Point", "coordinates": [ 29.0789642840179, -17.114552479755552 ] } },
{ "type": "Feature", "properties": { "ID": 0, "NAME": "Fuleche", "X_Coord": 29.1042, "Y_Coord": -17.1687 }, "geometry": { "type": "Point", "coordinates": [ 29.104174480393979, -17.168698641702782 ] } },
{ "type": "Feature", "properties": { "ID": 0, "NAME": "Mengembwa", "X_Coord": 29.2742, "Y_Coord": -17.0745 }, "geometry": { "type": "Point", "coordinates": [ 29.274224914316054, -17.074505878610143 ] } },
{ "type": "Feature", "properties": { "ID": 0, "NAME": "Chiro", "X_Coord": 29.1212, "Y_Coord": -17.0382 }, "geometry": { "type": "Point", "coordinates": [ 29.121244923038397, -17.03817537446908 ] } },
{ "type": "Feature", "properties": { "ID": 0, "NAME": null, "X_Coord": 29.1177, "Y_Coord": -17.0079 }, "geometry": { "type": "Point", "coordinates": [ 29.117696101868621, -17.0079183629711 ] } },
{ "type": "Feature", "properties": { "ID": 0, "NAME": "Denderedzi", "X_Coord": 29.1631, "Y_Coord": -16.9742 }, "geometry": { "type": "Point", "coordinates": [ 29.163106634614344, -16.974197256234316 ] } },
{ "type": "Feature", "properties": { "ID": 0, "NAME": "Matatu", "X_Coord": 29.2103, "Y_Coord": -16.9573 }, "geometry": { "type": "Point", "coordinates": [ 29.210268316535888, -16.957269719405353 ] } },
{ "type": "Feature", "properties": { "ID": 0, "NAME": "Kanyati", "X_Coord": 29.245, "Y_Coord": -16.9674 }, "geometry": { "type": "Point", "coordinates": [ 29.244951113379187, -16.967393481496519 ] } },
{ "type": "Feature", "properties": { "ID": 0, "NAME": "Zvimonja", "X_Coord": 29.2053, "Y_Coord": -17.0254 }, "geometry": { "type": "Point", "coordinates": [ 29.205318648811218, -17.025365018284056 ] } },
{ "type": "Feature", "properties": { "ID": 0, "NAME": "Magororo", "X_Coord": 28.9919, "Y_Coord": -17.1023 }, "geometry": { "type": "Point", "coordinates": [ 28.991880990743802, -17.102297381388297 ] } },
{ "type": "Feature", "properties": { "ID": 0, "NAME": "Sengwe", "X_Coord": 29.2138, "Y_Coord": -16.8987 }, "geometry": { "type": "Point", "coordinates": [ 29.213758373572279, -16.898735888987535 ] } },
{ "type": "Feature", "properties": { "ID": 0, "NAME": "Karambanzungu", "X_Coord": 29.2623, "Y_Coord": -16.8408 }, "geometry": { "type": "Point", "coordinates": [ 29.262332572705752, -16.840811185272756 ] } },
{ "type": "Feature", "properties": { "ID": 0, "NAME": "Nyamhunga", "X_Coord": 29.1647, "Y_Coord": -16.913 }, "geometry": { "type": "Point", "coordinates": [ 29.164730572107395, -16.912999354499792 ] } },
{ "type": "Feature", "properties": { "ID": 0, "NAME": "Murapa", "X_Coord": 29.1633, "Y_Coord": -16.8775 }, "geometry": { "type": "Point", "coordinates": [ 29.163263699246993, -16.877549133734448 ] } },
{ "type": "Feature", "properties": { "ID": 0, "NAME": null, "X_Coord": 29.1385, "Y_Coord": -17.1865 }, "geometry": { "type": "Point", "coordinates": [ 29.138461517533063, -17.186547026244167 ] } },
{ "type": "Feature", "properties": { "ID": 0, "NAME": null, "X_Coord": 29.2051, "Y_Coord": -17.2157 }, "geometry": { "type": "Point", "coordinates": [ 29.205096554886964, -17.215674668804365 ] } },
{ "type": "Feature", "properties": { "ID": 0, "NAME": null, "X_Coord": 29.2283, "Y_Coord": -17.2432 }, "geometry": { "type": "Point", "coordinates": [ 29.228336928976105, -17.243156685270698 ] } },
{ "type": "Feature", "properties": { "ID": 0, "NAME": null, "X_Coord": 29.3248, "Y_Coord": -17.2548 }, "geometry": { "type": "Point", "coordinates": [ 29.324777151024023, -17.254826049551081 ] } },
{ "type": "Feature", "properties": { "ID": 0, "NAME": null, "X_Coord": 29.3516, "Y_Coord": -17.2544 }, "geometry": { "type": "Point", "coordinates": [ 29.351565064227394, -17.254414755959083 ] } },
{ "type": "Feature", "properties": { "ID": 0, "NAME": null, "X_Coord": 29.3148, "Y_Coord": -17.2856 }, "geometry": { "type": "Point", "coordinates": [ 29.314827817157379, -17.285597387715558 ] } },
{ "type": "Feature", "properties": { "ID": 0, "NAME": null, "X_Coord": 29.3637, "Y_Coord": -17.3473 }, "geometry": { "type": "Point", "coordinates": [ 29.363721533315143, -17.347278791247515 ] } },
{ "type": "Feature", "properties": { "ID": 0, "NAME": null, "X_Coord": 29.3778, "Y_Coord": -17.2756 }, "geometry": { "type": "Point", "coordinates": [ 29.377769987094648, -17.275554376733737 ] } },
{ "type": "Feature", "properties": { "ID": 0, "NAME": null, "X_Coord": 29.3737, "Y_Coord": -17.2135 }, "geometry": { "type": "Point", "coordinates": [ 29.373739900112131, -17.213498067836799 ] } },
{ "type": "Feature", "properties": { "ID": 0, "NAME": null, "X_Coord": 29.4242, "Y_Coord": -17.1949 }, "geometry": { "type": "Point", "coordinates": [ 29.424216541088697, -17.194928067642756 ] } },
{ "type": "Feature", "properties": { "ID": 0, "NAME": null, "X_Coord": 29.3632, "Y_Coord": -17.3477 }, "geometry": { "type": "Point", "coordinates": [ 29.363219024451784, -17.347747820960482 ] } },
{ "type": "Feature", "properties": { "ID": 0, "NAME": "Magwizhu", "X_Coord": 29.0898, "Y_Coord": -16.8248 }, "geometry": { "type": "Point", "coordinates": [ 29.089823658941146, -16.824800379247083 ] } },
{ "type": "Feature", "properties": { "ID": 0, "NAME": "Nyadara", "X_Coord": 29.1275, "Y_Coord": -16.9274 }, "geometry": { "type": "Point", "coordinates": [ 29.127459722452045, -16.927359047680238 ] } },
{ "type": "Feature", "properties": { "ID": 0, "NAME": "Marshall Hartley", "X_Coord": 30.3323, "Y_Coord": -17.8765 }, "geometry": { "type": "Point", "coordinates": [ 30.332296912277656, -17.876477543108386 ] } },
{ "type": "Feature", "properties": { "ID": 0, "NAME": "Maritangwe", "X_Coord": 30.3137, "Y_Coord": -17.8865 }, "geometry": { "type": "Point", "coordinates": [ 30.313707809581452, -17.886503995397334 ] } },
{ "type": "Feature", "properties": { "ID": 0, "NAME": "Chirinhengo", "X_Coord": 30.2664, "Y_Coord": -17.8869 }, "geometry": { "type": "Point", "coordinates": [ 30.266358900062116, -17.886903417070439 ] } },
{ "type": "Feature", "properties": { "ID": 0, "NAME": "Dombwe", "X_Coord": 30.2867, "Y_Coord": -17.9307 }, "geometry": { "type": "Point", "coordinates": [ 30.286678356986748, -17.930689056635821 ] } },
{ "type": "Feature", "properties": { "ID": 0, "NAME": "Mawanda", "X_Coord": 30.3082, "Y_Coord": -17.9509 }, "geometry": { "type": "Point", "coordinates": [ 30.308242191947439, -17.950928880909039 ] } },
{ "type": "Feature", "properties": { "ID": 0, "NAME": "Msengezi", "X_Coord": 30.3537, "Y_Coord": -17.9487 }, "geometry": { "type": "Point", "coordinates": [ 30.353674196183835, -17.94871976229938 ] } },
{ "type": "Feature", "properties": { "ID": 0, "NAME": "Mkwasha", "X_Coord": 30.192, "Y_Coord": -17.8877 }, "geometry": { "type": "Point", "coordinates": [ 30.192036122062309, -17.887734207648027 ] } },
{ "type": "Feature", "properties": { "ID": 0, "NAME": "St Bernards", "X_Coord": 30.4299, "Y_Coord": -17.8573 }, "geometry": { "type": "Point", "coordinates": [ 30.429940794180414, -17.85731964149749 ] } },
{ "type": "Feature", "properties": { "ID": 0, "NAME": "Chevarozvi", "X_Coord": 30.0369, "Y_Coord": -17.8952 }, "geometry": { "type": "Point", "coordinates": [ 30.036885838822197, -17.895198763685272 ] } },
{ "type": "Feature", "properties": { "ID": 0, "NAME": "Chishayavhudzi", "X_Coord": 29.9357, "Y_Coord": -17.9496 }, "geometry": { "type": "Point", "coordinates": [ 29.93571204658566, -17.949606883105645 ] } },
{ "type": "Feature", "properties": { "ID": 0, "NAME": "Thistle", "X_Coord": 30.0273, "Y_Coord": -18.0274 }, "geometry": { "type": "Point", "coordinates": [ 30.027251115554758, -18.027425175238079 ] } },
{ "type": "Feature", "properties": { "ID": 0, "NAME": "Gadzema", "X_Coord": 30.1579, "Y_Coord": -18.0232 }, "geometry": { "type": "Point", "coordinates": [ 30.157865614605555, -18.023175733821581 ] } },
{ "type": "Feature", "properties": { "ID": 0, "NAME": "Tawstock", "X_Coord": 30.0507, "Y_Coord": -18.068 }, "geometry": { "type": "Point", "coordinates": [ 30.050721106496411, -18.067964281014689 ] } },
{ "type": "Feature", "properties": { "ID": 0, "NAME": "Ameva", "X_Coord": 30.0768, "Y_Coord": -18.0685 }, "geometry": { "type": "Point", "coordinates": [ 30.076781600542279, -18.068544423960628 ] } },
{ "type": "Feature", "properties": { "ID": 0, "NAME": "Maradadi", "X_Coord": 30.0559, "Y_Coord": -18.1048 }, "geometry": { "type": "Point", "coordinates": [ 30.05593270217852, -18.104827511705711 ] } },
{ "type": "Feature", "properties": { "ID": 0, "NAME": "Field Air Base", "X_Coord": 30.0421, "Y_Coord": -18.1439 }, "geometry": { "type": "Point", "coordinates": [ 30.042104967012285, -18.143917595282353 ] } },
{ "type": "Feature", "properties": { "ID": 0, "NAME": "Rogate", "X_Coord": 30.0939, "Y_Coord": -18.1534 }, "geometry": { "type": "Point", "coordinates": [ 30.093938457426749, -18.153404219712407 ] } },
{ "type": "Feature", "properties": { "ID": 0, "NAME": "Bosbury", "X_Coord": 30.0861, "Y_Coord": -18.166 }, "geometry": { "type": "Point", "coordinates": [ 30.086143529589631, -18.166028546790841 ] } },
{ "type": "Feature", "properties": { "ID": 0, "NAME": "Brydon", "X_Coord": 30.1663, "Y_Coord": -18.105 }, "geometry": { "type": "Point", "coordinates": [ 30.166300934357448, -18.105042988819612 ] } },
{ "type": "Feature", "properties": { "ID": 0, "NAME": "Wicklow", "X_Coord": 30.282, "Y_Coord": -18.0566 }, "geometry": { "type": "Point", "coordinates": [ 30.282030729804099, -18.056631616496137 ] } },
{ "type": "Feature", "properties": { "ID": 0, "NAME": "Binga Guru", "X_Coord": 30.2799, "Y_Coord": -18.1315 }, "geometry": { "type": "Point", "coordinates": [ 30.279880632546181, -18.131517999041737 ] } },
{ "type": "Feature", "properties": { "ID": 0, "NAME": "Martindale", "X_Coord": 30.4077, "Y_Coord": -18.0506 }, "geometry": { "type": "Point", "coordinates": [ 30.407678699517916, -18.05059484170911 ] } },
{ "type": "Feature", "properties": { "ID": 0, "NAME": "Saruwe", "X_Coord": 30.4502, "Y_Coord": -18.055 }, "geometry": { "type": "Point", "coordinates": [ 30.450193509623663, -18.05502975776065 ] } },
{ "type": "Feature", "properties": { "ID": 0, "NAME": "Elston", "X_Coord": 30.5391, "Y_Coord": -17.9456 }, "geometry": { "type": "Point", "coordinates": [ 30.53905825626105, -17.945591990007806 ] } },
{ "type": "Feature", "properties": { "ID": 0, "NAME": "Mutipitipi", "X_Coord": 30.585, "Y_Coord": -17.9058 }, "geometry": { "type": "Point", "coordinates": [ 30.58500605932371, -17.905849577482549 ] } },
{ "type": "Feature", "properties": { "ID": 0, "NAME": "Clifford", "X_Coord": 30.6205, "Y_Coord": -17.8815 }, "geometry": { "type": "Point", "coordinates": [ 30.620521911952224, -17.881504109086819 ] } },
{ "type": "Feature", "properties": { "ID": 0, "NAME": "Bryn", "X_Coord": 30.568, "Y_Coord": -17.9938 }, "geometry": { "type": "Point", "coordinates": [ 30.567952591290119, -17.993791100872432 ] } },
{ "type": "Feature", "properties": { "ID": 0, "NAME": "Shingwiri", "X_Coord": 30.5526, "Y_Coord": -18.0444 }, "geometry": { "type": "Point", "coordinates": [ 30.552578335837442, -18.044391825266761 ] } },
{ "type": "Feature", "properties": { "ID": 0, "NAME": "Kent", "X_Coord": 30.7189, "Y_Coord": -17.9925 }, "geometry": { "type": "Point", "coordinates": [ 30.718921488450388, -17.992471495733504 ] } },
{ "type": "Feature", "properties": { "ID": 0, "NAME": "Kawanzaruwa", "X_Coord": 30.7349, "Y_Coord": -17.9057 }, "geometry": { "type": "Point", "coordinates": [ 30.73494640933384, -17.905662349334168 ] } },
{ "type": "Feature", "properties": { "ID": 0, "NAME": "Maine", "X_Coord": 30.7742, "Y_Coord": -17.9699 }, "geometry": { "type": "Point", "coordinates": [ 30.77423060916669, -17.969919895904656 ] } },
{ "type": "Feature", "properties": { "ID": 0, "NAME": "Blandford", "X_Coord": 30.7914, "Y_Coord": -17.9877 }, "geometry": { "type": "Point", "coordinates": [ 30.791359618853253, -17.987685154231457 ] } },
{ "type": "Feature", "properties": { "ID": 0, "NAME": "Sherwood", "X_Coord": 30.7843, "Y_Coord": -18.0037 }, "geometry": { "type": "Point", "coordinates": [ 30.784305183405909, -18.003679945642503 ] } },
{ "type": "Feature", "properties": { "ID": 0, "NAME": "Chitemere", "X_Coord": 30.7734, "Y_Coord": -18.0623 }, "geometry": { "type": "Point", "coordinates": [ 30.77338822780899, -18.06232574406005 ] } },
{ "type": "Feature", "properties": { "ID": 0, "NAME": "Shirichena", "X_Coord": 30.7781, "Y_Coord": -18.0809 }, "geometry": { "type": "Point", "coordinates": [ 30.778062951752915, -18.080860458071445 ] } },
{ "type": "Feature", "properties": { "ID": 0, "NAME": "Sandringham", "X_Coord": 30.6592, "Y_Coord": -18.0847 }, "geometry": { "type": "Point", "coordinates": [ 30.659225311677325, -18.084707560106832 ] } },
{ "type": "Feature", "properties": { "ID": 0, "NAME": "Nyamweda", "X_Coord": 30.7437, "Y_Coord": -18.0982 }, "geometry": { "type": "Point", "coordinates": [ 30.743694673628411, -18.098217645469671 ] } },
{ "type": "Feature", "properties": { "ID": 0, "NAME": "Masawi", "X_Coord": 30.7483, "Y_Coord": -18.1344 }, "geometry": { "type": "Point", "coordinates": [ 30.748339871900498, -18.134407903610263 ] } },
{ "type": "Feature", "properties": { "ID": 0, "NAME": "Chikowore", "X_Coord": 30.702, "Y_Coord": -18.1392 }, "geometry": { "type": "Point", "coordinates": [ 30.7020391225998, -18.139197531670302 ] } },
{ "type": "Feature", "properties": { "ID": 0, "NAME": "Mutukwa", "X_Coord": 30.748, "Y_Coord": -18.1751 }, "geometry": { "type": "Point", "coordinates": [ 30.748044113316734, -18.175110832560573 ] } },
{ "type": "Feature", "properties": { "ID": 0, "NAME": "Chimatira", "X_Coord": 30.7034, "Y_Coord": -18.1829 }, "geometry": { "type": "Point", "coordinates": [ 30.703370345956824, -18.182889358263886 ] } },
{ "type": "Feature", "properties": { "ID": 0, "NAME": "Mavhudzi", "X_Coord": 30.6357, "Y_Coord": -18.1672 }, "geometry": { "type": "Point", "coordinates": [ 30.635669633068336, -18.167237855875854 ] } },
{ "type": "Feature", "properties": { "ID": 0, "NAME": "Chingwere", "X_Coord": 30.5628, "Y_Coord": -18.1417 }, "geometry": { "type": "Point", "coordinates": [ 30.562848980747415, -18.141737417804926 ] } },
{ "type": "Feature", "properties": { "ID": 0, "NAME": "Gonza", "X_Coord": 30.603, "Y_Coord": -18.1774 }, "geometry": { "type": "Point", "coordinates": [ 30.603003932119808, -18.177358860495499 ] } },
{ "type": "Feature", "properties": { "ID": 0, "NAME": "Makuvatsine", "X_Coord": 30.559, "Y_Coord": -18.1783 }, "geometry": { "type": "Point", "coordinates": [ 30.559022747308607, -18.178326367954035 ] } },
{ "type": "Feature", "properties": { "ID": 0, "NAME": "Mufuka", "X_Coord": 30.6828, "Y_Coord": -18.2192 }, "geometry": { "type": "Point", "coordinates": [ 30.682842738987194, -18.21924709431136 ] } },
{ "type": "Feature", "properties": { "ID": 0, "NAME": "Mutimusakwa", "X_Coord": 30.6228, "Y_Coord": -18.2081 }, "geometry": { "type": "Point", "coordinates": [ 30.622789000978429, -18.208099559854102 ] } },
{ "type": "Feature", "properties": { "ID": 0, "NAME": "St Savious", "X_Coord": 30.5945, "Y_Coord": -18.2151 }, "geometry": { "type": "Point", "coordinates": [ 30.594462817015287, -18.215050800258137 ] } },
{ "type": "Feature", "properties": { "ID": 0, "NAME": "Gobvu", "X_Coord": 30.64, "Y_Coord": -18.2407 }, "geometry": { "type": "Point", "coordinates": [ 30.640044681510524, -18.240743560264306 ] } },
{ "type": "Feature", "properties": { "ID": 0, "NAME": "St. Marks", "X_Coord": 30.4641, "Y_Coord": -18.2466 }, "geometry": { "type": "Point", "coordinates": [ 30.46406576594562, -18.246624114687467 ] } },
{ "type": "Feature", "properties": { "ID": 0, "NAME": "Chirundazi", "X_Coord": 30.4871, "Y_Coord": -18.2721 }, "geometry": { "type": "Point", "coordinates": [ 30.48708197932762, -18.272107210191002 ] } },
{ "type": "Feature", "properties": { "ID": 0, "NAME": "Chishoshe", "X_Coord": 30.5147, "Y_Coord": -18.2747 }, "geometry": { "type": "Point", "coordinates": [ 30.514733970067098, -18.274676138519048 ] } },
{ "type": "Feature", "properties": { "ID": 0, "NAME": "Chipashu", "X_Coord": 30.5675, "Y_Coord": -18.2838 }, "geometry": { "type": "Point", "coordinates": [ 30.567514222771809, -18.283750827165353 ] } },
{ "type": "Feature", "properties": { "ID": 0, "NAME": "Madzongwe", "X_Coord": 30.6649, "Y_Coord": -18.2735 }, "geometry": { "type": "Point", "coordinates": [ 30.664945159002208, -18.273466714755539 ] } },
{ "type": "Feature", "properties": { "ID": 0, "NAME": "Kawara", "X_Coord": 30.6432, "Y_Coord": -18.2914 }, "geometry": { "type": "Point", "coordinates": [ 30.643211948213953, -18.291351310841673 ] } },
{ "type": "Feature", "properties": { "ID": 0, "NAME": "Muzavazi", "X_Coord": 30.6833, "Y_Coord": -18.3078 }, "geometry": { "type": "Point", "coordinates": [ 30.683276287185258, -18.307760429617236 ] } },
{ "type": "Feature", "properties": { "ID": 0, "NAME": "Nyangweni", "X_Coord": 30.5957, "Y_Coord": -18.3228 }, "geometry": { "type": "Point", "coordinates": [ 30.595709560203062, -18.322799335200969 ] } },
{ "type": "Feature", "properties": { "ID": 0, "NAME": "Mashayamombe", "X_Coord": 30.5389, "Y_Coord": -18.3176 }, "geometry": { "type": "Point", "coordinates": [ 30.538930800116056, -18.317597831535796 ] } },
{ "type": "Feature", "properties": { "ID": 0, "NAME": "Zibowa", "X_Coord": 30.4961, "Y_Coord": -18.3374 }, "geometry": { "type": "Point", "coordinates": [ 30.496086244087408, -18.337352820529194 ] } },
{ "type": "Feature", "properties": { "ID": 0, "NAME": "Guvamombe", "X_Coord": 30.5624, "Y_Coord": -18.3588 }, "geometry": { "type": "Point", "coordinates": [ 30.562402845825545, -18.358772987781432 ] } },
{ "type": "Feature", "properties": { "ID": 0, "NAME": "Nyundo", "X_Coord": 30.6506, "Y_Coord": -18.3459 }, "geometry": { "type": "Point", "coordinates": [ 30.650617121240636, -18.345852379485795 ] } },
{ "type": "Feature", "properties": { "ID": 0, "NAME": "Mukono", "X_Coord": 30.7252, "Y_Coord": -18.3521 }, "geometry": { "type": "Point", "coordinates": [ 30.725183209293139, -18.352112319066819 ] } },
{ "type": "Feature", "properties": { "ID": 0, "NAME": "St Peters Musonza", "X_Coord": 30.6918, "Y_Coord": -18.3772 }, "geometry": { "type": "Point", "coordinates": [ 30.691824929827504, -18.377170017301761 ] } },
{ "type": "Feature", "properties": { "ID": 0, "NAME": "St. Boniface", "X_Coord": 30.6125, "Y_Coord": -18.3831 }, "geometry": { "type": "Point", "coordinates": [ 30.612514132054532, -18.383054620497472 ] } },
{ "type": "Feature", "properties": { "ID": 0, "NAME": "Kwari", "X_Coord": 30.6414, "Y_Coord": -18.4026 }, "geometry": { "type": "Point", "coordinates": [ 30.641436151937356, -18.402550777465784 ] } },
{ "type": "Feature", "properties": { "ID": 0, "NAME": "Gavaza", "X_Coord": 30.6059, "Y_Coord": -18.4202 }, "geometry": { "type": "Point", "coordinates": [ 30.605902772586656, -18.420164811099131 ] } },
{ "type": "Feature", "properties": { "ID": 0, "NAME": "Nyatsambo", "X_Coord": 30.536, "Y_Coord": -18.4053 }, "geometry": { "type": "Point", "coordinates": [ 30.536043883540781, -18.405350052794464 ] } },
{ "type": "Feature", "properties": { "ID": 0, "NAME": "Nyatsanga", "X_Coord": 30.4906, "Y_Coord": -18.4151 }, "geometry": { "type": "Point", "coordinates": [ 30.490586783670061, -18.415074984599524 ] } },
{ "type": "Feature", "properties": { "ID": 0, "NAME": "Marigumura", "X_Coord": 30.7472, "Y_Coord": -18.3937 }, "geometry": { "type": "Point", "coordinates": [ 30.747197940766732, -18.393681199144321 ] } },
{ "type": "Feature", "properties": { "ID": 0, "NAME": "Nyakandove", "X_Coord": 30.7577, "Y_Coord": -18.4158 }, "geometry": { "type": "Point", "coordinates": [ 30.757663481356438, -18.415778654528989 ] } },
{ "type": "Feature", "properties": { "ID": 0, "NAME": "Gora", "X_Coord": 30.7472, "Y_Coord": -18.4562 }, "geometry": { "type": "Point", "coordinates": [ 30.74722768761087, -18.456202721792735 ] } },
{ "type": "Feature", "properties": { "ID": 0, "NAME": "Matanha", "X_Coord": 30.6903, "Y_Coord": -18.4694 }, "geometry": { "type": "Point", "coordinates": [ 30.690253334002634, -18.469396290385891 ] } },
{ "type": "Feature", "properties": { "ID": 0, "NAME": "Makaure", "X_Coord": 30.6359, "Y_Coord": -18.4657 }, "geometry": { "type": "Point", "coordinates": [ 30.635853876364774, -18.465730302264273 ] } },
{ "type": "Feature", "properties": { "ID": 0, "NAME": "Rukuma", "X_Coord": 30.5982, "Y_Coord": -18.4712 }, "geometry": { "type": "Point", "coordinates": [ 30.598164292671651, -18.471244163417072 ] } },
{ "type": "Feature", "properties": { "ID": 0, "NAME": "Hungwe", "X_Coord": 30.5532, "Y_Coord": -18.4708 }, "geometry": { "type": "Point", "coordinates": [ 30.553245034779451, -18.470789091741718 ] } },
{ "type": "Feature", "properties": { "ID": 0, "NAME": "Nyamashesha", "X_Coord": 30.7378, "Y_Coord": -18.5305 }, "geometry": { "type": "Point", "coordinates": [ 30.737826126868324, -18.53050381784006 ] } },
{ "type": "Feature", "properties": { "ID": 0, "NAME": "Matarutse", "X_Coord": 30.6929, "Y_Coord": -18.5229 }, "geometry": { "type": "Point", "coordinates": [ 30.692861826703155, -18.522866642909655 ] } },
{ "type": "Feature", "properties": { "ID": 0, "NAME": "Chibikira", "X_Coord": 30.6423, "Y_Coord": -18.5021 }, "geometry": { "type": "Point", "coordinates": [ 30.64232450856397, -18.502127303572863 ] } },
{ "type": "Feature", "properties": { "ID": 0, "NAME": "Gurungwe", "X_Coord": 30.5354, "Y_Coord": -18.5081 }, "geometry": { "type": "Point", "coordinates": [ 30.535382502010897, -18.508112557806555 ] } },
{ "type": "Feature", "properties": { "ID": 0, "NAME": "Neuso", "X_Coord": 30.4793, "Y_Coord": -18.4768 }, "geometry": { "type": "Point", "coordinates": [ 30.479326519032284, -18.476829487668891 ] } },
{ "type": "Feature", "properties": { "ID": 0, "NAME": "Rutara", "X_Coord": 30.4411, "Y_Coord": -18.4242 }, "geometry": { "type": "Point", "coordinates": [ 30.4411197721418, -18.424222135891107 ] } },
{ "type": "Feature", "properties": { "ID": 0, "NAME": "Naemoor", "X_Coord": 30.3717, "Y_Coord": -18.2772 }, "geometry": { "type": "Point", "coordinates": [ 30.371661264822638, -18.277151198960386 ] } },
{ "type": "Feature", "properties": { "ID": 0, "NAME": "Tiverton", "X_Coord": 30.1462, "Y_Coord": -18.2917 }, "geometry": { "type": "Point", "coordinates": [ 30.146235815456919, -18.291725500915167 ] } },
{ "type": "Feature", "properties": { "ID": 0, "NAME": "Martin Spur", "X_Coord": 30.0271, "Y_Coord": -18.2002 }, "geometry": { "type": "Point", "coordinates": [ 30.027116432143117, -18.200242165510826 ] } },
{ "type": "Feature", "properties": { "ID": 0, "NAME": "Mutukwa", "X_Coord": 31.6237, "Y_Coord": -18.0213 }, "geometry": { "type": "Point", "coordinates": [ 31.623701043615739, -18.02130170147187 ] } },
{ "type": "Feature", "properties": { "ID": 0, "NAME": "Helm", "X_Coord": 31.556, "Y_Coord": -18.0696 }, "geometry": { "type": "Point", "coordinates": [ 31.556037300507146, -18.069621161849525 ] } },
{ "type": "Feature", "properties": { "ID": 0, "NAME": "Lowlands", "X_Coord": 31.7563, "Y_Coord": -18.1381 }, "geometry": { "type": "Point", "coordinates": [ 31.756306070253743, -18.138068442564009 ] } },
{ "type": "Feature", "properties": { "ID": 0, "NAME": "Lekker Water Estate", "X_Coord": 31.7153, "Y_Coord": -18.1152 }, "geometry": { "type": "Point", "coordinates": [ 31.715300765758151, -18.115212353339999 ] } },
{ "type": "Feature", "properties": { "ID": 0, "NAME": "Tafadzwa", "X_Coord": 31.7907, "Y_Coord": -18.2357 }, "geometry": { "type": "Point", "coordinates": [ 31.790726099687031, -18.235667994497454 ] } },
{ "type": "Feature", "properties": { "ID": 0, "NAME": "Dimbe", "X_Coord": 31.7321, "Y_Coord": -18.3087 }, "geometry": { "type": "Point", "coordinates": [ 31.732133093521043, -18.30872591965047 ] } },
{ "type": "Feature", "properties": { "ID": 0, "NAME": null, "X_Coord": 31.8058, "Y_Coord": -18.2731 }, "geometry": { "type": "Point", "coordinates": [ 31.805786729676385, -18.273109312534203 ] } },
{ "type": "Feature", "properties": { "ID": 0, "NAME": "Chinatsa", "X_Coord": 31.8113, "Y_Coord": -18.2885 }, "geometry": { "type": "Point", "coordinates": [ 31.811295272165673, -18.288478127484442 ] } },
{ "type": "Feature", "properties": { "ID": 0, "NAME": "Eldorado", "X_Coord": 31.8357, "Y_Coord": -18.3332 }, "geometry": { "type": "Point", "coordinates": [ 31.835667619070033, -18.333210434944693 ] } },
{ "type": "Feature", "properties": { "ID": 0, "NAME": "Muchakata", "X_Coord": 31.7922, "Y_Coord": -18.4257 }, "geometry": { "type": "Point", "coordinates": [ 31.79222914411713, -18.425662571833389 ] } },
{ "type": "Feature", "properties": { "ID": 0, "NAME": "Nowe", "X_Coord": 31.7425, "Y_Coord": -18.3563 }, "geometry": { "type": "Point", "coordinates": [ 31.742550514487913, -18.356267475298715 ] } },
{ "type": "Feature", "properties": { "ID": 0, "NAME": "Drihori", "X_Coord": 31.6814, "Y_Coord": -18.3574 }, "geometry": { "type": "Point", "coordinates": [ 31.681390189185677, -18.357422750294436 ] } },
{ "type": "Feature", "properties": { "ID": 0, "NAME": "Chipesa", "X_Coord": 31.6929, "Y_Coord": -18.4513 }, "geometry": { "type": "Point", "coordinates": [ 31.692885150084148, -18.451345126775184 ] } },
{ "type": "Feature", "properties": { "ID": 0, "NAME": "Igava", "X_Coord": 31.6378, "Y_Coord": -18.4822 }, "geometry": { "type": "Point", "coordinates": [ 31.637784118393736, -18.482152763496007 ] } },
{ "type": "Feature", "properties": { "ID": 0, "NAME": "Dimbiti", "X_Coord": 31.7639, "Y_Coord": -18.3796 }, "geometry": { "type": "Point", "coordinates": [ 31.763924471687602, -18.379570818467396 ] } },
{ "type": "Feature", "properties": { "ID": 0, "NAME": "Mupazviriho", "X_Coord": 31.6991, "Y_Coord": -18.4031 }, "geometry": { "type": "Point", "coordinates": [ 31.699147564001894, -18.403147968659365 ] } },
{ "type": "Feature", "properties": { "ID": 0, "NAME": "Neshamba", "X_Coord": 31.7155, "Y_Coord": -18.3842 }, "geometry": { "type": "Point", "coordinates": [ 31.715476498837965, -18.384238172923762 ] } },
{ "type": "Feature", "properties": { "ID": 0, "NAME": "Mushangwe", "X_Coord": 31.6155, "Y_Coord": -18.3986 }, "geometry": { "type": "Point", "coordinates": [ 31.615544003561773, -18.398637541443328 ] } },
{ "type": "Feature", "properties": { "ID": 0, "NAME": "Masikana", "X_Coord": 31.6489, "Y_Coord": -18.3231 }, "geometry": { "type": "Point", "coordinates": [ 31.648925684033212, -18.323054666064969 ] } },
{ "type": "Feature", "properties": { "ID": 0, "NAME": "Winimbi", "X_Coord": 31.6395, "Y_Coord": -18.2559 }, "geometry": { "type": "Point", "coordinates": [ 31.639523771229769, -18.25585168075575 ] } },
{ "type": "Feature", "properties": { "ID": 0, "NAME": "Kushinga", "X_Coord": 31.6573, "Y_Coord": -18.1451 }, "geometry": { "type": "Point", "coordinates": [ 31.657334599937364, -18.145070734212396 ] } },
{ "type": "Feature", "properties": { "ID": 0, "NAME": "Springvale", "X_Coord": 31.6251, "Y_Coord": -18.1766 }, "geometry": { "type": "Point", "coordinates": [ 31.625127938886756, -18.176574635903997 ] } },
{ "type": "Feature", "properties": { "ID": 0, "NAME": "Nyaguwe", "X_Coord": 31.582, "Y_Coord": -18.1557 }, "geometry": { "type": "Point", "coordinates": [ 31.581981902180381, -18.15565798769121 ] } },
{ "type": "Feature", "properties": { "ID": 0, "NAME": "Tapfuma", "X_Coord": 31.5534, "Y_Coord": -18.1712 }, "geometry": { "type": "Point", "coordinates": [ 31.553432335735085, -18.171218286927559 ] } },
{ "type": "Feature", "properties": { "ID": 0, "NAME": "Ruware", "X_Coord": 31.5541, "Y_Coord": -18.1855 }, "geometry": { "type": "Point", "coordinates": [ 31.554115293664879, -18.185517228224381 ] } },
{ "type": "Feature", "properties": { "ID": 0, "NAME": "R G Mugabe", "X_Coord": 31.5245, "Y_Coord": -18.2149 }, "geometry": { "type": "Point", "coordinates": [ 31.524458184270721, -18.214850856990513 ] } },
{ "type": "Feature", "properties": { "ID": 0, "NAME": "Marirangwe", "X_Coord": 31.5547, "Y_Coord": -18.2237 }, "geometry": { "type": "Point", "coordinates": [ 31.554725330908376, -18.223724899413615 ] } },
{ "type": "Feature", "properties": { "ID": 0, "NAME": "Ruzawi", "X_Coord": 31.5324, "Y_Coord": -18.2496 }, "geometry": { "type": "Point", "coordinates": [ 31.532428815798703, -18.249597006371104 ] } },
{ "type": "Feature", "properties": { "ID": 0, "NAME": "Grasslands", "X_Coord": 31.4837, "Y_Coord": -18.1778 }, "geometry": { "type": "Point", "coordinates": [ 31.483675353693254, -18.17780914033143 ] } },
{ "type": "Feature", "properties": { "ID": 0, "NAME": "Eagle Training", "X_Coord": 31.4525, "Y_Coord": -18.1426 }, "geometry": { "type": "Point", "coordinates": [ 31.452509653912927, -18.142638346289754 ] } },
{ "type": "Feature", "properties": { "ID": 0, "NAME": "Diggleford", "X_Coord": 31.4449, "Y_Coord": -18.1558 }, "geometry": { "type": "Point", "coordinates": [ 31.444872907756931, -18.155789787529507 ] } },
{ "type": "Feature", "properties": { "ID": 0, "NAME": "St Thom", "X_Coord": 31.4277, "Y_Coord": -18.2022 }, "geometry": { "type": "Point", "coordinates": [ 31.427748426982465, -18.202222941635654 ] } },
{ "type": "Feature", "properties": { "ID": 0, "NAME": "West", "X_Coord": 31.1478, "Y_Coord": -18.3738 }, "geometry": { "type": "Point", "coordinates": [ 31.147762875011928, -18.373798367166103 ] } },
{ "type": "Feature", "properties": { "ID": 0, "NAME": null, "X_Coord": 31.2392, "Y_Coord": -18.3882 }, "geometry": { "type": "Point", "coordinates": [ 31.239219859878009, -18.388232232976414 ] } },
{ "type": "Feature", "properties": { "ID": 0, "NAME": "Chakadini", "X_Coord": 31.2332, "Y_Coord": -18.3413 }, "geometry": { "type": "Point", "coordinates": [ 31.233224584247502, -18.34126285729775 ] } },
{ "type": "Feature", "properties": { "ID": 0, "NAME": "St David Nyandoro", "X_Coord": 31.1566, "Y_Coord": -18.3265 }, "geometry": { "type": "Point", "coordinates": [ 31.156638703359114, -18.326545693133056 ] } },
{ "type": "Feature", "properties": { "ID": 0, "NAME": "Mureverwi", "X_Coord": 31.315, "Y_Coord": -18.3089 }, "geometry": { "type": "Point", "coordinates": [ 31.314960280287785, -18.308876592895917 ] } },
{ "type": "Feature", "properties": { "ID": 0, "NAME": "Chitangazuva", "X_Coord": 31.3307, "Y_Coord": -18.2477 }, "geometry": { "type": "Point", "coordinates": [ 31.330701745115807, -18.247737447504253 ] } },
{ "type": "Feature", "properties": { "ID": 0, "NAME": "Border Church", "X_Coord": 31.3263, "Y_Coord": -18.2211 }, "geometry": { "type": "Point", "coordinates": [ 31.326323697679769, -18.221109999055834 ] } },
{ "type": "Feature", "properties": { "ID": 0, "NAME": "Marondera", "X_Coord": 31.2968, "Y_Coord": -18.1866 }, "geometry": { "type": "Point", "coordinates": [ 31.296767673869841, -18.186648313876724 ] } },
{ "type": "Feature", "properties": { "ID": 0, "NAME": "Ngundu", "X_Coord": 31.2406, "Y_Coord": -18.1615 }, "geometry": { "type": "Point", "coordinates": [ 31.240576313778174, -18.161545870647441 ] } },
{ "type": "Feature", "properties": { "ID": 0, "NAME": "Chizengeni", "X_Coord": 31.279, "Y_Coord": -18.2275 }, "geometry": { "type": "Point", "coordinates": [ 31.278955202204457, -18.227502571927296 ] } },
{ "type": "Feature", "properties": { "ID": 0, "NAME": "Chiwonana", "X_Coord": 31.1035, "Y_Coord": -18.3117 }, "geometry": { "type": "Point", "coordinates": [ 31.103488943705241, -18.311706998287836 ] } },
{ "type": "Feature", "properties": { "ID": 0, "NAME": "Nicholas", "X_Coord": 31.1697, "Y_Coord": -18.2958 }, "geometry": { "type": "Point", "coordinates": [ 31.169706398345745, -18.295772581448961 ] } },
{ "type": "Feature", "properties": { "ID": 0, "NAME": "Chitandara", "X_Coord": 31.2065, "Y_Coord": -18.176 }, "geometry": { "type": "Point", "coordinates": [ 31.20653173997232, -18.175969618908304 ] } },
{ "type": "Feature", "properties": { "ID": 0, "NAME": "St James Muzambi", "X_Coord": 31.2362, "Y_Coord": -18.2204 }, "geometry": { "type": "Point", "coordinates": [ 31.236212266452586, -18.220382175252141 ] } },
{ "type": "Feature", "properties": { "ID": 0, "NAME": "Chivake", "X_Coord": 31.187, "Y_Coord": -18.2198 }, "geometry": { "type": "Point", "coordinates": [ 31.186979590791207, -18.219764095695059 ] } },
{ "type": "Feature", "properties": { "ID": 0, "NAME": "Samuriwo", "X_Coord": 31.1533, "Y_Coord": -18.2832 }, "geometry": { "type": "Point", "coordinates": [ 31.153328301389891, -18.283229559920091 ] } },
{ "type": "Feature", "properties": { "ID": 0, "NAME": "Rupere", "X_Coord": 31.2171, "Y_Coord": -18.2634 }, "geometry": { "type": "Point", "coordinates": [ 31.217089150313484, -18.263409980767875 ] } },
{ "type": "Feature", "properties": { "ID": 0, "NAME": "Materera", "X_Coord": 31.1472, "Y_Coord": -18.2248 }, "geometry": { "type": "Point", "coordinates": [ 31.147156218723993, -18.224795943457536 ] } },
{ "type": "Feature", "properties": { "ID": 0, "NAME": "Chirenje", "X_Coord": 31.0436, "Y_Coord": -18.2869 }, "geometry": { "type": "Point", "coordinates": [ 31.04358818768258, -18.286939296350425 ] } },
{ "type": "Feature", "properties": { "ID": 0, "NAME": "Mudzimurema", "X_Coord": 31.0631, "Y_Coord": -18.2593 }, "geometry": { "type": "Point", "coordinates": [ 31.063145004366799, -18.259296929529221 ] } },
{ "type": "Feature", "properties": { "ID": 0, "NAME": "Jirira", "X_Coord": 31.0989, "Y_Coord": -18.2397 }, "geometry": { "type": "Point", "coordinates": [ 31.098871270718309, -18.239710893802535 ] } },
{ "type": "Feature", "properties": { "ID": 0, "NAME": "St Peters Gudza", "X_Coord": 31.1585, "Y_Coord": -18.168 }, "geometry": { "type": "Point", "coordinates": [ 31.158521021281942, -18.168002926308205 ] } },
{ "type": "Feature", "properties": { "ID": 0, "NAME": "Furamera", "X_Coord": 31.107, "Y_Coord": -18.1687 }, "geometry": { "type": "Point", "coordinates": [ 31.106976916241493, -18.168722002207936 ] } },
{ "type": "Feature", "properties": { "ID": 0, "NAME": "Mutero", "X_Coord": 31.0882, "Y_Coord": -18.2014 }, "geometry": { "type": "Point", "coordinates": [ 31.088207515619207, -18.201375827981007 ] } },
{ "type": "Feature", "properties": { "ID": 0, "NAME": "Chivizhe", "X_Coord": 31.1445, "Y_Coord": -18.2511 }, "geometry": { "type": "Point", "coordinates": [ 31.144512623659747, -18.251095083504591 ] } },
{ "type": "Feature", "properties": { "ID": 0, "NAME": "St Phillips Mbonje", "X_Coord": 31.1442, "Y_Coord": -18.1238 }, "geometry": { "type": "Point", "coordinates": [ 31.144175252133927, -18.123797257559534 ] } },
{ "type": "Feature", "properties": { "ID": 0, "NAME": "Waltondale", "X_Coord": 31.5019, "Y_Coord": -18.304 }, "geometry": { "type": "Point", "coordinates": [ 31.501931058720572, -18.303970597712546 ] } },
{ "type": "Feature", "properties": { "ID": 0, "NAME": "Karimba", "X_Coord": 31.4837, "Y_Coord": -18.3314 }, "geometry": { "type": "Point", "coordinates": [ 31.483719537951597, -18.331428330861119 ] } },
{ "type": "Feature", "properties": { "ID": 0, "NAME": "Thoydon", "X_Coord": 31.6899, "Y_Coord": -18.1738 }, "geometry": { "type": "Point", "coordinates": [ 31.689896032686104, -18.173841678908008 ] } },
{ "type": "Feature", "properties": { "ID": 0, "NAME": "Mhembere", "X_Coord": 31.569, "Y_Coord": -17.6322 }, "geometry": { "type": "Point", "coordinates": [ 31.56897856601433, -17.632190838268031 ] } },
{ "type": "Feature", "properties": { "ID": 0, "NAME": "Nyamutumbu", "X_Coord": 31.6264, "Y_Coord": -17.6214 }, "geometry": { "type": "Point", "coordinates": [ 31.626399472933063, -17.621440817943707 ] } },
{ "type": "Feature", "properties": { "ID": 0, "NAME": "Chikupo", "X_Coord": 31.5745, "Y_Coord": -17.5818 }, "geometry": { "type": "Point", "coordinates": [ 31.574521528052067, -17.581796896379284 ] } },
{ "type": "Feature", "properties": { "ID": 0, "NAME": "Chemhondoro", "X_Coord": 31.556, "Y_Coord": -17.6813 }, "geometry": { "type": "Point", "coordinates": [ 31.555979506904524, -17.68132486786946 ] } },
{ "type": "Feature", "properties": { "ID": 0, "NAME": "Shamu", "X_Coord": 31.6654, "Y_Coord": -17.6893 }, "geometry": { "type": "Point", "coordinates": [ 31.665434174946615, -17.689326523907056 ] } },
{ "type": "Feature", "properties": { "ID": 0, "NAME": "Gezi", "X_Coord": 31.6264, "Y_Coord": -17.7118 }, "geometry": { "type": "Point", "coordinates": [ 31.626448370231554, -17.711830888023105 ] } },
{ "type": "Feature", "properties": { "ID": 0, "NAME": "Beta", "X_Coord": 31.5644, "Y_Coord": -17.7342 }, "geometry": { "type": "Point", "coordinates": [ 31.56444012666697, -17.734237733781736 ] } },
{ "type": "Feature", "properties": { "ID": 0, "NAME": "Chanetsa", "X_Coord": 31.6862, "Y_Coord": -17.7488 }, "geometry": { "type": "Point", "coordinates": [ 31.686189360858787, -17.748760650414518 ] } },
{ "type": "Feature", "properties": { "ID": 0, "NAME": "Mapanga", "X_Coord": 31.7297, "Y_Coord": -17.7165 }, "geometry": { "type": "Point", "coordinates": [ 31.72973318958023, -17.716520434478568 ] } },
{ "type": "Feature", "properties": { "ID": 0, "NAME": "St Clares", "X_Coord": 31.7558, "Y_Coord": -17.6798 }, "geometry": { "type": "Point", "coordinates": [ 31.755809300830556, -17.679786292562909 ] } },
{ "type": "Feature", "properties": { "ID": 0, "NAME": "Mutowani", "X_Coord": 31.6993, "Y_Coord": -17.6307 }, "geometry": { "type": "Point", "coordinates": [ 31.699306376061617, -17.630706506686792 ] } },
{ "type": "Feature", "properties": { "ID": 0, "NAME": "Kambarami", "X_Coord": 31.7352, "Y_Coord": -17.6259 }, "geometry": { "type": "Point", "coordinates": [ 31.735167649259591, -17.625923964308214 ] } },
{ "type": "Feature", "properties": { "ID": 0, "NAME": "Chingono", "X_Coord": 31.592, "Y_Coord": -17.5485 }, "geometry": { "type": "Point", "coordinates": [ 31.592013738193309, -17.548487759708511 ] } },
{ "type": "Feature", "properties": { "ID": 0, "NAME": "Rupange", "X_Coord": 31.6685, "Y_Coord": -17.574 }, "geometry": { "type": "Point", "coordinates": [ 31.668490460916122, -17.574013554829371 ] } },
{ "type": "Feature", "properties": { "ID": 0, "NAME": "Chingwaru", "X_Coord": 31.6152, "Y_Coord": -17.4987 }, "geometry": { "type": "Point", "coordinates": [ 31.615244275548566, -17.498656991778315 ] } },
{ "type": "Feature", "properties": { "ID": 0, "NAME": "Nyamashato", "X_Coord": 31.6441, "Y_Coord": -17.4915 }, "geometry": { "type": "Point", "coordinates": [ 31.644088469636102, -17.491463799031866 ] } },
{ "type": "Feature", "properties": { "ID": 0, "NAME": "Dandara", "X_Coord": 31.6786, "Y_Coord": -17.5008 }, "geometry": { "type": "Point", "coordinates": [ 31.678597049211813, -17.500780529357367 ] } },
{ "type": "Feature", "properties": { "ID": 0, "NAME": "Matututu", "X_Coord": 31.7346, "Y_Coord": -17.4852 }, "geometry": { "type": "Point", "coordinates": [ 31.734649277133848, -17.485156836915557 ] } },
{ "type": "Feature", "properties": { "ID": 0, "NAME": "Muchinjike", "X_Coord": 31.7424, "Y_Coord": -17.5279 }, "geometry": { "type": "Point", "coordinates": [ 31.742364129236645, -17.527880268761969 ] } },
{ "type": "Feature", "properties": { "ID": 0, "NAME": "Zaranyika", "X_Coord": 31.7867, "Y_Coord": -17.5327 }, "geometry": { "type": "Point", "coordinates": [ 31.786723843053039, -17.532732974623769 ] } },
{ "type": "Feature", "properties": { "ID": 0, "NAME": "Bunhu", "X_Coord": 31.7757, "Y_Coord": -17.5063 }, "geometry": { "type": "Point", "coordinates": [ 31.775704840592255, -17.506266511391782 ] } },
{ "type": "Feature", "properties": { "ID": 0, "NAME": "Rukunguhwe", "X_Coord": 31.7997, "Y_Coord": -17.5735 }, "geometry": { "type": "Point", "coordinates": [ 31.799655639676391, -17.573464678877858 ] } },
{ "type": "Feature", "properties": { "ID": 0, "NAME": "Chitowa 3", "X_Coord": 31.8616, "Y_Coord": -17.4597 }, "geometry": { "type": "Point", "coordinates": [ 31.861631855591014, -17.459669384435426 ] } },
{ "type": "Feature", "properties": { "ID": 0, "NAME": "Nyagui", "X_Coord": 31.647, "Y_Coord": -17.4515 }, "geometry": { "type": "Point", "coordinates": [ 31.647039478143231, -17.451540688465251 ] } },
{ "type": "Feature", "properties": { "ID": 0, "NAME": "Guzha", "X_Coord": 31.6821, "Y_Coord": -17.4203 }, "geometry": { "type": "Point", "coordinates": [ 31.68212163805967, -17.420338936012154 ] } },
{ "type": "Feature", "properties": { "ID": 0, "NAME": "Chitowa 1", "X_Coord": 31.8738, "Y_Coord": -17.5295 }, "geometry": { "type": "Point", "coordinates": [ 31.873797481500333, -17.529496095300701 ] } },
{ "type": "Feature", "properties": { "ID": 0, "NAME": "Chitowa 2", "X_Coord": 31.8945, "Y_Coord": -17.5521 }, "geometry": { "type": "Point", "coordinates": [ 31.894481615404686, -17.552095525491492 ] } },
{ "type": "Feature", "properties": { "ID": 0, "NAME": "Zhombwe", "X_Coord": 31.8652, "Y_Coord": -17.6234 }, "geometry": { "type": "Point", "coordinates": [ 31.865227074283727, -17.623404015807854 ] } },
{ "type": "Feature", "properties": { "ID": 0, "NAME": "Magaya", "X_Coord": 31.8907, "Y_Coord": -17.6286 }, "geometry": { "type": "Point", "coordinates": [ 31.890669489274192, -17.628618135114206 ] } },
{ "type": "Feature", "properties": { "ID": 0, "NAME": "Murehwa", "X_Coord": 31.8093, "Y_Coord": -17.6505 }, "geometry": { "type": "Point", "coordinates": [ 31.809314412200884, -17.650480389637941 ] } },
{ "type": "Feature", "properties": { "ID": 0, "NAME": "Mazianike", "X_Coord": 31.8415, "Y_Coord": -17.6778 }, "geometry": { "type": "Point", "coordinates": [ 31.841549096857754, -17.677785428587182 ] } },
{ "type": "Feature", "properties": { "ID": 0, "NAME": "Chitate", "X_Coord": 31.8843, "Y_Coord": -17.6828 }, "geometry": { "type": "Point", "coordinates": [ 31.884298397864033, -17.682776504673143 ] } },
{ "type": "Feature", "properties": { "ID": 0, "NAME": "Wuyuwuyu", "X_Coord": 31.9794, "Y_Coord": -17.6571 }, "geometry": { "type": "Point", "coordinates": [ 31.979360859162895, -17.657133206023524 ] } },
{ "type": "Feature", "properties": { "ID": 0, "NAME": "Karumazondo", "X_Coord": 31.9822, "Y_Coord": -17.7206 }, "geometry": { "type": "Point", "coordinates": [ 31.982175356462772, -17.720621697077764 ] } },
{ "type": "Feature", "properties": { "ID": 0, "NAME": "Mutize", "X_Coord": 32.0119, "Y_Coord": -17.756 }, "geometry": { "type": "Point", "coordinates": [ 32.011855890620687, -17.755970564974469 ] } },
{ "type": "Feature", "properties": { "ID": 0, "NAME": "Chiguri", "X_Coord": 31.9331, "Y_Coord": -17.7462 }, "geometry": { "type": "Point", "coordinates": [ 31.933092737935645, -17.746234963371236 ] } },
{ "type": "Feature", "properties": { "ID": 0, "NAME": "Chipinda", "X_Coord": 31.9225, "Y_Coord": -17.7017 }, "geometry": { "type": "Point", "coordinates": [ 31.922478606240652, -17.701733575432936 ] } },
{ "type": "Feature", "properties": { "ID": 0, "NAME": "Maponongwe", "X_Coord": 31.8701, "Y_Coord": -17.7332 }, "geometry": { "type": "Point", "coordinates": [ 31.870118148833935, -17.733222779221162 ] } },
{ "type": "Feature", "properties": { "ID": 0, "NAME": "Dapandowe", "X_Coord": 31.891, "Y_Coord": -17.7747 }, "geometry": { "type": "Point", "coordinates": [ 31.891024642976628, -17.77467467680188 ] } },
{ "type": "Feature", "properties": { "ID": 0, "NAME": "Chamapango", "X_Coord": 31.8002, "Y_Coord": -17.7161 }, "geometry": { "type": "Point", "coordinates": [ 31.800199981835299, -17.716101904354929 ] } },
{ "type": "Feature", "properties": { "ID": 0, "NAME": "Nyahuni", "X_Coord": 31.7881, "Y_Coord": -17.7748 }, "geometry": { "type": "Point", "coordinates": [ 31.788096203718911, -17.774761511366385 ] } },
{ "type": "Feature", "properties": { "ID": 0, "NAME": "Jekwa", "X_Coord": 32.0605, "Y_Coord": -17.7462 }, "geometry": { "type": "Point", "coordinates": [ 32.060484478119619, -17.746187045565566 ] } },
{ "type": "Feature", "properties": { "ID": 0, "NAME": "Chinhenga", "X_Coord": 32.0473, "Y_Coord": -17.8018 }, "geometry": { "type": "Point", "coordinates": [ 32.047283343153737, -17.801808522661108 ] } },
{ "type": "Feature", "properties": { "ID": 0, "NAME": "Gumbanjera", "X_Coord": 31.9894, "Y_Coord": -17.8142 }, "geometry": { "type": "Point", "coordinates": [ 31.989352742888677, -17.814176215058733 ] } },
{ "type": "Feature", "properties": { "ID": 0, "NAME": "St Peters Matunhi", "X_Coord": 31.9646, "Y_Coord": -17.8294 }, "geometry": { "type": "Point", "coordinates": [ 31.964581305284437, -17.829412571526625 ] } },
{ "type": "Feature", "properties": { "ID": 0, "NAME": "Masunzwe", "X_Coord": 31.9153, "Y_Coord": -17.8085 }, "geometry": { "type": "Point", "coordinates": [ 31.915303570227138, -17.808540978782553 ] } },
{ "type": "Feature", "properties": { "ID": 0, "NAME": "Nyagadzi", "X_Coord": 32.12, "Y_Coord": -17.8262 }, "geometry": { "type": "Point", "coordinates": [ 32.120019603420879, -17.826179982827341 ] } },
{ "type": "Feature", "properties": { "ID": 0, "NAME": "River Valley", "X_Coord": 32.0375, "Y_Coord": -17.8989 }, "geometry": { "type": "Point", "coordinates": [ 32.037523043939643, -17.89889219965945 ] } },
{ "type": "Feature", "properties": { "ID": 0, "NAME": "Barry More", "X_Coord": 32.0078, "Y_Coord": -17.9179 }, "geometry": { "type": "Point", "coordinates": [ 32.007782444658638, -17.917934746802203 ] } },
{ "type": "Feature", "properties": { "ID": 0, "NAME": "Nhowe Mission", "X_Coord": 31.914, "Y_Coord": -17.8707 }, "geometry": { "type": "Point", "coordinates": [ 31.914034750656299, -17.870736548559346 ] } },
{ "type": "Feature", "properties": { "ID": 0, "NAME": "Water Loo", "X_Coord": 31.916, "Y_Coord": -17.8862 }, "geometry": { "type": "Point", "coordinates": [ 31.916042126263115, -17.886199671839101 ] } },
{ "type": "Feature", "properties": { "ID": 0, "NAME": "Fairview", "X_Coord": 31.8612, "Y_Coord": -17.905 }, "geometry": { "type": "Point", "coordinates": [ 31.86115395297794, -17.904998684232996 ] } },
{ "type": "Feature", "properties": { "ID": 0, "NAME": "Rufaro", "X_Coord": 31.9822, "Y_Coord": -18.0518 }, "geometry": { "type": "Point", "coordinates": [ 31.982232453630946, -18.05176738176349 ] } },
{ "type": "Feature", "properties": { "ID": 0, "NAME": "Macheke Govt", "X_Coord": 31.8468, "Y_Coord": -18.1475 }, "geometry": { "type": "Point", "coordinates": [ 31.84677055473216, -18.147519635784832 ] } },
{ "type": "Feature", "properties": { "ID": 0, "NAME": "Macheke", "X_Coord": 31.8427, "Y_Coord": -18.1364 }, "geometry": { "type": "Point", "coordinates": [ 31.842650514649307, -18.136374945583121 ] } },
{ "type": "Feature", "properties": { "ID": 0, "NAME": "St Columbus", "X_Coord": 31.7505, "Y_Coord": -18.01 }, "geometry": { "type": "Point", "coordinates": [ 31.750520151873431, -18.01003972719063 ] } },
{ "type": "Feature", "properties": { "ID": 0, "NAME": "Maruta St Andrew", "X_Coord": 31.7265, "Y_Coord": -17.9333 }, "geometry": { "type": "Point", "coordinates": [ 31.726549508613328, -17.933307920084498 ] } },
{ "type": "Feature", "properties": { "ID": 0, "NAME": "Chidiya", "X_Coord": 31.7031, "Y_Coord": -17.8922 }, "geometry": { "type": "Point", "coordinates": [ 31.703096571613706, -17.892182519795835 ] } },
{ "type": "Feature", "properties": { "ID": 0, "NAME": "Darangwa", "X_Coord": 31.7521, "Y_Coord": -17.8965 }, "geometry": { "type": "Point", "coordinates": [ 31.75213876712187, -17.89650769539168 ] } },
{ "type": "Feature", "properties": { "ID": 0, "NAME": "Gororo", "X_Coord": 31.6756, "Y_Coord": -17.916 }, "geometry": { "type": "Point", "coordinates": [ 31.675586353220837, -17.915951550965403 ] } },
{ "type": "Feature", "properties": { "ID": 0, "NAME": "St Phillip", "X_Coord": 31.631, "Y_Coord": -17.8786 }, "geometry": { "type": "Point", "coordinates": [ 31.630986631431956, -17.878594871630362 ] } },
{ "type": "Feature", "properties": { "ID": 0, "NAME": "Zengenene", "X_Coord": 31.6481, "Y_Coord": -17.8242 }, "geometry": { "type": "Point", "coordinates": [ 31.648136803945011, -17.824200393063428 ] } },
{ "type": "Feature", "properties": { "ID": 0, "NAME": "Zhakata", "X_Coord": 31.6983, "Y_Coord": -17.8117 }, "geometry": { "type": "Point", "coordinates": [ 31.698312398098068, -17.811733319448045 ] } },
{ "type": "Feature", "properties": { "ID": 0, "NAME": "Hokodzi", "X_Coord": 31.7436, "Y_Coord": -17.786 }, "geometry": { "type": "Point", "coordinates": [ 31.743606326378487, -17.785981368459691 ] } },
{ "type": "Feature", "properties": { "ID": 0, "NAME": "Pakati", "X_Coord": 31.6825, "Y_Coord": -17.7782 }, "geometry": { "type": "Point", "coordinates": [ 31.682452782506918, -17.778175205678227 ] } },
{ "type": "Feature", "properties": { "ID": 0, "NAME": "Rota", "X_Coord": 31.7587, "Y_Coord": -17.8224 }, "geometry": { "type": "Point", "coordinates": [ 31.758736310668557, -17.822441306584455 ] } },
{ "type": "Feature", "properties": { "ID": 0, "NAME": "Munamba", "X_Coord": 31.5708, "Y_Coord": -17.8861 }, "geometry": { "type": "Point", "coordinates": [ 31.570814058557474, -17.886148692564738 ] } },
{ "type": "Feature", "properties": { "ID": 0, "NAME": "Majonjo", "X_Coord": 31.5555, "Y_Coord": -17.821 }, "geometry": { "type": "Point", "coordinates": [ 31.555519998833724, -17.820973042062842 ] } },
{ "type": "Feature", "properties": { "ID": 0, "NAME": "Mabika", "X_Coord": 31.6055, "Y_Coord": -17.8049 }, "geometry": { "type": "Point", "coordinates": [ 31.605468192718611, -17.804908523507507 ] } },
{ "type": "Feature", "properties": { "ID": 0, "NAME": "St Pauls Musami", "X_Coord": 31.5967, "Y_Coord": -17.7648 }, "geometry": { "type": "Point", "coordinates": [ 31.596722403367878, -17.764758327885165 ] } },
{ "type": "Feature", "properties": { "ID": 0, "NAME": "Zorizozo", "X_Coord": 31.5758, "Y_Coord": -17.7601 }, "geometry": { "type": "Point", "coordinates": [ 31.575841221532286, -17.760079356297695 ] } },
{ "type": "Feature", "properties": { "ID": 0, "NAME": "St Michaels", "X_Coord": 31.2412, "Y_Coord": -18.0683 }, "geometry": { "type": "Point", "coordinates": [ 31.241197919502095, -18.068318204752053 ] } },
{ "type": "Feature", "properties": { "ID": 0, "NAME": "Bromley", "X_Coord": 31.3545, "Y_Coord": -18.071 }, "geometry": { "type": "Point", "coordinates": [ 31.354517919138214, -18.07101559053519 ] } },
{ "type": "Feature", "properties": { "ID": 0, "NAME": "Craig St. James", "X_Coord": 31.249, "Y_Coord": -17.7291 }, "geometry": { "type": "Point", "coordinates": [ 31.248982805112885, -17.729065309554663 ] } },
{ "type": "Feature", "properties": { "ID": 0, "NAME": "Chinyika", "X_Coord": 31.3593, "Y_Coord": -17.8382 }, "geometry": { "type": "Point", "coordinates": [ 31.35929979004851, -17.838206459886752 ] } },
{ "type": "Feature", "properties": { "ID": 0, "NAME": "Goromonzi", "X_Coord": 31.3534, "Y_Coord": -17.8652 }, "geometry": { "type": "Point", "coordinates": [ 31.353359223146605, -17.865249345843782 ] } },
{ "type": "Feature", "properties": { "ID": 0, "NAME": "Raymondale", "X_Coord": 31.205, "Y_Coord": -17.876 }, "geometry": { "type": "Point", "coordinates": [ 31.204950289962149, -17.876021114662272 ] } },
{ "type": "Feature", "properties": { "ID": 0, "NAME": "Chiremba", "X_Coord": 31.2343, "Y_Coord": -17.8916 }, "geometry": { "type": "Point", "coordinates": [ 31.23432954356641, -17.891587887207439 ] } },
{ "type": "Feature", "properties": { "ID": 0, "NAME": "Thorncroft", "X_Coord": 31.2643, "Y_Coord": -17.8952 }, "geometry": { "type": "Point", "coordinates": [ 31.264305811829647, -17.895217966788834 ] } },
{ "type": "Feature", "properties": { "ID": 0, "NAME": "Chiweshe", "X_Coord": 31.4192, "Y_Coord": -18.0009 }, "geometry": { "type": "Point", "coordinates": [ 31.419201400658434, -18.000897838516259 ] } },
{ "type": "Feature", "properties": { "ID": 0, "NAME": "Nehanda", "X_Coord": 31.3371, "Y_Coord": -18.0107 }, "geometry": { "type": "Point", "coordinates": [ 31.337108419340289, -18.010741154882762 ] } },
{ "type": "Feature", "properties": { "ID": 0, "NAME": "Hatidani", "X_Coord": 31.3379, "Y_Coord": -17.9431 }, "geometry": { "type": "Point", "coordinates": [ 31.337891765153227, -17.943102347653319 ] } },
{ "type": "Feature", "properties": { "ID": 0, "NAME": "Vincent", "X_Coord": 31.3139, "Y_Coord": -17.9143 }, "geometry": { "type": "Point", "coordinates": [ 31.313942630693344, -17.914294104553324 ] } },
{ "type": "Feature", "properties": { "ID": 0, "NAME": "Kuwadzana", "X_Coord": 31.423, "Y_Coord": -17.8912 }, "geometry": { "type": "Point", "coordinates": [ 31.423038278340965, -17.891179708635899 ] } },
{ "type": "Feature", "properties": { "ID": 0, "NAME": "Nyambanje", "X_Coord": 31.4822, "Y_Coord": -17.9141 }, "geometry": { "type": "Point", "coordinates": [ 31.482174968502495, -17.914105821772665 ] } },
{ "type": "Feature", "properties": { "ID": 0, "NAME": "Shangure", "X_Coord": 31.5209, "Y_Coord": -17.9111 }, "geometry": { "type": "Point", "coordinates": [ 31.520871257634592, -17.911073514812504 ] } },
{ "type": "Feature", "properties": { "ID": 0, "NAME": "St Dominics Nora", "X_Coord": 31.4923, "Y_Coord": -17.8516 }, "geometry": { "type": "Point", "coordinates": [ 31.492326807843341, -17.851554827796875 ] } },
{ "type": "Feature", "properties": { "ID": 0, "NAME": "Rusike", "X_Coord": 31.5108, "Y_Coord": -17.8814 }, "geometry": { "type": "Point", "coordinates": [ 31.510768540646961, -17.881393451703843 ] } },
{ "type": "Feature", "properties": { "ID": 0, "NAME": "Dudzu", "X_Coord": 31.5173, "Y_Coord": -17.8191 }, "geometry": { "type": "Point", "coordinates": [ 31.517300637543936, -17.81912021543932 ] } },
{ "type": "Feature", "properties": { "ID": 0, "NAME": "Mapfeni", "X_Coord": 31.3107, "Y_Coord": -17.8272 }, "geometry": { "type": "Point", "coordinates": [ 31.310679601333423, -17.827156947371524 ] } },
{ "type": "Feature", "properties": { "ID": 0, "NAME": "St Dominics Chishawa", "X_Coord": 31.2292, "Y_Coord": -17.7928 }, "geometry": { "type": "Point", "coordinates": [ 31.229208113914751, -17.792788900416639 ] } },
{ "type": "Feature", "properties": { "ID": 0, "NAME": "St Peter Claver", "X_Coord": 31.2235, "Y_Coord": -17.7738 }, "geometry": { "type": "Point", "coordinates": [ 31.223546407218645, -17.773782982623427 ] } },
{ "type": "Feature", "properties": { "ID": 0, "NAME": "Remori", "X_Coord": 31.3168, "Y_Coord": -17.7363 }, "geometry": { "type": "Point", "coordinates": [ 31.316806062762375, -17.736344038845058 ] } },
{ "type": "Feature", "properties": { "ID": 0, "NAME": "St John's", "X_Coord": 31.4309, "Y_Coord": -17.7636 }, "geometry": { "type": "Point", "coordinates": [ 31.430938427843071, -17.763605800911179 ] } },
{ "type": "Feature", "properties": { "ID": 0, "NAME": "Mwanza", "X_Coord": 31.4763, "Y_Coord": -17.7577 }, "geometry": { "type": "Point", "coordinates": [ 31.476251192208142, -17.757700335852903 ] } },
{ "type": "Feature", "properties": { "ID": 0, "NAME": "John Reimer", "X_Coord": 31.377, "Y_Coord": -17.7337 }, "geometry": { "type": "Point", "coordinates": [ 31.376980145488176, -17.733713842566488 ] } },
{ "type": "Feature", "properties": { "ID": 0, "NAME": "Kubatsirana", "X_Coord": 31.3694, "Y_Coord": -17.788 }, "geometry": { "type": "Point", "coordinates": [ 31.369411200632694, -17.787963734857325 ] } },
{ "type": "Feature", "properties": { "ID": 0, "NAME": "Musirikwi", "X_Coord": 31.3366, "Y_Coord": -17.7817 }, "geometry": { "type": "Point", "coordinates": [ 31.336603751229763, -17.781697857792818 ] } },
{ "type": "Feature", "properties": { "ID": 0, "NAME": "Arcturus", "X_Coord": 31.2875, "Y_Coord": -17.7557 }, "geometry": { "type": "Point", "coordinates": [ 31.287492816672273, -17.755654986060541 ] } },
{ "type": "Feature", "properties": { "ID": 0, "NAME": "St Johns", "X_Coord": 31.4766, "Y_Coord": -17.7226 }, "geometry": { "type": "Point", "coordinates": [ 31.476616062168652, -17.722614768209699 ] } },
{ "type": "Feature", "properties": { "ID": 0, "NAME": "Chemhondoro", "X_Coord": 31.4817, "Y_Coord": -17.7116 }, "geometry": { "type": "Point", "coordinates": [ 31.481736637628188, -17.711562498701241 ] } },
{ "type": "Feature", "properties": { "ID": 0, "NAME": "Gosha", "X_Coord": 31.4875, "Y_Coord": -17.6782 }, "geometry": { "type": "Point", "coordinates": [ 31.487470918060531, -17.678240243646666 ] } },
{ "type": "Feature", "properties": { "ID": 0, "NAME": "Mukombami", "X_Coord": 31.5191, "Y_Coord": -17.6437 }, "geometry": { "type": "Point", "coordinates": [ 31.51912498734649, -17.643692377223321 ] } },
{ "type": "Feature", "properties": { "ID": 0, "NAME": "Chipangura", "X_Coord": 31.5266, "Y_Coord": -17.5296 }, "geometry": { "type": "Point", "coordinates": [ 31.526575502289177, -17.529630223566642 ] } },
{ "type": "Feature", "properties": { "ID": 0, "NAME": "Inyaguvi", "X_Coord": 31.5815, "Y_Coord": -17.477 }, "geometry": { "type": "Point", "coordinates": [ 31.581482875176572, -17.477013739325088 ] } },
{ "type": "Feature", "properties": { "ID": 0, "NAME": "Udebwe St Francis", "X_Coord": 31.5617, "Y_Coord": -17.5169 }, "geometry": { "type": "Point", "coordinates": [ 31.561723207619973, -17.516887452956677 ] } },
{ "type": "Feature", "properties": { "ID": 0, "NAME": "Mavhudzi", "X_Coord": 31.4903, "Y_Coord": -17.5531 }, "geometry": { "type": "Point", "coordinates": [ 31.490334374162998, -17.55308138480601 ] } },
{ "type": "Feature", "properties": { "ID": 0, "NAME": "Chighau St Aloysius", "X_Coord": 31.5484, "Y_Coord": -17.5687 }, "geometry": { "type": "Point", "coordinates": [ 31.548356667292683, -17.568658996065011 ] } },
{ "type": "Feature", "properties": { "ID": 0, "NAME": "St Judes", "X_Coord": 31.5175, "Y_Coord": -17.6028 }, "geometry": { "type": "Point", "coordinates": [ 31.517503841476277, -17.602846553801108 ] } },
{ "type": "Feature", "properties": { "ID": 0, "NAME": "Kudyamadare", "X_Coord": 31.4768, "Y_Coord": -17.6005 }, "geometry": { "type": "Point", "coordinates": [ 31.476753668988739, -17.600453609373712 ] } },
{ "type": "Feature", "properties": { "ID": 0, "NAME": "Maturi Dehwe", "X_Coord": 31.4408, "Y_Coord": -17.629 }, "geometry": { "type": "Point", "coordinates": [ 31.440820158818212, -17.628951178229695 ] } },
{ "type": "Feature", "properties": { "ID": 0, "NAME": "Ivordale", "X_Coord": 31.4023, "Y_Coord": -17.6673 }, "geometry": { "type": "Point", "coordinates": [ 31.402288159900646, -17.667307161843041 ] } },
{ "type": "Feature", "properties": { "ID": 0, "NAME": "Beaula", "X_Coord": 31.2829, "Y_Coord": -17.7201 }, "geometry": { "type": "Point", "coordinates": [ 31.282936521554834, -17.720057869601561 ] } },
{ "type": "Feature", "properties": { "ID": 0, "NAME": "The Groove", "X_Coord": 31.249, "Y_Coord": -17.7097 }, "geometry": { "type": "Point", "coordinates": [ 31.248976656694428, -17.709667221853227 ] } },
{ "type": "Feature", "properties": { "ID": 0, "NAME": "Hawson", "X_Coord": 31.2552, "Y_Coord": -17.7037 }, "geometry": { "type": "Point", "coordinates": [ 31.255196031675759, -17.703748947290055 ] } },
{ "type": "Feature", "properties": { "ID": 0, "NAME": "Mutanaurwa", "X_Coord": 31.2697, "Y_Coord": -17.6241 }, "geometry": { "type": "Point", "coordinates": [ 31.269743200232352, -17.624058536536236 ] } },
{ "type": "Feature", "properties": { "ID": 0, "NAME": "Cheza", "X_Coord": 31.2783, "Y_Coord": -17.5019 }, "geometry": { "type": "Point", "coordinates": [ 31.278294906569606, -17.501856312891974 ] } },
{ "type": "Feature", "properties": { "ID": 0, "NAME": "Munenga", "X_Coord": 31.2497, "Y_Coord": -17.6792 }, "geometry": { "type": "Point", "coordinates": [ 31.249656074400843, -17.679180674141048 ] } },
{ "type": "Feature", "properties": { "ID": 0, "NAME": "Umritsur", "X_Coord": 31.3087, "Y_Coord": -17.6924 }, "geometry": { "type": "Point", "coordinates": [ 31.30872786068398, -17.692356641521879 ] } },
{ "type": "Feature", "properties": { "ID": 0, "NAME": "Munyawiri", "X_Coord": 31.1585, "Y_Coord": -17.5134 }, "geometry": { "type": "Point", "coordinates": [ 31.158518579523562, -17.513379576866537 ] } },
{ "type": "Feature", "properties": { "ID": 0, "NAME": "Pote", "X_Coord": 31.1119, "Y_Coord": -17.5541 }, "geometry": { "type": "Point", "coordinates": [ 31.111873410688467, -17.554109927186524 ] } },
{ "type": "Feature", "properties": { "ID": 0, "NAME": "Mutonda", "X_Coord": 31.1593, "Y_Coord": -17.5443 }, "geometry": { "type": "Point", "coordinates": [ 31.159269479349714, -17.544281968835616 ] } },
{ "type": "Feature", "properties": { "ID": 0, "NAME": "Zimbiru", "X_Coord": 31.1596, "Y_Coord": -17.6126 }, "geometry": { "type": "Point", "coordinates": [ 31.159607398391469, -17.612588494906888 ] } },
{ "type": "Feature", "properties": { "ID": 0, "NAME": "Domboshava", "X_Coord": 31.1476, "Y_Coord": -17.6031 }, "geometry": { "type": "Point", "coordinates": [ 31.147617606324943, -17.603074322339307 ] } },
{ "type": "Feature", "properties": { "ID": 0, "NAME": "Molife", "X_Coord": 31.1533, "Y_Coord": -17.5834 }, "geometry": { "type": "Point", "coordinates": [ 31.153257445086929, -17.583407891345644 ] } },
{ "type": "Feature", "properties": { "ID": 0, "NAME": "Chogugudza", "X_Coord": 31.1802, "Y_Coord": -17.5918 }, "geometry": { "type": "Point", "coordinates": [ 31.180158579014243, -17.591755137363375 ] } },
{ "type": "Feature", "properties": { "ID": 0, "NAME": "Nyamande", "X_Coord": 31.1987, "Y_Coord": -17.5858 }, "geometry": { "type": "Point", "coordinates": [ 31.198711058372776, -17.585764907482044 ] } },
{ "type": "Feature", "properties": { "ID": 0, "NAME": "Tsatse", "X_Coord": 31.2641, "Y_Coord": -17.5895 }, "geometry": { "type": "Point", "coordinates": [ 31.264132792755074, -17.589539301297634 ] } },
{ "type": "Feature", "properties": { "ID": 0, "NAME": "Mutake", "X_Coord": 31.2282, "Y_Coord": -17.5297 }, "geometry": { "type": "Point", "coordinates": [ 31.228221617138306, -17.529732807786434 ] } },
{ "type": "Feature", "properties": { "ID": 0, "NAME": "Parirewa", "X_Coord": 31.1838, "Y_Coord": -17.561 }, "geometry": { "type": "Point", "coordinates": [ 31.183757166408757, -17.56101081239979 ] } },
{ "type": "Feature", "properties": { "ID": 0, "NAME": "Masukandoro", "X_Coord": 31.163, "Y_Coord": -17.527 }, "geometry": { "type": "Point", "coordinates": [ 31.162992375557078, -17.527035692278393 ] } },
{ "type": "Feature", "properties": { "ID": 0, "NAME": "Govera", "X_Coord": 31.1675, "Y_Coord": -17.4629 }, "geometry": { "type": "Point", "coordinates": [ 31.16752665215175, -17.462883933170204 ] } },
{ "type": "Feature", "properties": { "ID": 0, "NAME": "Kachuta", "X_Coord": 31.175, "Y_Coord": -17.4793 }, "geometry": { "type": "Point", "coordinates": [ 31.174979795571446, -17.479259795814166 ] } },
{ "type": "Feature", "properties": { "ID": 0, "NAME": "Chinamhora", "X_Coord": 31.2219, "Y_Coord": -17.5121 }, "geometry": { "type": "Point", "coordinates": [ 31.221868451637999, -17.512069903630401 ] } },
{ "type": "Feature", "properties": { "ID": 0, "NAME": "Makumbi Mission", "X_Coord": 31.2561, "Y_Coord": -17.5165 }, "geometry": { "type": "Point", "coordinates": [ 31.256088083123867, -17.516537529917532 ] } },
{ "type": "Feature", "properties": { "ID": 0, "NAME": "Chibvuti", "X_Coord": 31.2108, "Y_Coord": -17.6744 }, "geometry": { "type": "Point", "coordinates": [ 31.21084347920241, -17.674378503017476 ] } },
{ "type": "Feature", "properties": { "ID": 0, "NAME": "Dzenga", "X_Coord": 32.1273, "Y_Coord": -17.0972 }, "geometry": { "type": "Point", "coordinates": [ 32.127329754487356, -17.097179925832219 ] } },
{ "type": "Feature", "properties": { "ID": 0, "NAME": "Danda", "X_Coord": 32.1492, "Y_Coord": -17.1228 }, "geometry": { "type": "Point", "coordinates": [ 32.149195194426277, -17.122815662689124 ] } },
{ "type": "Feature", "properties": { "ID": 0, "NAME": "Gwarima", "X_Coord": 32.0924, "Y_Coord": -17.1893 }, "geometry": { "type": "Point", "coordinates": [ 32.092362592840558, -17.18925626714848 ] } },
{ "type": "Feature", "properties": { "ID": 0, "NAME": "Chindenga", "X_Coord": 32.0996, "Y_Coord": -17.233 }, "geometry": { "type": "Point", "coordinates": [ 32.099576908277584, -17.232951778460457 ] } },
{ "type": "Feature", "properties": { "ID": 0, "NAME": "Kagande", "X_Coord": 32.1461, "Y_Coord": -17.1801 }, "geometry": { "type": "Point", "coordinates": [ 32.146128093437312, -17.180135672060729 ] } },
{ "type": "Feature", "properties": { "ID": 0, "NAME": "Tarewa", "X_Coord": 32.2083, "Y_Coord": -17.2144 }, "geometry": { "type": "Point", "coordinates": [ 32.208257947801137, -17.214408507616874 ] } },
{ "type": "Feature", "properties": { "ID": 0, "NAME": "Kawanza", "X_Coord": 32.2623, "Y_Coord": -17.1769 }, "geometry": { "type": "Point", "coordinates": [ 32.262299635914189, -17.17691330607164 ] } },
{ "type": "Feature", "properties": { "ID": 0, "NAME": "Makochera", "X_Coord": 32.2851, "Y_Coord": -17.2054 }, "geometry": { "type": "Point", "coordinates": [ 32.285109805615939, -17.205423456100764 ] } },
{ "type": "Feature", "properties": { "ID": 0, "NAME": "Madimutsa", "X_Coord": 32.3161, "Y_Coord": -17.1615 }, "geometry": { "type": "Point", "coordinates": [ 32.316051562909777, -17.161489070790068 ] } },
{ "type": "Feature", "properties": { "ID": 0, "NAME": "Kawere", "X_Coord": 32.3664, "Y_Coord": -17.2246 }, "geometry": { "type": "Point", "coordinates": [ 32.366447640149318, -17.22461981780727 ] } },
{ "type": "Feature", "properties": { "ID": 0, "NAME": "Kowo", "X_Coord": 32.3421, "Y_Coord": -17.251 }, "geometry": { "type": "Point", "coordinates": [ 32.342125261301994, -17.251038409232343 ] } },
{ "type": "Feature", "properties": { "ID": 0, "NAME": "Chiutsi", "X_Coord": 32.1937, "Y_Coord": -17.2756 }, "geometry": { "type": "Point", "coordinates": [ 32.193726109944819, -17.275626845858579 ] } },
{ "type": "Feature", "properties": { "ID": 0, "NAME": "Nyamuzuwe", "X_Coord": 32.2554, "Y_Coord": -17.2627 }, "geometry": { "type": "Point", "coordinates": [ 32.255356100459863, -17.262689352626424 ] } },
{ "type": "Feature", "properties": { "ID": 0, "NAME": "Bondamakara", "X_Coord": 32.378, "Y_Coord": -17.2769 }, "geometry": { "type": "Point", "coordinates": [ 32.377993092833442, -17.276851052707858 ] } },
{ "type": "Feature", "properties": { "ID": 0, "NAME": "Chirindi", "X_Coord": 32.1024, "Y_Coord": -17.3017 }, "geometry": { "type": "Point", "coordinates": [ 32.102398543374854, -17.301693572201692 ] } },
{ "type": "Feature", "properties": { "ID": 0, "NAME": "Gurure", "X_Coord": 32.1259, "Y_Coord": -17.2984 }, "geometry": { "type": "Point", "coordinates": [ 32.125918634576408, -17.298377527648277 ] } },
{ "type": "Feature", "properties": { "ID": 0, "NAME": "Utonga", "X_Coord": 32.2939, "Y_Coord": -17.2916 }, "geometry": { "type": "Point", "coordinates": [ 32.293873497476163, -17.291554585025104 ] } },
{ "type": "Feature", "properties": { "ID": 0, "NAME": "Mudzonga", "X_Coord": 32.3435, "Y_Coord": -17.3337 }, "geometry": { "type": "Point", "coordinates": [ 32.343523416171095, -17.333651215499255 ] } },
{ "type": "Feature", "properties": { "ID": 0, "NAME": "Masango", "X_Coord": 32.3531, "Y_Coord": -17.3469 }, "geometry": { "type": "Point", "coordinates": [ 32.353085758448522, -17.346898420912545 ] } },
{ "type": "Feature", "properties": { "ID": 0, "NAME": "Tsiko", "X_Coord": 32.2382, "Y_Coord": -17.3224 }, "geometry": { "type": "Point", "coordinates": [ 32.238190997026784, -17.322394569188063 ] } },
{ "type": "Feature", "properties": { "ID": 0, "NAME": "Tsiga", "X_Coord": 32.23, "Y_Coord": -17.3445 }, "geometry": { "type": "Point", "coordinates": [ 32.230050338903411, -17.344544572140798 ] } },
{ "type": "Feature", "properties": { "ID": 0, "NAME": "Chitekwe", "X_Coord": 32.2962, "Y_Coord": -17.3665 }, "geometry": { "type": "Point", "coordinates": [ 32.296236939072159, -17.366459516851325 ] } },
{ "type": "Feature", "properties": { "ID": 0, "NAME": "Mutoko Central", "X_Coord": 32.2394, "Y_Coord": -17.3891 }, "geometry": { "type": "Point", "coordinates": [ 32.239420719512054, -17.389099547276317 ] } },
{ "type": "Feature", "properties": { "ID": 0, "NAME": "Musvaire", "X_Coord": 32.1818, "Y_Coord": -17.383 }, "geometry": { "type": "Point", "coordinates": [ 32.181776841866778, -17.383008124942773 ] } },
{ "type": "Feature", "properties": { "ID": 0, "NAME": "Katsukunya", "X_Coord": 32.1563, "Y_Coord": -17.3971 }, "geometry": { "type": "Point", "coordinates": [ 32.156277277487106, -17.397121516648284 ] } },
{ "type": "Feature", "properties": { "ID": 0, "NAME": "Nyakabau", "X_Coord": 32.1086, "Y_Coord": -17.393 }, "geometry": { "type": "Point", "coordinates": [ 32.108599602593479, -17.392982604166043 ] } },
{ "type": "Feature", "properties": { "ID": 0, "NAME": "Manhemba", "X_Coord": 32.076, "Y_Coord": -17.3836 }, "geometry": { "type": "Point", "coordinates": [ 32.076045995550949, -17.383559329941271 ] } },
{ "type": "Feature", "properties": { "ID": 0, "NAME": "Musanhi", "X_Coord": 32.4268, "Y_Coord": -17.2933 }, "geometry": { "type": "Point", "coordinates": [ 32.42684795325944, -17.293295164909669 ] } },
{ "type": "Feature", "properties": { "ID": 0, "NAME": "Kaunye", "X_Coord": 32.3177, "Y_Coord": -17.416 }, "geometry": { "type": "Point", "coordinates": [ 32.317699694783606, -17.416024859873929 ] } },
{ "type": "Feature", "properties": { "ID": 0, "NAME": "Nyahondo", "X_Coord": 32.2528, "Y_Coord": -17.4649 }, "geometry": { "type": "Point", "coordinates": [ 32.252786283521765, -17.464920139233236 ] } },
{ "type": "Feature", "properties": { "ID": 0, "NAME": "Marira", "X_Coord": 32.3524, "Y_Coord": -17.525 }, "geometry": { "type": "Point", "coordinates": [ 32.352354148818236, -17.524989810927078 ] } },
{ "type": "Feature", "properties": { "ID": 0, "NAME": "Chidye", "X_Coord": 32.314, "Y_Coord": -17.4669 }, "geometry": { "type": "Point", "coordinates": [ 32.314050446681492, -17.466869431796955 ] } },
{ "type": "Feature", "properties": { "ID": 0, "NAME": "Mushimbo", "X_Coord": 32.3932, "Y_Coord": -17.4271 }, "geometry": { "type": "Point", "coordinates": [ 32.393193272002712, -17.427068689855904 ] } },
{ "type": "Feature", "properties": { "ID": 0, "NAME": "Chipfiko", "X_Coord": 32.382, "Y_Coord": -17.4046 }, "geometry": { "type": "Point", "coordinates": [ 32.38196295087544, -17.404600488321854 ] } },
{ "type": "Feature", "properties": { "ID": 0, "NAME": "Bwanya", "X_Coord": 32.4305, "Y_Coord": -17.3867 }, "geometry": { "type": "Point", "coordinates": [ 32.430453780020244, -17.386663165427844 ] } },
{ "type": "Feature", "properties": { "ID": 0, "NAME": "Chatiza", "X_Coord": 32.4423, "Y_Coord": -17.3686 }, "geometry": { "type": "Point", "coordinates": [ 32.442301656501357, -17.368581524668471 ] } },
{ "type": "Feature", "properties": { "ID": 0, "NAME": "Rukanda", "X_Coord": 32.1931, "Y_Coord": -17.5143 }, "geometry": { "type": "Point", "coordinates": [ 32.193112236899893, -17.514275883214193 ] } },
{ "type": "Feature", "properties": { "ID": 0, "NAME": "Mutambwe", "X_Coord": 32.1474, "Y_Coord": -17.446 }, "geometry": { "type": "Point", "coordinates": [ 32.14737236483689, -17.445966156706564 ] } },
{ "type": "Feature", "properties": { "ID": 0, "NAME": "Chidowe", "X_Coord": 32.1297, "Y_Coord": -17.5041 }, "geometry": { "type": "Point", "coordinates": [ 32.129667568361967, -17.504137175137718 ] } },
{ "type": "Feature", "properties": { "ID": 0, "NAME": "Parerenyatwa", "X_Coord": 32.0867, "Y_Coord": -17.5477 }, "geometry": { "type": "Point", "coordinates": [ 32.086682335689673, -17.547679594290631 ] } },
{ "type": "Feature", "properties": { "ID": 0, "NAME": "Nyadhiri Mission", "X_Coord": 32.0263, "Y_Coord": -17.4292 }, "geometry": { "type": "Point", "coordinates": [ 32.026278385350992, -17.429222870548845 ] } },
{ "type": "Feature", "properties": { "ID": 0, "NAME": "Gumbure", "X_Coord": 32.0731, "Y_Coord": -17.4549 }, "geometry": { "type": "Point", "coordinates": [ 32.073137472690732, -17.454924862659649 ] } },
{ "type": "Feature", "properties": { "ID": 0, "NAME": "Ganyambadze", "X_Coord": 32.0104, "Y_Coord": -17.512 }, "geometry": { "type": "Point", "coordinates": [ 32.010404566807061, -17.512009557531723 ] } },
{ "type": "Feature", "properties": { "ID": 0, "NAME": "Chimurenga", "X_Coord": 31.9768, "Y_Coord": -17.5016 }, "geometry": { "type": "Point", "coordinates": [ 31.976793306891661, -17.501570510036764 ] } },
{ "type": "Feature", "properties": { "ID": 0, "NAME": "Nyahurunguhwe", "X_Coord": 31.9237, "Y_Coord": -17.4819 }, "geometry": { "type": "Point", "coordinates": [ 31.923661561076987, -17.481860648811534 ] } },
{ "type": "Feature", "properties": { "ID": 0, "NAME": "Chidara", "X_Coord": 32.1545, "Y_Coord": -17.5793 }, "geometry": { "type": "Point", "coordinates": [ 32.154542348010992, -17.579328690869623 ] } },
{ "type": "Feature", "properties": { "ID": 0, "NAME": "Zvidozvevanhu", "X_Coord": 31.914, "Y_Coord": -17.4574 }, "geometry": { "type": "Point", "coordinates": [ 31.914045967565247, -17.457381470104608 ] } },
{ "type": "Feature", "properties": { "ID": 0, "NAME": "Mukombwe", "X_Coord": 31.9473, "Y_Coord": -17.5973 }, "geometry": { "type": "Point", "coordinates": [ 31.947281954710657, -17.597269700386072 ] } },
{ "type": "Feature", "properties": { "ID": 0, "NAME": "Masvitse", "X_Coord": 32.0001, "Y_Coord": -17.5959 }, "geometry": { "type": "Point", "coordinates": [ 32.000134643100687, -17.595861934805029 ] } },
{ "type": "Feature", "properties": { "ID": 0, "NAME": "Kushinga", "X_Coord": 32.0117, "Y_Coord": -17.6168 }, "geometry": { "type": "Point", "coordinates": [ 32.011739750028042, -17.616754636890466 ] } },
{ "type": "Feature", "properties": { "ID": 0, "NAME": "Tongogara", "X_Coord": 32.0875, "Y_Coord": -17.6439 }, "geometry": { "type": "Point", "coordinates": [ 32.087467677909331, -17.643890065474668 ] } },
{ "type": "Feature", "properties": { "ID": 0, "NAME": "Nyarushipe", "X_Coord": 32.0285, "Y_Coord": -17.6789 }, "geometry": { "type": "Point", "coordinates": [ 32.028498525576268, -17.678853600340773 ] } },
{ "type": "Feature", "properties": { "ID": 0, "NAME": "Nzira", "X_Coord": 32.1404, "Y_Coord": -17.6732 }, "geometry": { "type": "Point", "coordinates": [ 32.140419396858313, -17.673222289004716 ] } },
{ "type": "Feature", "properties": { "ID": 0, "NAME": "Kwaedza", "X_Coord": 32.2016, "Y_Coord": -17.6702 }, "geometry": { "type": "Point", "coordinates": [ 32.201568071660432, -17.67020673205079 ] } },
{ "type": "Feature", "properties": { "ID": 0, "NAME": "Ushamba", "X_Coord": 32.2587, "Y_Coord": -17.7769 }, "geometry": { "type": "Point", "coordinates": [ 32.258706697234544, -17.776892488271127 ] } },
{ "type": "Feature", "properties": { "ID": 0, "NAME": "Urumutumbu", "X_Coord": 32.2575, "Y_Coord": -17.7122 }, "geometry": { "type": "Point", "coordinates": [ 32.257498707960089, -17.712240133173676 ] } },
{ "type": "Feature", "properties": { "ID": 0, "NAME": "Chikara", "X_Coord": 32.3046, "Y_Coord": -17.664 }, "geometry": { "type": "Point", "coordinates": [ 32.30462218597787, -17.664037159390634 ] } },
{ "type": "Feature", "properties": { "ID": 0, "NAME": "Nyadzonya", "X_Coord": 32.2652, "Y_Coord": -17.5967 }, "geometry": { "type": "Point", "coordinates": [ 32.265173898125035, -17.596690515027145 ] } },
{ "type": "Feature", "properties": { "ID": 0, "NAME": "Nyamuzizi", "X_Coord": 32.3502, "Y_Coord": -17.6179 }, "geometry": { "type": "Point", "coordinates": [ 32.350197217805317, -17.61790261593621 ] } },
{ "type": "Feature", "properties": { "ID": 0, "NAME": "Dhuku", "X_Coord": 32.4335, "Y_Coord": -17.6212 }, "geometry": { "type": "Point", "coordinates": [ 32.43346019248979, -17.62117007301363 ] } },
{ "type": "Feature", "properties": { "ID": 0, "NAME": "Matedza", "X_Coord": 32.425, "Y_Coord": -17.5627 }, "geometry": { "type": "Point", "coordinates": [ 32.424989898975589, -17.56274935446503 ] } },
{ "type": "Feature", "properties": { "ID": 0, "NAME": "Chinyika", "X_Coord": 32.2923, "Y_Coord": -17.5862 }, "geometry": { "type": "Point", "coordinates": [ 32.292281675024817, -17.586153406217711 ] } },
{ "type": "Feature", "properties": { "ID": 0, "NAME": "Nyagore", "X_Coord": 32.2229, "Y_Coord": -17.5607 }, "geometry": { "type": "Point", "coordinates": [ 32.222916682934759, -17.560677985948917 ] } },
{ "type": "Feature", "properties": { "ID": 0, "NAME": "Chibeta", "X_Coord": 32.5192, "Y_Coord": -17.5146 }, "geometry": { "type": "Point", "coordinates": [ 32.51922419233167, -17.514585316295257 ] } },
{ "type": "Feature", "properties": { "ID": 0, "NAME": "Makora", "X_Coord": 32.5729, "Y_Coord": -17.5448 }, "geometry": { "type": "Point", "coordinates": [ 32.57293629013423, -17.544837211671496 ] } },
{ "type": "Feature", "properties": { "ID": 0, "NAME": "Chidye", "X_Coord": 32.6222, "Y_Coord": -17.4494 }, "geometry": { "type": "Point", "coordinates": [ 32.622176869971895, -17.449397563537143 ] } },
{ "type": "Feature", "properties": { "ID": 0, "NAME": "Chisambiro", "X_Coord": 32.5998, "Y_Coord": -17.3655 }, "geometry": { "type": "Point", "coordinates": [ 32.599826689845536, -17.365456054531318 ] } },
{ "type": "Feature", "properties": { "ID": 0, "NAME": "Nyamashuka", "X_Coord": 32.4947, "Y_Coord": -17.3234 }, "geometry": { "type": "Point", "coordinates": [ 32.494691665672683, -17.32340479424558 ] } },
{ "type": "Feature", "properties": { "ID": 0, "NAME": "Chimoyo", "X_Coord": 32.4826, "Y_Coord": -17.3718 }, "geometry": { "type": "Point", "coordinates": [ 32.482640960917387, -17.371767893231791 ] } },
{ "type": "Feature", "properties": { "ID": 0, "NAME": "Nyamakosi", "X_Coord": 32.4502, "Y_Coord": -17.3233 }, "geometry": { "type": "Point", "coordinates": [ 32.450197816003048, -17.323339513069293 ] } },
{ "type": "Feature", "properties": { "ID": 0, "NAME": "Chikukwa", "X_Coord": 32.5357, "Y_Coord": -17.2937 }, "geometry": { "type": "Point", "coordinates": [ 32.535730024983096, -17.293738656730959 ] } },
{ "type": "Feature", "properties": { "ID": 0, "NAME": "Makosa", "X_Coord": 32.4747, "Y_Coord": -17.2656 }, "geometry": { "type": "Point", "coordinates": [ 32.474712156519146, -17.26561315192199 ] } },
{ "type": "Feature", "properties": { "ID": 0, "NAME": "Nyamakope", "X_Coord": 32.1399, "Y_Coord": -17.3301 }, "geometry": { "type": "Point", "coordinates": [ 32.139863720820998, -17.330056187077879 ] } },
{ "type": "Feature", "properties": { "ID": 0, "NAME": "Nharire", "X_Coord": 32.2183, "Y_Coord": -17.7619 }, "geometry": { "type": "Point", "coordinates": [ 32.218334993077519, -17.761924187967917 ] } },
{ "type": "Feature", "properties": { "ID": 0, "NAME": "Dewe", "X_Coord": 32.4573, "Y_Coord": -16.781 }, "geometry": { "type": "Point", "coordinates": [ 32.457273877676052, -16.781031846018429 ] } },
{ "type": "Feature", "properties": { "ID": 0, "NAME": "Masunzwa", "X_Coord": 32.3885, "Y_Coord": -16.7874 }, "geometry": { "type": "Point", "coordinates": [ 32.388551204200979, -16.7873933640067 ] } },
{ "type": "Feature", "properties": { "ID": 0, "NAME": "Nyanzou", "X_Coord": 32.2894, "Y_Coord": -16.786 }, "geometry": { "type": "Point", "coordinates": [ 32.289392318036178, -16.786012050488214 ] } },
{ "type": "Feature", "properties": { "ID": 0, "NAME": "Chatseka", "X_Coord": 32.3114, "Y_Coord": -16.8195 }, "geometry": { "type": "Point", "coordinates": [ 32.311362416534159, -16.819459556908058 ] } },
{ "type": "Feature", "properties": { "ID": 0, "NAME": "kafura", "X_Coord": 32.2604, "Y_Coord": -16.8532 }, "geometry": { "type": "Point", "coordinates": [ 32.260446192588994, -16.853223083321968 ] } },
{ "type": "Feature", "properties": { "ID": 0, "NAME": "Museka", "X_Coord": 32.2079, "Y_Coord": -16.8511 }, "geometry": { "type": "Point", "coordinates": [ 32.207895270177772, -16.851108613064117 ] } },
{ "type": "Feature", "properties": { "ID": 0, "NAME": "Nyakarowa", "X_Coord": 32.2549, "Y_Coord": -16.9095 }, "geometry": { "type": "Point", "coordinates": [ 32.254936848687251, -16.909539558327719 ] } },
{ "type": "Feature", "properties": { "ID": 0, "NAME": "Mutata", "X_Coord": 32.1781, "Y_Coord": -16.8969 }, "geometry": { "type": "Point", "coordinates": [ 32.178140180728299, -16.896864870502515 ] } },
{ "type": "Feature", "properties": { "ID": 0, "NAME": "Jamari", "X_Coord": 32.1363, "Y_Coord": -16.8922 }, "geometry": { "type": "Point", "coordinates": [ 32.136313265847384, -16.892180409705862 ] } },
{ "type": "Feature", "properties": { "ID": 0, "NAME": "Patsika", "X_Coord": 32.1749, "Y_Coord": -16.9681 }, "geometry": { "type": "Point", "coordinates": [ 32.174883137320464, -16.968096839216301 ] } },
{ "type": "Feature", "properties": { "ID": 0, "NAME": "Dindi Mission", "X_Coord": 32.0944, "Y_Coord": -16.8817 }, "geometry": { "type": "Point", "coordinates": [ 32.094354696489717, -16.881672573888821 ] } },
{ "type": "Feature", "properties": { "ID": 0, "NAME": "Chitsingo", "X_Coord": 32.0582, "Y_Coord": -16.9552 }, "geometry": { "type": "Point", "coordinates": [ 32.058201999910473, -16.955222422996666 ] } },
{ "type": "Feature", "properties": { "ID": 0, "NAME": "Magudu", "X_Coord": 32.1019, "Y_Coord": -16.9585 }, "geometry": { "type": "Point", "coordinates": [ 32.101881309431029, -16.958479231321743 ] } },
{ "type": "Feature", "properties": { "ID": 0, "NAME": "Sowa", "X_Coord": 32.1586, "Y_Coord": -17.0149 }, "geometry": { "type": "Point", "coordinates": [ 32.158557252851431, -17.014888786277144 ] } },
{ "type": "Feature", "properties": { "ID": 0, "NAME": "Guyu", "X_Coord": 32.0372, "Y_Coord": -17.0106 }, "geometry": { "type": "Point", "coordinates": [ 32.037172546051309, -17.010576702093871 ] } },
{ "type": "Feature", "properties": { "ID": 0, "NAME": "Borera Mission", "X_Coord": 31.962, "Y_Coord": -17.0209 }, "geometry": { "type": "Point", "coordinates": [ 31.962015669398046, -17.020947752153873 ] } },
{ "type": "Feature", "properties": { "ID": 0, "NAME": "Mungari", "X_Coord": 32.0608, "Y_Coord": -16.8949 }, "geometry": { "type": "Point", "coordinates": [ 32.060776414835878, -16.894912248891991 ] } },
{ "type": "Feature", "properties": { "ID": 0, "NAME": "Chiwore", "X_Coord": 31.8472, "Y_Coord": -17.1286 }, "geometry": { "type": "Point", "coordinates": [ 31.847218425131313, -17.128602222243053 ] } },
{ "type": "Feature", "properties": { "ID": 0, "NAME": "Bangari", "X_Coord": 31.9091, "Y_Coord": -17.1162 }, "geometry": { "type": "Point", "coordinates": [ 31.909104789982297, -17.116221338076066 ] } },
{ "type": "Feature", "properties": { "ID": 0, "NAME": "Maramba", "X_Coord": 32.0009, "Y_Coord": -17.1221 }, "geometry": { "type": "Point", "coordinates": [ 32.0009142649129, -17.122129949857765 ] } },
{ "type": "Feature", "properties": { "ID": 0, "NAME": "Saparanyambuya", "X_Coord": 32.0263, "Y_Coord": -17.1283 }, "geometry": { "type": "Point", "coordinates": [ 32.026309666868855, -17.12829995180174 ] } },
{ "type": "Feature", "properties": { "ID": 0, "NAME": "Nyagande", "X_Coord": 31.8572, "Y_Coord": -17.1559 }, "geometry": { "type": "Point", "coordinates": [ 31.857154222774874, -17.155883057757965 ] } },
{ "type": "Feature", "properties": { "ID": 0, "NAME": "Chikuhwa", "X_Coord": 31.8569, "Y_Coord": -17.2064 }, "geometry": { "type": "Point", "coordinates": [ 31.856891078755723, -17.206376098174815 ] } },
{ "type": "Feature", "properties": { "ID": 0, "NAME": "Chipfunde", "X_Coord": 31.9238, "Y_Coord": -17.2192 }, "geometry": { "type": "Point", "coordinates": [ 31.923762382528341, -17.219208317794443 ] } },
{ "type": "Feature", "properties": { "ID": 0, "NAME": "Chimhodzi", "X_Coord": 31.9874, "Y_Coord": -17.249 }, "geometry": { "type": "Point", "coordinates": [ 31.98744260296278, -17.249003666928665 ] } },
{ "type": "Feature", "properties": { "ID": 0, "NAME": "Mushambanaka", "X_Coord": 31.8242, "Y_Coord": -17.2728 }, "geometry": { "type": "Point", "coordinates": [ 31.824172081817469, -17.272782587723245 ] } },
{ "type": "Feature", "properties": { "ID": 0, "NAME": "Marowe", "X_Coord": 31.8687, "Y_Coord": -17.2596 }, "geometry": { "type": "Point", "coordinates": [ 31.868714284299585, -17.259569318400555 ] } },
{ "type": "Feature", "properties": { "ID": 0, "NAME": "Chidodo", "X_Coord": 31.9164, "Y_Coord": -17.2898 }, "geometry": { "type": "Point", "coordinates": [ 31.916398588341881, -17.289788758145423 ] } },
{ "type": "Feature", "properties": { "ID": 0, "NAME": "Nyamasanga", "X_Coord": 32.0046, "Y_Coord": -17.3307 }, "geometry": { "type": "Point", "coordinates": [ 32.004550301135772, -17.330729887775728 ] } },
{ "type": "Feature", "properties": { "ID": 0, "NAME": "Rudawiro", "X_Coord": 32.0143, "Y_Coord": -17.3296 }, "geometry": { "type": "Point", "coordinates": [ 32.014292580964813, -17.329588155341227 ] } },
{ "type": "Feature", "properties": { "ID": 0, "NAME": "Mugabe", "X_Coord": 31.9701, "Y_Coord": -17.344 }, "geometry": { "type": "Point", "coordinates": [ 31.970082305710026, -17.344009207840447 ] } },
{ "type": "Feature", "properties": { "ID": 0, "NAME": "Gadaga", "X_Coord": 32.0383, "Y_Coord": -17.3485 }, "geometry": { "type": "Point", "coordinates": [ 32.038342204098008, -17.348518500044552 ] } },
{ "type": "Feature", "properties": { "ID": 0, "NAME": "Nyamhara", "X_Coord": 32.0393, "Y_Coord": -17.3952 }, "geometry": { "type": "Point", "coordinates": [ 32.039304348152911, -17.395154239983153 ] } },
{ "type": "Feature", "properties": { "ID": 0, "NAME": "Musanhi", "X_Coord": 31.9718, "Y_Coord": -17.4161 }, "geometry": { "type": "Point", "coordinates": [ 31.971774536479689, -17.41609377214143 ] } },
{ "type": "Feature", "properties": { "ID": 0, "NAME": "Mapaya", "X_Coord": 31.9515, "Y_Coord": -17.4121 }, "geometry": { "type": "Point", "coordinates": [ 31.951538902858047, -17.412143298299128 ] } },
{ "type": "Feature", "properties": { "ID": 0, "NAME": "Manyika", "X_Coord": 31.907, "Y_Coord": -17.384 }, "geometry": { "type": "Point", "coordinates": [ 31.906997453844678, -17.383962198117139 ] } },
{ "type": "Feature", "properties": { "ID": 0, "NAME": "Matsenga", "X_Coord": 31.8664, "Y_Coord": -17.3225 }, "geometry": { "type": "Point", "coordinates": [ 31.866445209115813, -17.322486886602324 ] } },
{ "type": "Feature", "properties": { "ID": 0, "NAME": "Morris", "X_Coord": 31.8303, "Y_Coord": -17.3035 }, "geometry": { "type": "Point", "coordinates": [ 31.830318930913784, -17.303493286810067 ] } },
{ "type": "Feature", "properties": { "ID": 0, "NAME": "Mayema", "X_Coord": 31.7817, "Y_Coord": -17.3447 }, "geometry": { "type": "Point", "coordinates": [ 31.781750436064698, -17.344744873981281 ] } },
{ "type": "Feature", "properties": { "ID": 0, "NAME": "Rukariro", "X_Coord": 31.8364, "Y_Coord": -17.4198 }, "geometry": { "type": "Point", "coordinates": [ 31.83643407823185, -17.419807339508203 ] } },
{ "type": "Feature", "properties": { "ID": 0, "NAME": "Chitimbe", "X_Coord": 31.7898, "Y_Coord": -17.4621 }, "geometry": { "type": "Point", "coordinates": [ 31.789789193078246, -17.46205513610159 ] } },
{ "type": "Feature", "properties": { "ID": 0, "NAME": "Marembera", "X_Coord": 31.6947, "Y_Coord": -17.3865 }, "geometry": { "type": "Point", "coordinates": [ 31.69471805361168, -17.386515138617831 ] } },
{ "type": "Feature", "properties": { "ID": 0, "NAME": "Kaseke", "X_Coord": 31.7466, "Y_Coord": -17.3813 }, "geometry": { "type": "Point", "coordinates": [ 31.74658474173301, -17.3813179113152 ] } },
{ "type": "Feature", "properties": { "ID": 0, "NAME": "Magunje", "X_Coord": 31.8017, "Y_Coord": -17.3955 }, "geometry": { "type": "Point", "coordinates": [ 31.801672657551347, -17.395510433310381 ] } },
{ "type": "Feature", "properties": { "ID": 0, "NAME": "Masindima", "X_Coord": 31.9052, "Y_Coord": -17.1533 }, "geometry": { "type": "Point", "coordinates": [ 31.905230591640859, -17.153280157658838 ] } },
{ "type": "Feature", "properties": { "ID": 0, "NAME": "Chihoro", "X_Coord": 30.9831, "Y_Coord": -18.5125 }, "geometry": { "type": "Point", "coordinates": [ 30.983118550443631, -18.5125149186355 ] } },
{ "type": "Feature", "properties": { "ID": 0, "NAME": "Charter", "X_Coord": 31.0099, "Y_Coord": -18.5193 }, "geometry": { "type": "Point", "coordinates": [ 31.009878064615112, -18.519322867699948 ] } },
{ "type": "Feature", "properties": { "ID": 0, "NAME": "Dangaremombe", "X_Coord": 30.8038, "Y_Coord": -18.5595 }, "geometry": { "type": "Point", "coordinates": [ 30.803752294806184, -18.559547945061972 ] } },
{ "type": "Feature", "properties": { "ID": 0, "NAME": "Mushava", "X_Coord": 30.869, "Y_Coord": -18.4375 }, "geometry": { "type": "Point", "coordinates": [ 30.869031718145838, -18.437487108833064 ] } },
{ "type": "Feature", "properties": { "ID": 0, "NAME": null, "X_Coord": 30.8592, "Y_Coord": -18.276 }, "geometry": { "type": "Point", "coordinates": [ 30.859249117567042, -18.276010436354007 ] } },
{ "type": "Feature", "properties": { "ID": 0, "NAME": "Karreboom", "X_Coord": 30.9003, "Y_Coord": -18.4629 }, "geometry": { "type": "Point", "coordinates": [ 30.900255975098943, -18.462852931049408 ] } },
{ "type": "Feature", "properties": { "ID": 0, "NAME": "Ringa", "X_Coord": 30.9629, "Y_Coord": -18.4824 }, "geometry": { "type": "Point", "coordinates": [ 30.962885930600851, -18.482356561450509 ] } },
{ "type": "Feature", "properties": { "ID": 0, "NAME": "Masasa", "X_Coord": 31.105, "Y_Coord": -18.4062 }, "geometry": { "type": "Point", "coordinates": [ 31.104985243434061, -18.406220155049567 ] } },
{ "type": "Feature", "properties": { "ID": 0, "NAME": "Tsunga Village", "X_Coord": 31.0408, "Y_Coord": -18.4001 }, "geometry": { "type": "Point", "coordinates": [ 31.040759716332627, -18.400108300579113 ] } },
{ "type": "Feature", "properties": { "ID": 0, "NAME": "Mupfure Village", "X_Coord": 31.0173, "Y_Coord": -18.3399 }, "geometry": { "type": "Point", "coordinates": [ 31.017252731151164, -18.339856758227967 ] } },
{ "type": "Feature", "properties": { "ID": 0, "NAME": "Joice Mine", "X_Coord": 30.8858, "Y_Coord": -18.3057 }, "geometry": { "type": "Point", "coordinates": [ 30.885839943477649, -18.305733885403729 ] } },
{ "type": "Feature", "properties": { "ID": 0, "NAME": "Muda", "X_Coord": 31.0105, "Y_Coord": -18.2764 }, "geometry": { "type": "Point", "coordinates": [ 31.010541290059418, -18.276364684610073 ] } },
{ "type": "Feature", "properties": { "ID": 0, "NAME": "Mandedza", "X_Coord": 31.2039, "Y_Coord": -18.082 }, "geometry": { "type": "Point", "coordinates": [ 31.203865366892121, -18.082022370126705 ] } },
{ "type": "Feature", "properties": { "ID": 0, "NAME": "Ngome", "X_Coord": 31.3075, "Y_Coord": -18.146 }, "geometry": { "type": "Point", "coordinates": [ 31.307478078983827, -18.146048343898865 ] } },
{ "type": "Feature", "properties": { "ID": 0, "NAME": "Dzandura", "X_Coord": 31.3762, "Y_Coord": -18.1849 }, "geometry": { "type": "Point", "coordinates": [ 31.376227475029104, -18.184949327113571 ] } },
{ "type": "Feature", "properties": { "ID": 0, "NAME": "Kandava", "X_Coord": 31.3224, "Y_Coord": -18.1678 }, "geometry": { "type": "Point", "coordinates": [ 31.322397790169315, -18.167836841752194 ] } },
{ "type": "Feature", "properties": { "ID": 0, "NAME": "Beatrice Government", "X_Coord": 30.8426, "Y_Coord": -18.2545 }, "geometry": { "type": "Point", "coordinates": [ 30.842597338467399, -18.254476870885178 ] } },
{ "type": "Feature", "properties": { "ID": 0, "NAME": "Marirangwe South", "X_Coord": 30.767, "Y_Coord": -18.1622 }, "geometry": { "type": "Point", "coordinates": [ 30.766999445190446, -18.162223789369229 ] } },
{ "type": "Feature", "properties": { "ID": 0, "NAME": "Marirangwe", "X_Coord": 30.7859, "Y_Coord": -18.1008 }, "geometry": { "type": "Point", "coordinates": [ 30.785950636569012, -18.100793367479714 ] } },
{ "type": "Feature", "properties": { "ID": 0, "NAME": "Calgary", "X_Coord": 30.9003, "Y_Coord": -18.0316 }, "geometry": { "type": "Point", "coordinates": [ 30.900313293948496, -18.031580639431649 ] } },
{ "type": "Feature", "properties": { "ID": 0, "NAME": "Dzumbunu", "X_Coord": 31.1851, "Y_Coord": -18.1681 }, "geometry": { "type": "Point", "coordinates": [ 31.18507618512691, -18.16812606301373 ] } },
{ "type": "Feature", "properties": { "ID": 0, "NAME": "Shrewsbury", "X_Coord": 30.9955, "Y_Coord": -18.1633 }, "geometry": { "type": "Point", "coordinates": [ 30.995546010511575, -18.16325267335565 ] } },
{ "type": "Feature", "properties": { "ID": 0, "NAME": "Nyambiri", "X_Coord": 31.0484, "Y_Coord": -18.1417 }, "geometry": { "type": "Point", "coordinates": [ 31.048354608931838, -18.141656986495938 ] } },
{ "type": "Feature", "properties": { "ID": 0, "NAME": "Seke", "X_Coord": 31.2488, "Y_Coord": -18.1033 }, "geometry": { "type": "Point", "coordinates": [ 31.248799050898743, -18.103270858815545 ] } },
{ "type": "Feature", "properties": { "ID": 0, "NAME": "St Hughes Ushe", "X_Coord": 31.2273, "Y_Coord": -18.1387 }, "geometry": { "type": "Point", "coordinates": [ 31.227287571327629, -18.138717073291392 ] } },
{ "type": "Feature", "properties": { "ID": 0, "NAME": "Chirimamhunga", "X_Coord": 31.1913, "Y_Coord": -18.1155 }, "geometry": { "type": "Point", "coordinates": [ 31.191252944960162, -18.115542008371996 ] } },
{ "type": "Feature", "properties": { "ID": 0, "NAME": "Marikopo", "X_Coord": 31.2267, "Y_Coord": -18.0969 }, "geometry": { "type": "Point", "coordinates": [ 31.226735294892645, -18.096916529317422 ] } },
{ "type": "Feature", "properties": { "ID": 0, "NAME": "Murape", "X_Coord": 31.1791, "Y_Coord": -18.0677 }, "geometry": { "type": "Point", "coordinates": [ 31.179094732925677, -18.0676544927328 ] } },
{ "type": "Feature", "properties": { "ID": 0, "NAME": "Chitsvedemo", "X_Coord": 31.1309, "Y_Coord": -18.1062 }, "geometry": { "type": "Point", "coordinates": [ 31.130946093864551, -18.106210184078332 ] } },
{ "type": "Feature", "properties": { "ID": 0, "NAME": "Madamombe", "X_Coord": 31.1613, "Y_Coord": -18.0647 }, "geometry": { "type": "Point", "coordinates": [ 31.161269129031218, -18.064744303827975 ] } },
{ "type": "Feature", "properties": { "ID": 0, "NAME": "Besa", "X_Coord": 31.1703, "Y_Coord": -18.0339 }, "geometry": { "type": "Point", "coordinates": [ 31.170312007019415, -18.033902540770487 ] } },
{ "type": "Feature", "properties": { "ID": 0, "NAME": "Jonas", "X_Coord": 31.1458, "Y_Coord": -18.0403 }, "geometry": { "type": "Point", "coordinates": [ 31.14584900494641, -18.0402717001061 ] } },
{ "type": "Feature", "properties": { "ID": 0, "NAME": "Kudyarawanza", "X_Coord": 31.086, "Y_Coord": -18.0683 }, "geometry": { "type": "Point", "coordinates": [ 31.086047531870353, -18.068265779320956 ] } },
{ "type": "Feature", "properties": { "ID": 0, "NAME": "Simukai", "X_Coord": 31.0893, "Y_Coord": -18.1166 }, "geometry": { "type": "Point", "coordinates": [ 31.089287040550879, -18.116607134141592 ] } },
{ "type": "Feature", "properties": { "ID": 0, "NAME": null, "X_Coord": 30.8844, "Y_Coord": -18.0498 }, "geometry": { "type": "Point", "coordinates": [ 30.884390951946809, -18.049773975551293 ] } },
{ "type": "Feature", "properties": { "ID": 0, "NAME": "Brechin", "X_Coord": 30.8348, "Y_Coord": -18.0305 }, "geometry": { "type": "Point", "coordinates": [ 30.834786508313794, -18.030518054264391 ] } },
{ "type": "Feature", "properties": { "ID": 0, "NAME": "Masenda", "X_Coord": 32.2533, "Y_Coord": -17.1203 }, "geometry": { "type": "Point", "coordinates": [ 32.253329827190981, -17.120344626133054 ] } },
{ "type": "Feature", "properties": { "ID": 0, "NAME": "Chindoko", "X_Coord": 32.2611, "Y_Coord": -17.052 }, "geometry": { "type": "Point", "coordinates": [ 32.261135557093922, -17.051986785896318 ] } },
{ "type": "Feature", "properties": { "ID": 0, "NAME": "Kamusori", "X_Coord": 32.3014, "Y_Coord": -17.0358 }, "geometry": { "type": "Point", "coordinates": [ 32.301404905304132, -17.035833705451257 ] } },
{ "type": "Feature", "properties": { "ID": 0, "NAME": "Nyamukono", "X_Coord": 32.3369, "Y_Coord": -17.0796 }, "geometry": { "type": "Point", "coordinates": [ 32.336933213610315, -17.079643130414837 ] } },
{ "type": "Feature", "properties": { "ID": 0, "NAME": "Chifamba", "X_Coord": 32.395, "Y_Coord": -17.1372 }, "geometry": { "type": "Point", "coordinates": [ 32.395030561050696, -17.137218623865532 ] } },
{ "type": "Feature", "properties": { "ID": 0, "NAME": "Chiunye", "X_Coord": 32.275, "Y_Coord": -16.997 }, "geometry": { "type": "Point", "coordinates": [ 32.275002484452642, -16.997021026434197 ] } },
{ "type": "Feature", "properties": { "ID": 0, "NAME": "Chisvo", "X_Coord": 32.3591, "Y_Coord": -16.9591 }, "geometry": { "type": "Point", "coordinates": [ 32.359130606079759, -16.959135401597806 ] } },
{ "type": "Feature", "properties": { "ID": 0, "NAME": "Shinga", "X_Coord": 32.421, "Y_Coord": -17.0026 }, "geometry": { "type": "Point", "coordinates": [ 32.420990058913766, -17.002637284476382 ] } },
{ "type": "Feature", "properties": { "ID": 0, "NAME": "Kaitano", "X_Coord": 32.4549, "Y_Coord": -17.1306 }, "geometry": { "type": "Point", "coordinates": [ 32.454875149451794, -17.130589145772873 ] } },
{ "type": "Feature", "properties": { "ID": 0, "NAME": "Karonga", "X_Coord": 32.4021, "Y_Coord": -17.1805 }, "geometry": { "type": "Point", "coordinates": [ 32.402064241057047, -17.180485351290574 ] } },
{ "type": "Feature", "properties": { "ID": 0, "NAME": "Chingwena", "X_Coord": 32.5055, "Y_Coord": -17.079 }, "geometry": { "type": "Point", "coordinates": [ 32.505495904920863, -17.079003685192944 ] } },
{ "type": "Feature", "properties": { "ID": 0, "NAME": "Rukonde", "X_Coord": 32.504, "Y_Coord": -17.0454 }, "geometry": { "type": "Point", "coordinates": [ 32.503956572847919, -17.045449046164897 ] } },
{ "type": "Feature", "properties": { "ID": 0, "NAME": "Denda", "X_Coord": 32.5483, "Y_Coord": -17.1342 }, "geometry": { "type": "Point", "coordinates": [ 32.54832463004513, -17.134166469929731 ] } },
{ "type": "Feature", "properties": { "ID": 0, "NAME": "Nyakuchena", "X_Coord": 32.4915, "Y_Coord": -17.233 }, "geometry": { "type": "Point", "coordinates": [ 32.491502385180084, -17.233005796753986 ] } },
{ "type": "Feature", "properties": { "ID": 0, "NAME": "Mavhurazi", "X_Coord": 32.5681, "Y_Coord": -17.2236 }, "geometry": { "type": "Point", "coordinates": [ 32.568120795612536, -17.223597533069167 ] } },
{ "type": "Feature", "properties": { "ID": 0, "NAME": "Katsande", "X_Coord": 32.5276, "Y_Coord": -17.2768 }, "geometry": { "type": "Point", "coordinates": [ 32.527551917641929, -17.276778188633315 ] } },
{ "type": "Feature", "properties": { "ID": 0, "NAME": "Makaha", "X_Coord": 32.6019, "Y_Coord": -17.2814 }, "geometry": { "type": "Point", "coordinates": [ 32.601853430605672, -17.281422512412881 ] } },
{ "type": "Feature", "properties": { "ID": 0, "NAME": "Mapombo", "X_Coord": 32.6717, "Y_Coord": -17.225 }, "geometry": { "type": "Point", "coordinates": [ 32.671670988170959, -17.225048695420178 ] } },
{ "type": "Feature", "properties": { "ID": 0, "NAME": "Nyamande", "X_Coord": 32.7128, "Y_Coord": -17.2169 }, "geometry": { "type": "Point", "coordinates": [ 32.712847011757745, -17.216924785830123 ] } },
{ "type": "Feature", "properties": { "ID": 0, "NAME": "Nyamatawa", "X_Coord": 32.6184, "Y_Coord": -17.1692 }, "geometry": { "type": "Point", "coordinates": [ 32.618360160452184, -17.169249246502961 ] } },
{ "type": "Feature", "properties": { "ID": 0, "NAME": "Masarakufa", "X_Coord": 32.5603, "Y_Coord": -17.0363 }, "geometry": { "type": "Point", "coordinates": [ 32.560306363591302, -17.036278347548606 ] } },
{ "type": "Feature", "properties": { "ID": 0, "NAME": "Nyamuwanga", "X_Coord": 32.6298, "Y_Coord": -17.0281 }, "geometry": { "type": "Point", "coordinates": [ 32.629798681808388, -17.028106828816298 ] } },
{ "type": "Feature", "properties": { "ID": 0, "NAME": "Ketsanga", "X_Coord": 32.6283, "Y_Coord": -17.0888 }, "geometry": { "type": "Point", "coordinates": [ 32.628312865390434, -17.088784787774014 ] } },
{ "type": "Feature", "properties": { "ID": 0, "NAME": "Donzwe", "X_Coord": 32.6874, "Y_Coord": -17.1328 }, "geometry": { "type": "Point", "coordinates": [ 32.687361003427924, -17.132805929610985 ] } },
{ "type": "Feature", "properties": { "ID": 0, "NAME": "Chikwizo Mission", "X_Coord": 32.7702, "Y_Coord": -17.2112 }, "geometry": { "type": "Point", "coordinates": [ 32.770221611773508, -17.211220590875644 ] } },
{ "type": "Feature", "properties": { "ID": 0, "NAME": "Goromonzi", "X_Coord": 32.7849, "Y_Coord": -17.0761 }, "geometry": { "type": "Point", "coordinates": [ 32.784866041733487, -17.076074022562175 ] } },
{ "type": "Feature", "properties": { "ID": 0, "NAME": "Nyarutepo", "X_Coord": 32.6321, "Y_Coord": -17.3355 }, "geometry": { "type": "Point", "coordinates": [ 32.632123208086696, -17.335504025615993 ] } },
{ "type": "Feature", "properties": { "ID": 0, "NAME": "Kanyoka", "X_Coord": 32.8231, "Y_Coord": -17.1906 }, "geometry": { "type": "Point", "coordinates": [ 32.823136731212259, -17.190559283573254 ] } },
{ "type": "Feature", "properties": { "ID": 0, "NAME": "Gozi", "X_Coord": 32.8687, "Y_Coord": -17.1839 }, "geometry": { "type": "Point", "coordinates": [ 32.868739805551201, -17.183874767066094 ] } },
{ "type": "Feature", "properties": { "ID": 0, "NAME": "St. Martin's", "X_Coord": 32.9547, "Y_Coord": -17.2402 }, "geometry": { "type": "Point", "coordinates": [ 32.95474379832347, -17.240215551393003 ] } },
{ "type": "Feature", "properties": { "ID": 0, "NAME": "Mapingidza", "X_Coord": 32.9378, "Y_Coord": -17.1985 }, "geometry": { "type": "Point", "coordinates": [ 32.937804737304972, -17.198476878657175 ] } },
{ "type": "Feature", "properties": { "ID": 0, "NAME": "Kapotesa", "X_Coord": 32.7381, "Y_Coord": -17.0153 }, "geometry": { "type": "Point", "coordinates": [ 32.738051584382568, -17.015332705524148 ] } },
{ "type": "Feature", "properties": { "ID": 0, "NAME": "Ngarwe", "X_Coord": 32.8278, "Y_Coord": -17.0085 }, "geometry": { "type": "Point", "coordinates": [ 32.82783232780104, -17.00852713568834 ] } },
{ "type": "Feature", "properties": { "ID": 0, "NAME": "Muzezuru", "X_Coord": 32.756, "Y_Coord": -16.9664 }, "geometry": { "type": "Point", "coordinates": [ 32.755951296448899, -16.966426753638295 ] } },
{ "type": "Feature", "properties": { "ID": 0, "NAME": "Nyamakuyo", "X_Coord": 32.6708, "Y_Coord": -16.9763 }, "geometry": { "type": "Point", "coordinates": [ 32.670831712968095, -16.976262364464638 ] } },
{ "type": "Feature", "properties": { "ID": 0, "NAME": "Dendera", "X_Coord": 32.727, "Y_Coord": -16.9357 }, "geometry": { "type": "Point", "coordinates": [ 32.727015118418599, -16.935736265473491 ] } },
{ "type": "Feature", "properties": { "ID": 0, "NAME": "Nyamapanda", "X_Coord": 32.8126, "Y_Coord": -16.9454 }, "geometry": { "type": "Point", "coordinates": [ 32.812645996921184, -16.945415087744514 ] } },
{ "type": "Feature", "properties": { "ID": 0, "NAME": "Nyamhondoro", "X_Coord": 32.5741, "Y_Coord": -16.988 }, "geometry": { "type": "Point", "coordinates": [ 32.574143263869608, -16.987956413486256 ] } },
{ "type": "Feature", "properties": { "ID": 0, "NAME": "Fuchira", "X_Coord": 32.7494, "Y_Coord": -16.8733 }, "geometry": { "type": "Point", "coordinates": [ 32.749395813348748, -16.873339687530727 ] } },
{ "type": "Feature", "properties": { "ID": 0, "NAME": "Kondo", "X_Coord": 32.642, "Y_Coord": -16.8904 }, "geometry": { "type": "Point", "coordinates": [ 32.642012083720118, -16.890373157643829 ] } },
{ "type": "Feature", "properties": { "ID": 0, "NAME": "Vhombozi", "X_Coord": 32.6769, "Y_Coord": -16.8473 }, "geometry": { "type": "Point", "coordinates": [ 32.676887980737447, -16.847322094788066 ] } },
{ "type": "Feature", "properties": { "ID": 0, "NAME": "Musau", "X_Coord": 32.7685, "Y_Coord": -16.8319 }, "geometry": { "type": "Point", "coordinates": [ 32.768499940797838, -16.831922869621103 ] } },
{ "type": "Feature", "properties": { "ID": 0, "NAME": "Nyahuku", "X_Coord": 32.8886, "Y_Coord": -16.7826 }, "geometry": { "type": "Point", "coordinates": [ 32.888576359644581, -16.782615325106505 ] } },
{ "type": "Feature", "properties": { "ID": 0, "NAME": "Nyakadecha", "X_Coord": 32.927, "Y_Coord": -16.795 }, "geometry": { "type": "Point", "coordinates": [ 32.927016647171506, -16.794981536354161 ] } },
{ "type": "Feature", "properties": { "ID": 0, "NAME": "St. Pius", "X_Coord": 32.7981, "Y_Coord": -16.7419 }, "geometry": { "type": "Point", "coordinates": [ 32.798143084761591, -16.741862374366093 ] } },
{ "type": "Feature", "properties": { "ID": 0, "NAME": "Nyamanyora", "X_Coord": 32.5156, "Y_Coord": -16.8511 }, "geometry": { "type": "Point", "coordinates": [ 32.51563568525691, -16.851096522756613 ] } },
{ "type": "Feature", "properties": { "ID": 0, "NAME": "Kudzwe", "X_Coord": 32.576, "Y_Coord": -16.9095 }, "geometry": { "type": "Point", "coordinates": [ 32.575960462655829, -16.909454581386971 ] } },
{ "type": "Feature", "properties": { "ID": 0, "NAME": "Chimukoko", "X_Coord": 32.5187, "Y_Coord": -16.9216 }, "geometry": { "type": "Point", "coordinates": [ 32.518651625761947, -16.921607449108446 ] } },
{ "type": "Feature", "properties": { "ID": 0, "NAME": "Chimango", "X_Coord": 32.4179, "Y_Coord": -16.9134 }, "geometry": { "type": "Point", "coordinates": [ 32.417944543327046, -16.913428556218179 ] } },
{ "type": "Feature", "properties": { "ID": 0, "NAME": "Marumbi", "X_Coord": 31.8561, "Y_Coord": -19.0554 }, "geometry": { "type": "Point", "coordinates": [ 31.856084995441325, -19.055448063465068 ] } },
{ "type": "Feature", "properties": { "ID": 0, "NAME": "Chikurumadziwa", "X_Coord": 31.9144, "Y_Coord": -19.0533 }, "geometry": { "type": "Point", "coordinates": [ 31.914415747421568, -19.053342673521495 ] } },
{ "type": "Feature", "properties": { "ID": 0, "NAME": "Gato", "X_Coord": 31.9647, "Y_Coord": -19.0122 }, "geometry": { "type": "Point", "coordinates": [ 31.964683914839306, -19.012178034516729 ] } },
{ "type": "Feature", "properties": { "ID": 0, "NAME": "St Chad Mapumbu", "X_Coord": 31.7207, "Y_Coord": -19.0231 }, "geometry": { "type": "Point", "coordinates": [ 31.720709230183772, -19.023068061332332 ] } },
{ "type": "Feature", "properties": { "ID": 0, "NAME": "St Pius Kamusoro", "X_Coord": 31.8299, "Y_Coord": -19.027 }, "geometry": { "type": "Point", "coordinates": [ 31.82989802746577, -19.026990581816978 ] } },
{ "type": "Feature", "properties": { "ID": 0, "NAME": "St Roberts Dzvova", "X_Coord": 31.7998, "Y_Coord": -18.9972 }, "geometry": { "type": "Point", "coordinates": [ 31.799836703927248, -18.99715289013087 ] } },
{ "type": "Feature", "properties": { "ID": 0, "NAME": "Mangoro", "X_Coord": 31.8941, "Y_Coord": -19.0075 }, "geometry": { "type": "Point", "coordinates": [ 31.894113321789117, -19.007544276325497 ] } },
{ "type": "Feature", "properties": { "ID": 0, "NAME": "Mutiweshiri", "X_Coord": 31.9193, "Y_Coord": -18.9894 }, "geometry": { "type": "Point", "coordinates": [ 31.919292350536999, -18.989397290630087 ] } },
{ "type": "Feature", "properties": { "ID": 0, "NAME": "Zviyambe", "X_Coord": 31.8768, "Y_Coord": -18.9547 }, "geometry": { "type": "Point", "coordinates": [ 31.87680538799507, -18.954708029873412 ] } },
{ "type": "Feature", "properties": { "ID": 0, "NAME": "Makanda", "X_Coord": 31.9103, "Y_Coord": -18.8971 }, "geometry": { "type": "Point", "coordinates": [ 31.91025826745366, -18.897120523878705 ] } },
{ "type": "Feature", "properties": { "ID": 0, "NAME": "St Marks Gonesu", "X_Coord": 31.8602, "Y_Coord": -18.9123 }, "geometry": { "type": "Point", "coordinates": [ 31.860175605718926, -18.912340299253898 ] } },
{ "type": "Feature", "properties": { "ID": 0, "NAME": "Holy Spirit Ruzane", "X_Coord": 31.8158, "Y_Coord": -18.9078 }, "geometry": { "type": "Point", "coordinates": [ 31.815793476562888, -18.90778172617313 ] } },
{ "type": "Feature", "properties": { "ID": 0, "NAME": "St Joseph's Madhanhu", "X_Coord": 31.7183, "Y_Coord": -18.9428 }, "geometry": { "type": "Point", "coordinates": [ 31.718302947333811, -18.942775396985716 ] } },
{ "type": "Feature", "properties": { "ID": 0, "NAME": "St Antony Zhidhuri", "X_Coord": 31.7047, "Y_Coord": -18.9637 }, "geometry": { "type": "Point", "coordinates": [ 31.70470173349068, -18.963717062511133 ] } },
{ "type": "Feature", "properties": { "ID": 0, "NAME": "Musavadye", "X_Coord": 31.7519, "Y_Coord": -18.9633 }, "geometry": { "type": "Point", "coordinates": [ 31.751917998916163, -18.963329249888041 ] } },
{ "type": "Feature", "properties": { "ID": 0, "NAME": "St Peter Makwarimba", "X_Coord": 31.7463, "Y_Coord": -18.9001 }, "geometry": { "type": "Point", "coordinates": [ 31.746290915317381, -18.900093427598144 ] } },
{ "type": "Feature", "properties": { "ID": 0, "NAME": "Maguni", "X_Coord": 31.6878, "Y_Coord": -18.9091 }, "geometry": { "type": "Point", "coordinates": [ 31.687783810961104, -18.909117172133833 ] } },
{ "type": "Feature", "properties": { "ID": 0, "NAME": "St John's Matsvai", "X_Coord": 31.8399, "Y_Coord": -18.8483 }, "geometry": { "type": "Point", "coordinates": [ 31.839928405704711, -18.848255175035149 ] } },
{ "type": "Feature", "properties": { "ID": 0, "NAME": "Tarungowa", "X_Coord": 31.8905, "Y_Coord": -18.8556 }, "geometry": { "type": "Point", "coordinates": [ 31.890496712970531, -18.855612630868634 ] } },
{ "type": "Feature", "properties": { "ID": 0, "NAME": "St James Nyamupara", "X_Coord": 31.8956, "Y_Coord": -18.8231 }, "geometry": { "type": "Point", "coordinates": [ 31.895569779731257, -18.823065046754959 ] } },
{ "type": "Feature", "properties": { "ID": 0, "NAME": "St Margaret's Chigod", "X_Coord": 31.7197, "Y_Coord": -18.8706 }, "geometry": { "type": "Point", "coordinates": [ 31.719685871282955, -18.870640265577833 ] } },
{ "type": "Feature", "properties": { "ID": 0, "NAME": "St Mathias Ruswa", "X_Coord": 31.7925, "Y_Coord": -18.8408 }, "geometry": { "type": "Point", "coordinates": [ 31.792483848739746, -18.840781948243329 ] } },
{ "type": "Feature", "properties": { "ID": 0, "NAME": "St Mathias Ruswa", "X_Coord": 31.8057, "Y_Coord": -18.8449 }, "geometry": { "type": "Point", "coordinates": [ 31.805680160394402, -18.844866324377541 ] } },
{ "type": "Feature", "properties": { "ID": 0, "NAME": "St Barnabas Ushe", "X_Coord": 31.8263, "Y_Coord": -18.8186 }, "geometry": { "type": "Point", "coordinates": [ 31.826273768994472, -18.818587541556663 ] } },
{ "type": "Feature", "properties": { "ID": 0, "NAME": "St Stephens Makuru", "X_Coord": 31.8781, "Y_Coord": -18.7684 }, "geometry": { "type": "Point", "coordinates": [ 31.878129309986523, -18.768427809271582 ] } },
{ "type": "Feature", "properties": { "ID": 0, "NAME": "St Thomas Aquina", "X_Coord": 31.8254, "Y_Coord": -18.7652 }, "geometry": { "type": "Point", "coordinates": [ 31.82538771437229, -18.765156259941794 ] } },
{ "type": "Feature", "properties": { "ID": 0, "NAME": "Mutukwana", "X_Coord": 31.7169, "Y_Coord": -18.8233 }, "geometry": { "type": "Point", "coordinates": [ 31.716916843263679, -18.823286409031322 ] } },
{ "type": "Feature", "properties": { "ID": 0, "NAME": "St Clements", "X_Coord": 31.6569, "Y_Coord": -18.8324 }, "geometry": { "type": "Point", "coordinates": [ 31.656856260064135, -18.832405329005422 ] } },
{ "type": "Feature", "properties": { "ID": 0, "NAME": "St Augustine", "X_Coord": 31.6643, "Y_Coord": -18.7963 }, "geometry": { "type": "Point", "coordinates": [ 31.664267221655685, -18.796272750578947 ] } },
{ "type": "Feature", "properties": { "ID": 0, "NAME": "Sengezi", "X_Coord": 31.4901, "Y_Coord": -18.7704 }, "geometry": { "type": "Point", "coordinates": [ 31.490124801294783, -18.770408270380383 ] } },
{ "type": "Feature", "properties": { "ID": 0, "NAME": "Gandamasungo", "X_Coord": 31.542, "Y_Coord": -18.7916 }, "geometry": { "type": "Point", "coordinates": [ 31.542000611867334, -18.791575076595219 ] } },
{ "type": "Feature", "properties": { "ID": 0, "NAME": "St Pauls Sango", "X_Coord": 31.7409, "Y_Coord": -18.7846 }, "geometry": { "type": "Point", "coordinates": [ 31.740906119267787, -18.784577647147646 ] } },
{ "type": "Feature", "properties": { "ID": 0, "NAME": "St Annes Goto", "X_Coord": 31.7847, "Y_Coord": -18.7357 }, "geometry": { "type": "Point", "coordinates": [ 31.784678299530054, -18.735668795584875 ] } },
{ "type": "Feature", "properties": { "ID": 0, "NAME": "St Peter's Makwarimb", "X_Coord": 31.7738, "Y_Coord": -18.6887 }, "geometry": { "type": "Point", "coordinates": [ 31.773760964859026, -18.688731412335869 ] } },
{ "type": "Feature", "properties": { "ID": 0, "NAME": "St Johns Matwa", "X_Coord": 31.7508, "Y_Coord": -18.7261 }, "geometry": { "type": "Point", "coordinates": [ 31.750817123140646, -18.726055549439661 ] } },
{ "type": "Feature", "properties": { "ID": 0, "NAME": "Matsine", "X_Coord": 31.7344, "Y_Coord": -18.6685 }, "geometry": { "type": "Point", "coordinates": [ 31.73441405698923, -18.668494314032888 ] } },
{ "type": "Feature", "properties": { "ID": 0, "NAME": "Mt St Mary's Mission", "X_Coord": 31.6862, "Y_Coord": -18.7207 }, "geometry": { "type": "Point", "coordinates": [ 31.686165198775136, -18.720675126393523 ] } },
{ "type": "Feature", "properties": { "ID": 0, "NAME": "Rambanapasi", "X_Coord": 31.5393, "Y_Coord": -18.7443 }, "geometry": { "type": "Point", "coordinates": [ 31.53925324864429, -18.744294209481939 ] } },
{ "type": "Feature", "properties": { "ID": 0, "NAME": "St Joseph Munzvereng", "X_Coord": 31.6087, "Y_Coord": -18.7457 }, "geometry": { "type": "Point", "coordinates": [ 31.608669841157894, -18.745715206292704 ] } },
{ "type": "Feature", "properties": { "ID": 0, "NAME": "Mt Ruunze", "X_Coord": 31.7125, "Y_Coord": -18.6012 }, "geometry": { "type": "Point", "coordinates": [ 31.712450783321032, -18.601239489051441 ] } },
{ "type": "Feature", "properties": { "ID": 0, "NAME": "St Liobas", "X_Coord": 31.6998, "Y_Coord": -18.6297 }, "geometry": { "type": "Point", "coordinates": [ 31.699823470086692, -18.629724479993765 ] } },
{ "type": "Feature", "properties": { "ID": 0, "NAME": "Chamatendere", "X_Coord": 31.6162, "Y_Coord": -18.6912 }, "geometry": { "type": "Point", "coordinates": [ 31.616176000408142, -18.691194841255658 ] } },
{ "type": "Feature", "properties": { "ID": 0, "NAME": "Chigwedere", "X_Coord": 31.5705, "Y_Coord": -18.6868 }, "geometry": { "type": "Point", "coordinates": [ 31.570465205101353, -18.686763346350045 ] } },
{ "type": "Feature", "properties": { "ID": 0, "NAME": "Payarira", "X_Coord": 31.515, "Y_Coord": -18.7192 }, "geometry": { "type": "Point", "coordinates": [ 31.51499792089329, -18.719216647210608 ] } },
{ "type": "Feature", "properties": { "ID": 0, "NAME": "Magamba", "X_Coord": 31.4791, "Y_Coord": -18.7645 }, "geometry": { "type": "Point", "coordinates": [ 31.479128237330741, -18.764452861397565 ] } },
{ "type": "Feature", "properties": { "ID": 0, "NAME": "Mukondwa", "X_Coord": 31.6518, "Y_Coord": -18.6487 }, "geometry": { "type": "Point", "coordinates": [ 31.651781983240156, -18.648662159566125 ] } },
{ "type": "Feature", "properties": { "ID": 0, "NAME": "Maruta", "X_Coord": 31.6156, "Y_Coord": -18.6472 }, "geometry": { "type": "Point", "coordinates": [ 31.615575302610303, -18.647182269969981 ] } },
{ "type": "Feature", "properties": { "ID": 0, "NAME": "Wedza", "X_Coord": 31.5755, "Y_Coord": -18.6291 }, "geometry": { "type": "Point", "coordinates": [ 31.575467177629093, -18.629149383497367 ] } },
{ "type": "Feature", "properties": { "ID": 0, "NAME": "Tongogara Wedza", "X_Coord": 31.5162, "Y_Coord": -18.671 }, "geometry": { "type": "Point", "coordinates": [ 31.516172870799856, -18.671033532780044 ] } },
{ "type": "Feature", "properties": { "ID": 0, "NAME": "Zana", "X_Coord": 31.5976, "Y_Coord": -18.5746 }, "geometry": { "type": "Point", "coordinates": [ 31.597605884099984, -18.574574374029471 ] } },
{ "type": "Feature", "properties": { "ID": 0, "NAME": "Chemanza", "X_Coord": 31.5535, "Y_Coord": -18.6122 }, "geometry": { "type": "Point", "coordinates": [ 31.553465712211533, -18.612221527683424 ] } },
{ "type": "Feature", "properties": { "ID": 0, "NAME": "Fair Adventure", "X_Coord": 31.3741, "Y_Coord": -18.5988 }, "geometry": { "type": "Point", "coordinates": [ 31.374079240407333, -18.598751195905624 ] } },
{ "type": "Feature", "properties": { "ID": 0, "NAME": "Numwa", "X_Coord": 31.51, "Y_Coord": -18.4624 }, "geometry": { "type": "Point", "coordinates": [ 31.510014746975216, -18.462381982073168 ] } },
{ "type": "Feature", "properties": { "ID": 0, "NAME": "Gumbonzvanda", "X_Coord": 31.6794, "Y_Coord": -18.6925 }, "geometry": { "type": "Point", "coordinates": [ 31.679416560394294, -18.692493554419947 ] } },
{ "type": "Feature", "properties": { "ID": 0, "NAME": "Svinurai St. Clara", "X_Coord": 31.5934, "Y_Coord": -18.9388 }, "geometry": { "type": "Point", "coordinates": [ 31.593355557335066, -18.938839190084408 ] } },
{ "type": "Feature", "properties": { "ID": 0, "NAME": "Maware", "X_Coord": 31.5609, "Y_Coord": -18.826 }, "geometry": { "type": "Point", "coordinates": [ 31.560908613396922, -18.826001455563933 ] } },
{ "type": "Feature", "properties": { "ID": 0, "NAME": "Mufudziwakanaka", "X_Coord": 31.6061, "Y_Coord": -18.8386 }, "geometry": { "type": "Point", "coordinates": [ 31.606078850085279, -18.838612291398068 ] } },
{ "type": "Feature", "properties": { "ID": 0, "NAME": "Warikandwa", "X_Coord": 31.4921, "Y_Coord": -18.7926 }, "geometry": { "type": "Point", "coordinates": [ 31.492097187712229, -18.792633860030811 ] } },
{ "type": "Feature", "properties": { "ID": 0, "NAME": "Chivhu", "X_Coord": 30.8857, "Y_Coord": -18.9928 }, "geometry": { "type": "Point", "coordinates": [ 30.885740236340645, -18.992838807264192 ] } },
{ "type": "Feature", "properties": { "ID": 0, "NAME": "Chivese", "X_Coord": 31.1067, "Y_Coord": -19.1345 }, "geometry": { "type": "Point", "coordinates": [ 31.106745408377932, -19.134548114232317 ] } },
{ "type": "Feature", "properties": { "ID": 0, "NAME": "Mudavanhu", "X_Coord": 31.2478, "Y_Coord": -19.0767 }, "geometry": { "type": "Point", "coordinates": [ 31.24783575944225, -19.076659590473241 ] } },
{ "type": "Feature", "properties": { "ID": 0, "NAME": "Bvumbura", "X_Coord": 31.2112, "Y_Coord": -19.1365 }, "geometry": { "type": "Point", "coordinates": [ 31.21123452131933, -19.13648669409023 ] } },
{ "type": "Feature", "properties": { "ID": 0, "NAME": "Maronda Mashanu", "X_Coord": 30.9466, "Y_Coord": -18.9353 }, "geometry": { "type": "Point", "coordinates": [ 30.946624532420621, -18.935334807888562 ] } },
{ "type": "Feature", "properties": { "ID": 0, "NAME": "Airdrie Hill", "X_Coord": 31.064, "Y_Coord": -19.0059 }, "geometry": { "type": "Point", "coordinates": [ 31.063955281266466, -19.005930205037924 ] } },
{ "type": "Feature", "properties": { "ID": 0, "NAME": "Mudonzvo", "X_Coord": 31.0733, "Y_Coord": -19.1099 }, "geometry": { "type": "Point", "coordinates": [ 31.073259130931842, -19.109852709898789 ] } },
{ "type": "Feature", "properties": { "ID": 0, "NAME": "Mutemachani", "X_Coord": 31.059, "Y_Coord": -19.0737 }, "geometry": { "type": "Point", "coordinates": [ 31.058960502632992, -19.073698279984889 ] } },
{ "type": "Feature", "properties": { "ID": 0, "NAME": "Madondo", "X_Coord": 31.1094, "Y_Coord": -19.0796 }, "geometry": { "type": "Point", "coordinates": [ 31.109381488382652, -19.079588441077682 ] } },
{ "type": "Feature", "properties": { "ID": 0, "NAME": "Nhidza", "X_Coord": 31.157, "Y_Coord": -19.1132 }, "geometry": { "type": "Point", "coordinates": [ 31.156962939728956, -19.113168133525797 ] } },
{ "type": "Feature", "properties": { "ID": 0, "NAME": "Murezi", "X_Coord": 31.0242, "Y_Coord": -19.1687 }, "geometry": { "type": "Point", "coordinates": [ 31.024179497765815, -19.168714194272869 ] } },
{ "type": "Feature", "properties": { "ID": 0, "NAME": "Nyazvidzi", "X_Coord": 31.1015, "Y_Coord": -19.1919 }, "geometry": { "type": "Point", "coordinates": [ 31.101514604455105, -19.191930773081413 ] } },
{ "type": "Feature", "properties": { "ID": 0, "NAME": "Chikwidibire", "X_Coord": 31.1494, "Y_Coord": -19.1671 }, "geometry": { "type": "Point", "coordinates": [ 31.149357664341533, -19.167054394150334 ] } },
{ "type": "Feature", "properties": { "ID": 0, "NAME": "Banza", "X_Coord": 31.2539, "Y_Coord": -19.1861 }, "geometry": { "type": "Point", "coordinates": [ 31.253928195145136, -19.186062275014539 ] } },
{ "type": "Feature", "properties": { "ID": 0, "NAME": "Guvakuva", "X_Coord": 31.2018, "Y_Coord": -19.1031 }, "geometry": { "type": "Point", "coordinates": [ 31.201794038685925, -19.103120009128805 ] } },
{ "type": "Feature", "properties": { "ID": 0, "NAME": "Govere", "X_Coord": 31.4031, "Y_Coord": -19.0917 }, "geometry": { "type": "Point", "coordinates": [ 31.403070157174035, -19.09171950351244 ] } },
{ "type": "Feature", "properties": { "ID": 0, "NAME": "Mutevere", "X_Coord": 31.5044, "Y_Coord": -19.147 }, "geometry": { "type": "Point", "coordinates": [ 31.504369354310676, -19.147023638725866 ] } },
{ "type": "Feature", "properties": { "ID": 0, "NAME": "Sangwe", "X_Coord": 31.5249, "Y_Coord": -19.1147 }, "geometry": { "type": "Point", "coordinates": [ 31.524907083853652, -19.114668019357474 ] } },
{ "type": "Feature", "properties": { "ID": 0, "NAME": "Chimowa", "X_Coord": 31.5161, "Y_Coord": -19.0621 }, "geometry": { "type": "Point", "coordinates": [ 31.516052699945508, -19.062149726367387 ] } },
{ "type": "Feature", "properties": { "ID": 0, "NAME": "Mutengwa", "X_Coord": 31.5292, "Y_Coord": -18.9872 }, "geometry": { "type": "Point", "coordinates": [ 31.529221801416551, -18.987169176254167 ] } },
{ "type": "Feature", "properties": { "ID": 0, "NAME": "Mangoro", "X_Coord": 31.5614, "Y_Coord": -19.0344 }, "geometry": { "type": "Point", "coordinates": [ 31.561395990430814, -19.034427391080616 ] } },
{ "type": "Feature", "properties": { "ID": 0, "NAME": "Dembwa", "X_Coord": 31.5863, "Y_Coord": -19.0007 }, "geometry": { "type": "Point", "coordinates": [ 31.586288125017454, -19.000738954796788 ] } },
{ "type": "Feature", "properties": { "ID": 0, "NAME": "Mushipe", "X_Coord": 31.6798, "Y_Coord": -19.0083 }, "geometry": { "type": "Point", "coordinates": [ 31.679823061649326, -19.008307102465768 ] } },
{ "type": "Feature", "properties": { "ID": 0, "NAME": "Matave", "X_Coord": 31.6351, "Y_Coord": -18.9616 }, "geometry": { "type": "Point", "coordinates": [ 31.635105115539897, -18.961582581534383 ] } },
{ "type": "Feature", "properties": { "ID": 0, "NAME": "Chinyika", "X_Coord": 31.5246, "Y_Coord": -18.8662 }, "geometry": { "type": "Point", "coordinates": [ 31.524575212320823, -18.86616361741525 ] } },
{ "type": "Feature", "properties": { "ID": 0, "NAME": "Chisangano", "X_Coord": 31.5675, "Y_Coord": -18.8714 }, "geometry": { "type": "Point", "coordinates": [ 31.567501138161354, -18.871425268226222 ] } },
{ "type": "Feature", "properties": { "ID": 0, "NAME": "Jeche", "X_Coord": 31.6193, "Y_Coord": -18.9092 }, "geometry": { "type": "Point", "coordinates": [ 31.619342866681393, -18.9091821398005 ] } },
{ "type": "Feature", "properties": { "ID": 0, "NAME": "Mudoti St Faith", "X_Coord": 31.4717, "Y_Coord": -19.0617 }, "geometry": { "type": "Point", "coordinates": [ 31.471656773066972, -19.061694909473406 ] } },
{ "type": "Feature", "properties": { "ID": 0, "NAME": "Mpatsi", "X_Coord": 31.4609, "Y_Coord": -19.0466 }, "geometry": { "type": "Point", "coordinates": [ 31.460919154398727, -19.04655179201696 ] } },
{ "type": "Feature", "properties": { "ID": 0, "NAME": "Chimombe", "X_Coord": 31.4513, "Y_Coord": -19.0368 }, "geometry": { "type": "Point", "coordinates": [ 31.451250261681139, -19.036776958487874 ] } },
{ "type": "Feature", "properties": { "ID": 0, "NAME": "Chisaira", "X_Coord": 31.5062, "Y_Coord": -19.0217 }, "geometry": { "type": "Point", "coordinates": [ 31.506165448680644, -19.02171333233947 ] } },
{ "type": "Feature", "properties": { "ID": 0, "NAME": "Chinyika", "X_Coord": 31.5026, "Y_Coord": -18.9259 }, "geometry": { "type": "Point", "coordinates": [ 31.502553772031945, -18.92589218924461 ] } },
{ "type": "Feature", "properties": { "ID": 0, "NAME": "Mutoredzanwa", "X_Coord": 31.4593, "Y_Coord": -18.9476 }, "geometry": { "type": "Point", "coordinates": [ 31.45931474184307, -18.94764860679501 ] } },
{ "type": "Feature", "properties": { "ID": 0, "NAME": "Manyere", "X_Coord": 31.5014, "Y_Coord": -18.9585 }, "geometry": { "type": "Point", "coordinates": [ 31.501444545671884, -18.958460834947012 ] } },
{ "type": "Feature", "properties": { "ID": 0, "NAME": "Nangabwe", "X_Coord": 31.5015, "Y_Coord": -18.8479 }, "geometry": { "type": "Point", "coordinates": [ 31.501459632884469, -18.847872304778267 ] } },
{ "type": "Feature", "properties": { "ID": 0, "NAME": "Mudawarima", "X_Coord": 31.4431, "Y_Coord": -18.984 }, "geometry": { "type": "Point", "coordinates": [ 31.443064611437173, -18.983988373393249 ] } },
{ "type": "Feature", "properties": { "ID": 0, "NAME": "Nzuma St Hellen", "X_Coord": 31.4035, "Y_Coord": -19.0082 }, "geometry": { "type": "Point", "coordinates": [ 31.403469882697763, -19.008166726662115 ] } },
{ "type": "Feature", "properties": { "ID": 0, "NAME": "Zhenje", "X_Coord": 31.3126, "Y_Coord": -19.0664 }, "geometry": { "type": "Point", "coordinates": [ 31.312642173935561, -19.066381441019086 ] } },
{ "type": "Feature", "properties": { "ID": 0, "NAME": "Zinatsa", "X_Coord": 31.3608, "Y_Coord": -19.0496 }, "geometry": { "type": "Point", "coordinates": [ 31.36076095390964, -19.049553020002723 ] } },
{ "type": "Feature", "properties": { "ID": 0, "NAME": "Munyimi", "X_Coord": 31.3388, "Y_Coord": -19.0343 }, "geometry": { "type": "Point", "coordinates": [ 31.338784128311474, -19.034306948856209 ] } },
{ "type": "Feature", "properties": { "ID": 0, "NAME": "Zheke", "X_Coord": 31.2563, "Y_Coord": -19.0313 }, "geometry": { "type": "Point", "coordinates": [ 31.256347495340354, -19.031344687311915 ] } },
{ "type": "Feature", "properties": { "ID": 0, "NAME": "Chafa", "X_Coord": 31.1856, "Y_Coord": -19.0658 }, "geometry": { "type": "Point", "coordinates": [ 31.185613563059601, -19.065773656543666 ] } },
{ "type": "Feature", "properties": { "ID": 0, "NAME": "Masvaure", "X_Coord": 31.4195, "Y_Coord": -18.9061 }, "geometry": { "type": "Point", "coordinates": [ 31.419502313033824, -18.906096609469156 ] } },
{ "type": "Feature", "properties": { "ID": 0, "NAME": "Badza", "X_Coord": 31.1777, "Y_Coord": -19.0428 }, "geometry": { "type": "Point", "coordinates": [ 31.177680407050854, -19.042840522936622 ] } },
{ "type": "Feature", "properties": { "ID": 0, "NAME": "Mahusvu", "X_Coord": 31.1487, "Y_Coord": -19.0317 }, "geometry": { "type": "Point", "coordinates": [ 31.148663113283639, -19.031707470669478 ] } },
{ "type": "Feature", "properties": { "ID": 0, "NAME": "Madzivire", "X_Coord": 31.1294, "Y_Coord": -19.0616 }, "geometry": { "type": "Point", "coordinates": [ 31.129426325833993, -19.061638997484067 ] } },
{ "type": "Feature", "properties": { "ID": 0, "NAME": "Hokonya", "X_Coord": 31.1099, "Y_Coord": -19.0319 }, "geometry": { "type": "Point", "coordinates": [ 31.109872154029457, -19.031942681339867 ] } },
{ "type": "Feature", "properties": { "ID": 0, "NAME": "Masunda", "X_Coord": 31.1059, "Y_Coord": -19.0221 }, "geometry": { "type": "Point", "coordinates": [ 31.105855491197513, -19.022137769794618 ] } },
{ "type": "Feature", "properties": { "ID": 0, "NAME": "Range", "X_Coord": 31.0242, "Y_Coord": -18.9989 }, "geometry": { "type": "Point", "coordinates": [ 31.024223560837729, -18.99889429995423 ] } },
{ "type": "Feature", "properties": { "ID": 0, "NAME": "Simukai", "X_Coord": 31.0362, "Y_Coord": -18.9947 }, "geometry": { "type": "Point", "coordinates": [ 31.036250003808426, -18.9947148046321 ] } },
{ "type": "Feature", "properties": { "ID": 0, "NAME": "Mupfuririrwa", "X_Coord": 31.2428, "Y_Coord": -19.0075 }, "geometry": { "type": "Point", "coordinates": [ 31.242803691968501, -19.007538601037059 ] } },
{ "type": "Feature", "properties": { "ID": 0, "NAME": "Chirume", "X_Coord": 31.2154, "Y_Coord": -19.0038 }, "geometry": { "type": "Point", "coordinates": [ 31.215398351426472, -19.003798122767694 ] } },
{ "type": "Feature", "properties": { "ID": 0, "NAME": "Chideme", "X_Coord": 31.344, "Y_Coord": -18.9741 }, "geometry": { "type": "Point", "coordinates": [ 31.344021647698661, -18.974076253616364 ] } },
{ "type": "Feature", "properties": { "ID": 0, "NAME": "Unyetu", "X_Coord": 31.3161, "Y_Coord": -18.9503 }, "geometry": { "type": "Point", "coordinates": [ 31.316107456939392, -18.950258014610867 ] } },
{ "type": "Feature", "properties": { "ID": 0, "NAME": "Ranga", "X_Coord": 31.2832, "Y_Coord": -18.9799 }, "geometry": { "type": "Point", "coordinates": [ 31.283185971508537, -18.979905532591896 ] } },
{ "type": "Feature", "properties": { "ID": 0, "NAME": "Nyahoni", "X_Coord": 31.2501, "Y_Coord": -18.9792 }, "geometry": { "type": "Point", "coordinates": [ 31.250076857999684, -18.979233208351452 ] } },
{ "type": "Feature", "properties": { "ID": 0, "NAME": "Mashambamuto", "X_Coord": 31.2138, "Y_Coord": -18.9275 }, "geometry": { "type": "Point", "coordinates": [ 31.213764916307834, -18.927523172541861 ] } },
{ "type": "Feature", "properties": { "ID": 0, "NAME": "Sadza", "X_Coord": 31.4616, "Y_Coord": -18.8801 }, "geometry": { "type": "Point", "coordinates": [ 31.461632308180874, -18.880054761477613 ] } },
{ "type": "Feature", "properties": { "ID": 0, "NAME": "Domboramavara", "X_Coord": 31.3983, "Y_Coord": -18.8681 }, "geometry": { "type": "Point", "coordinates": [ 31.398324746684661, -18.868122955069506 ] } },
{ "type": "Feature", "properties": { "ID": 0, "NAME": "Zvamatobwe", "X_Coord": 31.3895, "Y_Coord": -18.8172 }, "geometry": { "type": "Point", "coordinates": [ 31.389471417004781, -18.817179706444321 ] } },
{ "type": "Feature", "properties": { "ID": 0, "NAME": "Masasa", "X_Coord": 31.2516, "Y_Coord": -18.8842 }, "geometry": { "type": "Point", "coordinates": [ 31.251584640394352, -18.884222034359226 ] } },
{ "type": "Feature", "properties": { "ID": 0, "NAME": "Rambakurimwa", "X_Coord": 31.1584, "Y_Coord": -18.8492 }, "geometry": { "type": "Point", "coordinates": [ 31.158424902204285, -18.849244931355194 ] } },
{ "type": "Feature", "properties": { "ID": 0, "NAME": "Zuru", "X_Coord": 31.1134, "Y_Coord": -18.8767 }, "geometry": { "type": "Point", "coordinates": [ 31.113388697299882, -18.876742405297144 ] } },
{ "type": "Feature", "properties": { "ID": 0, "NAME": "All Saint (Wrening)", "X_Coord": 31.0061, "Y_Coord": -18.8821 }, "geometry": { "type": "Point", "coordinates": [ 31.006060516767864, -18.882071239054522 ] } },
{ "type": "Feature", "properties": { "ID": 0, "NAME": "Manyene", "X_Coord": 30.9967, "Y_Coord": -18.849 }, "geometry": { "type": "Point", "coordinates": [ 30.996670975063626, -18.849007963918126 ] } },
{ "type": "Feature", "properties": { "ID": 0, "NAME": "Chamukwazera", "X_Coord": 30.9825, "Y_Coord": -18.844 }, "geometry": { "type": "Point", "coordinates": [ 30.982498287846944, -18.844005128519079 ] } },
{ "type": "Feature", "properties": { "ID": 0, "NAME": "Zimondi St. Mark", "X_Coord": 31.0062, "Y_Coord": -18.8271 }, "geometry": { "type": "Point", "coordinates": [ 31.006221286922464, -18.827094015354199 ] } },
{ "type": "Feature", "properties": { "ID": 0, "NAME": "Mboe", "X_Coord": 31.1934, "Y_Coord": -18.7821 }, "geometry": { "type": "Point", "coordinates": [ 31.193361078338025, -18.782080637175859 ] } },
{ "type": "Feature", "properties": { "ID": 0, "NAME": "Zabe", "X_Coord": 31.3323, "Y_Coord": -18.7917 }, "geometry": { "type": "Point", "coordinates": [ 31.332287667564145, -18.791678866457694 ] } },
{ "type": "Feature", "properties": { "ID": 0, "NAME": "Masanganise", "X_Coord": 31.3859, "Y_Coord": -18.7748 }, "geometry": { "type": "Point", "coordinates": [ 31.385943901136773, -18.774808337672667 ] } },
{ "type": "Feature", "properties": { "ID": 0, "NAME": "Rutanhira", "X_Coord": 31.4099, "Y_Coord": -18.7691 }, "geometry": { "type": "Point", "coordinates": [ 31.409863235606458, -18.769147779493565 ] } },
{ "type": "Feature", "properties": { "ID": 0, "NAME": "Manhanzva", "X_Coord": 31.3981, "Y_Coord": -18.7668 }, "geometry": { "type": "Point", "coordinates": [ 31.398084238562365, -18.76675540675474 ] } },
{ "type": "Feature", "properties": { "ID": 0, "NAME": "Chikwezvero", "X_Coord": 31.4506, "Y_Coord": -18.7474 }, "geometry": { "type": "Point", "coordinates": [ 31.450562813751841, -18.747414087170466 ] } },
{ "type": "Feature", "properties": { "ID": 0, "NAME": "Mtoro", "X_Coord": 31.0836, "Y_Coord": -18.8277 }, "geometry": { "type": "Point", "coordinates": [ 31.083601125507773, -18.827708938298073 ] } },
{ "type": "Feature", "properties": { "ID": 0, "NAME": "Majumba", "X_Coord": 31.2093, "Y_Coord": -18.7225 }, "geometry": { "type": "Point", "coordinates": [ 31.209251209498195, -18.722488185858836 ] } },
{ "type": "Feature", "properties": { "ID": 0, "NAME": "Gandami", "X_Coord": 31.2802, "Y_Coord": -18.693 }, "geometry": { "type": "Point", "coordinates": [ 31.280195920642594, -18.693032234903633 ] } },
{ "type": "Feature", "properties": { "ID": 0, "NAME": "Chokodza", "X_Coord": 31.3929, "Y_Coord": -18.7053 }, "geometry": { "type": "Point", "coordinates": [ 31.392870748947921, -18.705279188595334 ] } },
{ "type": "Feature", "properties": { "ID": 0, "NAME": "Matirige", "X_Coord": 31.3523, "Y_Coord": -18.6656 }, "geometry": { "type": "Point", "coordinates": [ 31.352284887630269, -18.665633659757617 ] } },
{ "type": "Feature", "properties": { "ID": 0, "NAME": "Charter Estate", "X_Coord": 31.0648, "Y_Coord": -18.5226 }, "geometry": { "type": "Point", "coordinates": [ 31.064808165486212, -18.522639542398782 ] } },
{ "type": "Feature", "properties": { "ID": 0, "NAME": "Sabi", "X_Coord": 31.3052, "Y_Coord": -18.651 }, "geometry": { "type": "Point", "coordinates": [ 31.305188033731788, -18.651034085195395 ] } },
{ "type": "Feature", "properties": { "ID": 0, "NAME": "Mungurawu", "X_Coord": 31.602, "Y_Coord": -18.8758 }, "geometry": { "type": "Point", "coordinates": [ 31.602043590949577, -18.875779115008733 ] } },
{ "type": "Feature", "properties": { "ID": 0, "NAME": "Chapoto", "X_Coord": 30.3806, "Y_Coord": -15.6667 }, "geometry": { "type": "Point", "coordinates": [ 30.380636440745512, -15.666700152816306 ] } },
{ "type": "Feature", "properties": { "ID": 0, "NAME": "Chitima", "X_Coord": 30.3531, "Y_Coord": -16.0706 }, "geometry": { "type": "Point", "coordinates": [ 30.353090643235305, -16.07056197853618 ] } },
{ "type": "Feature", "properties": { "ID": 0, "NAME": "Chisunga", "X_Coord": 30.2994, "Y_Coord": -16.1082 }, "geometry": { "type": "Point", "coordinates": [ 30.299351406913996, -16.108189875737096 ] } },
{ "type": "Feature", "properties": { "ID": 0, "NAME": "Makuwatsine", "X_Coord": 30.4522, "Y_Coord": -16.2665 }, "geometry": { "type": "Point", "coordinates": [ 30.452214119081368, -16.266458263614972 ] } },
{ "type": "Feature", "properties": { "ID": 0, "NAME": "Kabvuma", "X_Coord": 30.492, "Y_Coord": -16.2922 }, "geometry": { "type": "Point", "coordinates": [ 30.491959452681652, -16.292233270206047 ] } },
{ "type": "Feature", "properties": { "ID": 0, "NAME": "Mhakwe", "X_Coord": 30.5173, "Y_Coord": -16.3184 }, "geometry": { "type": "Point", "coordinates": [ 30.517296489774054, -16.318367098583987 ] } },
{ "type": "Feature", "properties": { "ID": 0, "NAME": "Neshangwe", "X_Coord": 30.5544, "Y_Coord": -16.2032 }, "geometry": { "type": "Point", "coordinates": [ 30.554433564176101, -16.203219346650091 ] } },
{ "type": "Feature", "properties": { "ID": 0, "NAME": "Majongwe", "X_Coord": 30.5891, "Y_Coord": -16.2225 }, "geometry": { "type": "Point", "coordinates": [ 30.58908752755255, -16.222472890844145 ] } },
{ "type": "Feature", "properties": { "ID": 0, "NAME": "Karai", "X_Coord": 30.5718, "Y_Coord": -16.3094 }, "geometry": { "type": "Point", "coordinates": [ 30.571808495133361, -16.309433620000501 ] } },
{ "type": "Feature", "properties": { "ID": 0, "NAME": "Chirunya", "X_Coord": 30.6024, "Y_Coord": -16.3612 }, "geometry": { "type": "Point", "coordinates": [ 30.602372517528103, -16.361174470300686 ] } },
{ "type": "Feature", "properties": { "ID": 0, "NAME": "Mushongahande", "X_Coord": 30.5137, "Y_Coord": -16.44 }, "geometry": { "type": "Point", "coordinates": [ 30.513678084381347, -16.439997024423587 ] } },
{ "type": "Feature", "properties": { "ID": 0, "NAME": "Hambe", "X_Coord": 30.6822, "Y_Coord": -16.3404 }, "geometry": { "type": "Point", "coordinates": [ 30.682199956758559, -16.340396580322917 ] } },
{ "type": "Feature", "properties": { "ID": 0, "NAME": "Mahuwe", "X_Coord": 30.7647, "Y_Coord": -16.3878 }, "geometry": { "type": "Point", "coordinates": [ 30.764694802508387, -16.387797123611428 ] } },
{ "type": "Feature", "properties": { "ID": 0, "NAME": "Mushoshoma", "X_Coord": 30.6745, "Y_Coord": -16.4205 }, "geometry": { "type": "Point", "coordinates": [ 30.674546880683017, -16.420502359615831 ] } },
{ "type": "Feature", "properties": { "ID": 0, "NAME": "Kadzimwenji", "X_Coord": 30.6225, "Y_Coord": -16.4355 }, "geometry": { "type": "Point", "coordinates": [ 30.62250026344665, -16.435534880074169 ] } },
{ "type": "Feature", "properties": { "ID": 0, "NAME": "Gota", "X_Coord": 30.6508, "Y_Coord": -16.4819 }, "geometry": { "type": "Point", "coordinates": [ 30.650800155589387, -16.481911283657929 ] } },
{ "type": "Feature", "properties": { "ID": 0, "NAME": "Negomo", "X_Coord": 30.75, "Y_Coord": -16.5119 }, "geometry": { "type": "Point", "coordinates": [ 30.750023605339962, -16.511933973499165 ] } },
{ "type": "Feature", "properties": { "ID": 0, "NAME": "Chemachinda", "X_Coord": 30.5304, "Y_Coord": -16.5203 }, "geometry": { "type": "Point", "coordinates": [ 30.530385633671404, -16.520337899786838 ] } },
{ "type": "Feature", "properties": { "ID": 0, "NAME": "Mamini", "X_Coord": 30.498, "Y_Coord": -16.5661 }, "geometry": { "type": "Point", "coordinates": [ 30.498032540209994, -16.56612896213425 ] } },
{ "type": "Feature", "properties": { "ID": 0, "NAME": "Chingwaro", "X_Coord": 30.5522, "Y_Coord": -16.5611 }, "geometry": { "type": "Point", "coordinates": [ 30.55216760110762, -16.561139051096323 ] } },
{ "type": "Feature", "properties": { "ID": 0, "NAME": "Kemutamba", "X_Coord": 30.4559, "Y_Coord": -16.6304 }, "geometry": { "type": "Point", "coordinates": [ 30.455921003541963, -16.630367390025192 ] } },
{ "type": "Feature", "properties": { "ID": 0, "NAME": "Mbizimwenje", "X_Coord": 30.5494, "Y_Coord": -16.6278 }, "geometry": { "type": "Point", "coordinates": [ 30.549351322632866, -16.62776119500808 ] } },
{ "type": "Feature", "properties": { "ID": 0, "NAME": "Mukwenya", "X_Coord": 30.5982, "Y_Coord": -16.6368 }, "geometry": { "type": "Point", "coordinates": [ 30.598157421369137, -16.636751292367538 ] } },
{ "type": "Feature", "properties": { "ID": 0, "NAME": "Nyamanji", "X_Coord": 30.6432, "Y_Coord": -16.6217 }, "geometry": { "type": "Point", "coordinates": [ 30.643243859929626, -16.621651601603393 ] } },
{ "type": "Feature", "properties": { "ID": 0, "NAME": "Chipangura", "X_Coord": 30.6681, "Y_Coord": -16.668 }, "geometry": { "type": "Point", "coordinates": [ 30.668063662734422, -16.667994420034244 ] } },
{ "type": "Feature", "properties": { "ID": 0, "NAME": "Guruva", "X_Coord": 30.6929, "Y_Coord": -16.6612 }, "geometry": { "type": "Point", "coordinates": [ 30.692851568892028, -16.661217921450444 ] } },
{ "type": "Feature", "properties": { "ID": 0, "NAME": "Gwakwe", "X_Coord": 30.7187, "Y_Coord": -16.6094 }, "geometry": { "type": "Point", "coordinates": [ 30.718681746587794, -16.609350435933536 ] } },
{ "type": "Feature", "properties": { "ID": 0, "NAME": "Red Lichen", "X_Coord": 30.7761, "Y_Coord": -16.5823 }, "geometry": { "type": "Point", "coordinates": [ 30.776077290222009, -16.582342590658691 ] } },
{ "type": "Feature", "properties": { "ID": 0, "NAME": "Siyalima", "X_Coord": 30.8273, "Y_Coord": -16.6334 }, "geometry": { "type": "Point", "coordinates": [ 30.827291260403332, -16.63345023473283 ] } },
{ "type": "Feature", "properties": { "ID": 0, "NAME": "Chimanikire", "X_Coord": 30.7199, "Y_Coord": -16.686 }, "geometry": { "type": "Point", "coordinates": [ 30.719942534253114, -16.686034380781638 ] } },
{ "type": "Feature", "properties": { "ID": 0, "NAME": "Ruwinga", "X_Coord": 30.6583, "Y_Coord": -16.724 }, "geometry": { "type": "Point", "coordinates": [ 30.658311377712028, -16.724042401037977 ] } },
{ "type": "Feature", "properties": { "ID": 0, "NAME": "Muzura", "X_Coord": 30.5585, "Y_Coord": -16.7402 }, "geometry": { "type": "Point", "coordinates": [ 30.558478386856194, -16.740215228200189 ] } },
{ "type": "Feature", "properties": { "ID": 0, "NAME": "Muzika", "X_Coord": 30.7655, "Y_Coord": -16.6943 }, "geometry": { "type": "Point", "coordinates": [ 30.765509108810537, -16.694332425129534 ] } },
{ "type": "Feature", "properties": { "ID": 0, "NAME": "Kugotsi", "X_Coord": 30.715, "Y_Coord": -16.7432 }, "geometry": { "type": "Point", "coordinates": [ 30.714999180415081, -16.743237781704245 ] } },
{ "type": "Feature", "properties": { "ID": 0, "NAME": "Nyakapupu", "X_Coord": 30.6096, "Y_Coord": -16.7573 }, "geometry": { "type": "Point", "coordinates": [ 30.609645908845419, -16.757341301436782 ] } },
{ "type": "Feature", "properties": { "ID": 0, "NAME": "Chakaodza", "X_Coord": 30.7002, "Y_Coord": -16.7628 }, "geometry": { "type": "Point", "coordinates": [ 30.700194402953343, -16.762751228454938 ] } },
{ "type": "Feature", "properties": { "ID": 0, "NAME": "Kondo", "X_Coord": 30.7868, "Y_Coord": -16.7192 }, "geometry": { "type": "Point", "coordinates": [ 30.786755848373883, -16.719233875468266 ] } },
{ "type": "Feature", "properties": { "ID": 0, "NAME": "Chimbumu", "X_Coord": 30.782, "Y_Coord": -16.7903 }, "geometry": { "type": "Point", "coordinates": [ 30.781963438431784, -16.790252791875517 ] } },
{ "type": "Feature", "properties": { "ID": 0, "NAME": "Chimfombo", "X_Coord": 30.6118, "Y_Coord": -16.6717 }, "geometry": { "type": "Point", "coordinates": [ 30.611792653033117, -16.671680612732498 ] } },
{ "type": "Feature", "properties": { "ID": 0, "NAME": "Horse Shoe", "X_Coord": 30.876, "Y_Coord": -16.6974 }, "geometry": { "type": "Point", "coordinates": [ 30.876033236726791, -16.697415088804263 ] } },
{ "type": "Feature", "properties": { "ID": 0, "NAME": "Nyandoro", "X_Coord": 30.6387, "Y_Coord": -16.81 }, "geometry": { "type": "Point", "coordinates": [ 30.638669012122357, -16.810038253750868 ] } },
{ "type": "Feature", "properties": { "ID": 0, "NAME": "Mupinyuri", "X_Coord": 30.6881, "Y_Coord": -16.8055 }, "geometry": { "type": "Point", "coordinates": [ 30.688120627819242, -16.80547541167665 ] } },
{ "type": "Feature", "properties": { "ID": 0, "NAME": "Nyamhondoro", "X_Coord": 30.7189, "Y_Coord": -16.8295 }, "geometry": { "type": "Point", "coordinates": [ 30.718857675865955, -16.829460433195791 ] } },
{ "type": "Feature", "properties": { "ID": 0, "NAME": "Maware", "X_Coord": 30.5535, "Y_Coord": -16.846 }, "geometry": { "type": "Point", "coordinates": [ 30.55353232468546, -16.846009232513577 ] } },
{ "type": "Feature", "properties": { "ID": 0, "NAME": "Magaya", "X_Coord": 30.5865, "Y_Coord": -16.8478 }, "geometry": { "type": "Point", "coordinates": [ 30.586548593201496, -16.847839886053222 ] } },
{ "type": "Feature", "properties": { "ID": 0, "NAME": "Chifamba", "X_Coord": 30.6811, "Y_Coord": -16.8528 }, "geometry": { "type": "Point", "coordinates": [ 30.681092214071089, -16.852784360402698 ] } },
{ "type": "Feature", "properties": { "ID": 0, "NAME": "Nyanhunzwi", "X_Coord": 30.6229, "Y_Coord": -16.8815 }, "geometry": { "type": "Point", "coordinates": [ 30.622881218938431, -16.881455065743804 ] } },
{ "type": "Feature", "properties": { "ID": 0, "NAME": "Mucherengi", "X_Coord": 30.7139, "Y_Coord": -16.8788 }, "geometry": { "type": "Point", "coordinates": [ 30.71384941459155, -16.878804910810025 ] } },
{ "type": "Feature", "properties": { "ID": 0, "NAME": "Chikwirandaombera", "X_Coord": 30.6746, "Y_Coord": -16.9016 }, "geometry": { "type": "Point", "coordinates": [ 30.674578878038218, -16.901610304783024 ] } },
{ "type": "Feature", "properties": { "ID": 0, "NAME": "Mupfure", "X_Coord": 31.4851, "Y_Coord": -16.8708 }, "geometry": { "type": "Point", "coordinates": [ 31.48513345258921, -16.870835902219802 ] } },
{ "type": "Feature", "properties": { "ID": 0, "NAME": "Chihuri", "X_Coord": 31.4252, "Y_Coord": -16.8952 }, "geometry": { "type": "Point", "coordinates": [ 31.425186941436642, -16.895164657047861 ] } },
{ "type": "Feature", "properties": { "ID": 0, "NAME": "Nyamaruro", "X_Coord": 31.3964, "Y_Coord": -16.9525 }, "geometry": { "type": "Point", "coordinates": [ 31.396361191942159, -16.952476938609404 ] } },
{ "type": "Feature", "properties": { "ID": 0, "NAME": "Mutumba", "X_Coord": 31.4919, "Y_Coord": -16.993 }, "geometry": { "type": "Point", "coordinates": [ 31.491948070045183, -16.992992921647559 ] } },
{ "type": "Feature", "properties": { "ID": 0, "NAME": "Kaziro", "X_Coord": 31.49, "Y_Coord": -16.9521 }, "geometry": { "type": "Point", "coordinates": [ 31.490047086590454, -16.952096404695624 ] } },
{ "type": "Feature", "properties": { "ID": 0, "NAME": "Chimbira", "X_Coord": 31.4507, "Y_Coord": -16.9524 }, "geometry": { "type": "Point", "coordinates": [ 31.450674944684703, -16.952354227839706 ] } },
{ "type": "Feature", "properties": { "ID": 0, "NAME": "Madziwa", "X_Coord": 31.5283, "Y_Coord": -16.907 }, "geometry": { "type": "Point", "coordinates": [ 31.52830093746573, -16.907007503662498 ] } },
{ "type": "Feature", "properties": { "ID": 0, "NAME": "Mushowani", "X_Coord": 31.5343, "Y_Coord": -16.9672 }, "geometry": { "type": "Point", "coordinates": [ 31.534317299893363, -16.967166246225556 ] } },
{ "type": "Feature", "properties": { "ID": 0, "NAME": "Nyarukunda", "X_Coord": 31.4247, "Y_Coord": -17.0092 }, "geometry": { "type": "Point", "coordinates": [ 31.424725514612028, -17.009207315542017 ] } },
{ "type": "Feature", "properties": { "ID": 0, "NAME": "Nyamaropa", "X_Coord": 31.5354, "Y_Coord": -17.0336 }, "geometry": { "type": "Point", "coordinates": [ 31.535410653914838, -17.033594144387312 ] } },
{ "type": "Feature", "properties": { "ID": 0, "NAME": "Mudzinge", "X_Coord": 31.6144, "Y_Coord": -17.0255 }, "geometry": { "type": "Point", "coordinates": [ 31.61435501926459, -17.025485792754932 ] } },
{ "type": "Feature", "properties": { "ID": 0, "NAME": "Chindunduma", "X_Coord": 31.6218, "Y_Coord": -16.9629 }, "geometry": { "type": "Point", "coordinates": [ 31.621756652197831, -16.962914606723544 ] } },
{ "type": "Feature", "properties": { "ID": 0, "NAME": "Magadzi", "X_Coord": 31.6856, "Y_Coord": -16.9158 }, "geometry": { "type": "Point", "coordinates": [ 31.685650542318239, -16.915820813376559 ] } },
{ "type": "Feature", "properties": { "ID": 0, "NAME": "Mukwari", "X_Coord": 31.6748, "Y_Coord": -16.9917 }, "geometry": { "type": "Point", "coordinates": [ 31.67477093191404, -16.991736025570255 ] } },
{ "type": "Feature", "properties": { "ID": 0, "NAME": "Chidembo", "X_Coord": 31.4595, "Y_Coord": -17.0716 }, "geometry": { "type": "Point", "coordinates": [ 31.459509690261637, -17.071612613164955 ] } },
{ "type": "Feature", "properties": { "ID": 0, "NAME": "Chevakadzi", "X_Coord": 31.4946, "Y_Coord": -17.1205 }, "geometry": { "type": "Point", "coordinates": [ 31.494564059802496, -17.120481989001224 ] } },
{ "type": "Feature", "properties": { "ID": 0, "NAME": "Muringamombe", "X_Coord": 31.6245, "Y_Coord": -17.0931 }, "geometry": { "type": "Point", "coordinates": [ 31.624451335263963, -17.093081341422398 ] } },
{ "type": "Feature", "properties": { "ID": 0, "NAME": "Madziwa Mine", "X_Coord": 31.6644, "Y_Coord": -17.0593 }, "geometry": { "type": "Point", "coordinates": [ 31.664378447777555, -17.059286539900071 ] } },
{ "type": "Feature", "properties": { "ID": 0, "NAME": "Batsiranai", "X_Coord": 31.6869, "Y_Coord": -17.1099 }, "geometry": { "type": "Point", "coordinates": [ 31.686942318256879, -17.109902292231133 ] } },
{ "type": "Feature", "properties": { "ID": 0, "NAME": "Jiti", "X_Coord": 31.6136, "Y_Coord": -17.1606 }, "geometry": { "type": "Point", "coordinates": [ 31.613559142347277, -17.160642742735199 ] } },
{ "type": "Feature", "properties": { "ID": 0, "NAME": "Gono", "X_Coord": 31.5581, "Y_Coord": -17.1486 }, "geometry": { "type": "Point", "coordinates": [ 31.55807148375505, -17.148583380565189 ] } },
{ "type": "Feature", "properties": { "ID": 0, "NAME": "Sanye", "X_Coord": 31.665, "Y_Coord": -17.1477 }, "geometry": { "type": "Point", "coordinates": [ 31.665011383160497, -17.147727768126448 ] } },
{ "type": "Feature", "properties": { "ID": 0, "NAME": "Bushu", "X_Coord": 31.5589, "Y_Coord": -17.198 }, "geometry": { "type": "Point", "coordinates": [ 31.558942450926246, -17.198035401188648 ] } },
{ "type": "Feature", "properties": { "ID": 0, "NAME": "Rusununguko", "X_Coord": 31.431, "Y_Coord": -17.091 }, "geometry": { "type": "Point", "coordinates": [ 31.430980431862451, -17.090965429806047 ] } },
{ "type": "Feature", "properties": { "ID": 0, "NAME": "Rushington", "X_Coord": 31.5699, "Y_Coord": -17.2349 }, "geometry": { "type": "Point", "coordinates": [ 31.569903919460778, -17.234891652865166 ] } },
{ "type": "Feature", "properties": { "ID": 0, "NAME": "Nherera", "X_Coord": 31.6508, "Y_Coord": -17.2618 }, "geometry": { "type": "Point", "coordinates": [ 31.650805636523465, -17.261760491886868 ] } },
{ "type": "Feature", "properties": { "ID": 0, "NAME": "Mashambanyama", "X_Coord": 31.5436, "Y_Coord": -17.3329 }, "geometry": { "type": "Point", "coordinates": [ 31.543569793670418, -17.332874499254171 ] } },
{ "type": "Feature", "properties": { "ID": 0, "NAME": "Soma", "X_Coord": 31.4842, "Y_Coord": -17.2868 }, "geometry": { "type": "Point", "coordinates": [ 31.484189757915829, -17.286776236484243 ] } },
{ "type": "Feature", "properties": { "ID": 0, "NAME": "Enterprise", "X_Coord": 31.5061, "Y_Coord": -17.4016 }, "geometry": { "type": "Point", "coordinates": [ 31.50610506915028, -17.401573840900717 ] } },
{ "type": "Feature", "properties": { "ID": 0, "NAME": "Shamva", "X_Coord": 31.5765, "Y_Coord": -17.2973 }, "geometry": { "type": "Point", "coordinates": [ 31.576469777962934, -17.297313987693411 ] } },
{ "type": "Feature", "properties": { "ID": 0, "NAME": "Mufurudzi", "X_Coord": 31.3978, "Y_Coord": -17.0585 }, "geometry": { "type": "Point", "coordinates": [ 31.397838089510255, -17.058531164392498 ] } },
{ "type": "Feature", "properties": { "ID": 0, "NAME": "Wadzanai", "X_Coord": 31.5708, "Y_Coord": -17.284 }, "geometry": { "type": "Point", "coordinates": [ 31.570819610052201, -17.283961908951397 ] } },
{ "type": "Feature", "properties": { "ID": 0, "NAME": "Chimandau", "X_Coord": 32.5612, "Y_Coord": -16.6586 }, "geometry": { "type": "Point", "coordinates": [ 32.56115478238015, -16.658629650657126 ] } },
{ "type": "Feature", "properties": { "ID": 0, "NAME": "Chapinduka", "X_Coord": 32.6214, "Y_Coord": -16.6766 }, "geometry": { "type": "Point", "coordinates": [ 32.621409308631868, -16.676604160400771 ] } },
{ "type": "Feature", "properties": { "ID": 0, "NAME": "Mukosa", "X_Coord": 32.6363, "Y_Coord": -16.6535 }, "geometry": { "type": "Point", "coordinates": [ 32.636307644121615, -16.653449896893616 ] } },
{ "type": "Feature", "properties": { "ID": 0, "NAME": "Nyabawa", "X_Coord": 32.7197, "Y_Coord": -16.7191 }, "geometry": { "type": "Point", "coordinates": [ 32.719720468687548, -16.719142961639236 ] } },
{ "type": "Feature", "properties": { "ID": 0, "NAME": "Nyamuzeya", "X_Coord": 32.5793, "Y_Coord": -16.5966 }, "geometry": { "type": "Point", "coordinates": [ 32.579283954942497, -16.596621555748005 ] } },
{ "type": "Feature", "properties": { "ID": 0, "NAME": "Nyanhewe", "X_Coord": 32.4593, "Y_Coord": -16.6301 }, "geometry": { "type": "Point", "coordinates": [ 32.459314765586399, -16.630069775429604 ] } },
{ "type": "Feature", "properties": { "ID": 0, "NAME": "Bopoma", "X_Coord": 32.436, "Y_Coord": -16.6706 }, "geometry": { "type": "Point", "coordinates": [ 32.435954959317598, -16.670597101727751 ] } },
{ "type": "Feature", "properties": { "ID": 0, "NAME": "Makachi", "X_Coord": 32.0545, "Y_Coord": -16.7467 }, "geometry": { "type": "Point", "coordinates": [ 32.054490255941801, -16.746711775940593 ] } },
{ "type": "Feature", "properties": { "ID": 0, "NAME": "Mazowe Bridge", "X_Coord": 32.2734, "Y_Coord": -16.7453 }, "geometry": { "type": "Point", "coordinates": [ 32.273370974948868, -16.745282362458756 ] } },
{ "type": "Feature", "properties": { "ID": 0, "NAME": "Maname", "X_Coord": 31.9661, "Y_Coord": -16.5157 }, "geometry": { "type": "Point", "coordinates": [ 31.966147592447605, -16.515736467812918 ] } },
{ "type": "Feature", "properties": { "ID": 0, "NAME": "Nyamatikiti", "X_Coord": 32.1154, "Y_Coord": -16.7288 }, "geometry": { "type": "Point", "coordinates": [ 32.115392843566106, -16.728799166674555 ] } },
{ "type": "Feature", "properties": { "ID": 0, "NAME": "Manetsera", "X_Coord": 32.1063, "Y_Coord": -16.6998 }, "geometry": { "type": "Point", "coordinates": [ 32.106294866289396, -16.69975021299819 ] } },
{ "type": "Feature", "properties": { "ID": 0, "NAME": "Kasanga", "X_Coord": 32.0932, "Y_Coord": -16.6546 }, "geometry": { "type": "Point", "coordinates": [ 32.093196086895951, -16.654569434587504 ] } },
{ "type": "Feature", "properties": { "ID": 0, "NAME": "Rusambo", "X_Coord": 32.1776, "Y_Coord": -16.625 }, "geometry": { "type": "Point", "coordinates": [ 32.177600593047394, -16.624951214787622 ] } },
{ "type": "Feature", "properties": { "ID": 0, "NAME": "Chimanda", "X_Coord": 32.1333, "Y_Coord": -16.6261 }, "geometry": { "type": "Point", "coordinates": [ 32.133329479062056, -16.626127417543756 ] } },
{ "type": "Feature", "properties": { "ID": 0, "NAME": "Gwashure", "X_Coord": 31.9855, "Y_Coord": -16.5754 }, "geometry": { "type": "Point", "coordinates": [ 31.985508675921476, -16.575404432471572 ] } },
{ "type": "Feature", "properties": { "ID": 0, "NAME": "Gwangava", "X_Coord": 32.0293, "Y_Coord": -16.6733 }, "geometry": { "type": "Point", "coordinates": [ 32.02927078877687, -16.673303900403322 ] } },
{ "type": "Feature", "properties": { "ID": 0, "NAME": "Rushinga", "X_Coord": 32.0212, "Y_Coord": -16.6401 }, "geometry": { "type": "Point", "coordinates": [ 32.021216212165349, -16.640146697539212 ] } },
{ "type": "Feature", "properties": { "ID": 0, "NAME": "Rutuka", "X_Coord": 32.1045, "Y_Coord": -16.4919 }, "geometry": { "type": "Point", "coordinates": [ 32.104540452377101, -16.491858508694595 ] } },
{ "type": "Feature", "properties": { "ID": 0, "NAME": "Nyamatodza", "X_Coord": 32.0482, "Y_Coord": -16.5992 }, "geometry": { "type": "Point", "coordinates": [ 32.048237658488034, -16.599176439119599 ] } },
{ "type": "Feature", "properties": { "ID": 0, "NAME": "Kamanika", "X_Coord": 32.2531, "Y_Coord": -16.7058 }, "geometry": { "type": "Point", "coordinates": [ 32.253087861830828, -16.705772388606462 ] } },
{ "type": "Feature", "properties": { "ID": 0, "NAME": "Nyamanyanya", "X_Coord": 32.3205, "Y_Coord": -16.6698 }, "geometry": { "type": "Point", "coordinates": [ 32.320456558959393, -16.66983591384216 ] } },
{ "type": "Feature", "properties": { "ID": 0, "NAME": "Makuni", "X_Coord": 32.3382, "Y_Coord": -16.6255 }, "geometry": { "type": "Point", "coordinates": [ 32.338203277971878, -16.625464864573392 ] } },
{ "type": "Feature", "properties": { "ID": 0, "NAME": "Makonde", "X_Coord": 32.313, "Y_Coord": -16.6221 }, "geometry": { "type": "Point", "coordinates": [ 32.312996970810083, -16.622110720471358 ] } },
{ "type": "Feature", "properties": { "ID": 0, "NAME": "Mazika", "X_Coord": 32.322, "Y_Coord": -16.6603 }, "geometry": { "type": "Point", "coordinates": [ 32.321991503633406, -16.660271922267821 ] } },
{ "type": "Feature", "properties": { "ID": 0, "NAME": "Nyatsato", "X_Coord": 32.3494, "Y_Coord": -16.5847 }, "geometry": { "type": "Point", "coordinates": [ 32.349374280818779, -16.584694127296189 ] } },
{ "type": "Feature", "properties": { "ID": 0, "NAME": "Kasenzi", "X_Coord": 32.221, "Y_Coord": -16.5922 }, "geometry": { "type": "Point", "coordinates": [ 32.220999407330829, -16.5921804344588 ] } },
{ "type": "Feature", "properties": { "ID": 0, "NAME": "Katoni", "X_Coord": 32.2894, "Y_Coord": -16.5764 }, "geometry": { "type": "Point", "coordinates": [ 32.289389764387217, -16.576419695213531 ] } },
{ "type": "Feature", "properties": { "ID": 0, "NAME": "Runwa", "X_Coord": 32.0903, "Y_Coord": -16.5818 }, "geometry": { "type": "Point", "coordinates": [ 32.090311311526861, -16.58176352669981 ] } },
{ "type": "Feature", "properties": { "ID": 0, "NAME": "Katakura", "X_Coord": 32.1607, "Y_Coord": -16.5756 }, "geometry": { "type": "Point", "coordinates": [ 32.160742176415006, -16.575571662205373 ] } },
{ "type": "Feature", "properties": { "ID": 0, "NAME": "Chomutukutu", "X_Coord": 32.1984, "Y_Coord": -16.5261 }, "geometry": { "type": "Point", "coordinates": [ 32.198372463498316, -16.526099822999054 ] } },
{ "type": "Feature", "properties": { "ID": 0, "NAME": "Bungwa", "X_Coord": 32.0505, "Y_Coord": -16.5644 }, "geometry": { "type": "Point", "coordinates": [ 32.050525101808198, -16.564414987285613 ] } },
{ "type": "Feature", "properties": { "ID": 0, "NAME": "Magaranhewe", "X_Coord": 31.9952, "Y_Coord": -16.6196 }, "geometry": { "type": "Point", "coordinates": [ 31.995157499217427, -16.619622120189867 ] } },
{ "type": "Feature", "properties": { "ID": 0, "NAME": "Kapfudza", "X_Coord": 31.7655, "Y_Coord": -16.2592 }, "geometry": { "type": "Point", "coordinates": [ 31.765498201631875, -16.259237068675354 ] } },
{ "type": "Feature", "properties": { "ID": 0, "NAME": "Katarira", "X_Coord": 31.7262, "Y_Coord": -16.2259 }, "geometry": { "type": "Point", "coordinates": [ 31.726155294160225, -16.225948040174277 ] } },
{ "type": "Feature", "properties": { "ID": 0, "NAME": "Mukumbura", "X_Coord": 31.7005, "Y_Coord": -16.2083 }, "geometry": { "type": "Point", "coordinates": [ 31.700487907209133, -16.20829057306533 ] } },
{ "type": "Feature", "properties": { "ID": 0, "NAME": "Gomo", "X_Coord": 31.8467, "Y_Coord": -16.3083 }, "geometry": { "type": "Point", "coordinates": [ 31.846703188968224, -16.308278434532671 ] } },
{ "type": "Feature", "properties": { "ID": 0, "NAME": "Chisecha", "X_Coord": 31.6896, "Y_Coord": -16.2422 }, "geometry": { "type": "Point", "coordinates": [ 31.689649589216312, -16.242199404142198 ] } },
{ "type": "Feature", "properties": { "ID": 0, "NAME": "Chimbuwe", "X_Coord": 31.5381, "Y_Coord": -16.2308 }, "geometry": { "type": "Point", "coordinates": [ 31.538105975326321, -16.230757798783124 ] } },
{ "type": "Feature", "properties": { "ID": 0, "NAME": "Mukoma", "X_Coord": 31.4773, "Y_Coord": -16.3236 }, "geometry": { "type": "Point", "coordinates": [ 31.477276989206658, -16.323628857602753 ] } },
{ "type": "Feature", "properties": { "ID": 0, "NAME": "Kaitano", "X_Coord": 31.5628, "Y_Coord": -16.3278 }, "geometry": { "type": "Point", "coordinates": [ 31.562792967585722, -16.327816025206751 ] } },
{ "type": "Feature", "properties": { "ID": 0, "NAME": "Mutasa", "X_Coord": 31.5875, "Y_Coord": -16.3993 }, "geometry": { "type": "Point", "coordinates": [ 31.587498500796389, -16.39930285890037 ] } },
{ "type": "Feature", "properties": { "ID": 0, "NAME": "Dete", "X_Coord": 31.8963, "Y_Coord": -16.5602 }, "geometry": { "type": "Point", "coordinates": [ 31.896311335263974, -16.560188743707243 ] } },
{ "type": "Feature", "properties": { "ID": 0, "NAME": "Chizeza", "X_Coord": 31.997, "Y_Coord": -16.4628 }, "geometry": { "type": "Point", "coordinates": [ 31.996949218209053, -16.462822965703758 ] } },
{ "type": "Feature", "properties": { "ID": 0, "NAME": "Kapiripiri", "X_Coord": 31.7555, "Y_Coord": -16.3208 }, "geometry": { "type": "Point", "coordinates": [ 31.755507758913481, -16.320825074557867 ] } },
{ "type": "Feature", "properties": { "ID": 0, "NAME": "Chiswiti", "X_Coord": 31.7226, "Y_Coord": -16.3755 }, "geometry": { "type": "Point", "coordinates": [ 31.722605891097334, -16.375455800705979 ] } },
{ "type": "Feature", "properties": { "ID": 0, "NAME": "Kamutsenzere", "X_Coord": 31.7905, "Y_Coord": -16.3876 }, "geometry": { "type": "Point", "coordinates": [ 31.790544435489267, -16.387583152843835 ] } },
{ "type": "Feature", "properties": { "ID": 0, "NAME": "Chigango", "X_Coord": 31.817, "Y_Coord": -16.3912 }, "geometry": { "type": "Point", "coordinates": [ 31.817047601255926, -16.391167100822454 ] } },
{ "type": "Feature", "properties": { "ID": 0, "NAME": "Bandimba", "X_Coord": 31.8557, "Y_Coord": -16.388 }, "geometry": { "type": "Point", "coordinates": [ 31.855750066099677, -16.388039487993304 ] } },
{ "type": "Feature", "properties": { "ID": 0, "NAME": "Chigango", "X_Coord": 31.9038, "Y_Coord": -16.4151 }, "geometry": { "type": "Point", "coordinates": [ 31.903769676195012, -16.415077798600873 ] } },
{ "type": "Feature", "properties": { "ID": 0, "NAME": "Pfunyanguwo", "X_Coord": 31.9076, "Y_Coord": -16.4646 }, "geometry": { "type": "Point", "coordinates": [ 31.907610042270587, -16.464625211610631 ] } },
{ "type": "Feature", "properties": { "ID": 0, "NAME": "Zambezi", "X_Coord": 31.8525, "Y_Coord": -16.4628 }, "geometry": { "type": "Point", "coordinates": [ 31.852470619246454, -16.462782837448014 ] } },
{ "type": "Feature", "properties": { "ID": 0, "NAME": "Kanyoka", "X_Coord": 31.8777, "Y_Coord": -16.4994 }, "geometry": { "type": "Point", "coordinates": [ 31.877688568796732, -16.499371482026884 ] } },
{ "type": "Feature", "properties": { "ID": 0, "NAME": "Pachanza", "X_Coord": 31.7666, "Y_Coord": -16.4661 }, "geometry": { "type": "Point", "coordinates": [ 31.766607943617714, -16.466065899668315 ] } },
{ "type": "Feature", "properties": { "ID": 0, "NAME": "Kajokoto", "X_Coord": 31.7275, "Y_Coord": -16.4668 }, "geometry": { "type": "Point", "coordinates": [ 31.727461517179627, -16.466762928192477 ] } },
{ "type": "Feature", "properties": { "ID": 0, "NAME": "Chironga", "X_Coord": 31.8617, "Y_Coord": -16.6226 }, "geometry": { "type": "Point", "coordinates": [ 31.861720337551358, -16.622575575954954 ] } },
{ "type": "Feature", "properties": { "ID": 0, "NAME": "Nhoro", "X_Coord": 31.9414, "Y_Coord": -16.6186 }, "geometry": { "type": "Point", "coordinates": [ 31.941374598835523, -16.618616361539793 ] } },
{ "type": "Feature", "properties": { "ID": 0, "NAME": "Nyamahobobo", "X_Coord": 31.9147, "Y_Coord": -16.6637 }, "geometry": { "type": "Point", "coordinates": [ 31.91470338179413, -16.663693517988726 ] } },
{ "type": "Feature", "properties": { "ID": 0, "NAME": "Mutsvaire", "X_Coord": 31.9685, "Y_Coord": -16.672 }, "geometry": { "type": "Point", "coordinates": [ 31.968477412142928, -16.671968477185342 ] } },
{ "type": "Feature", "properties": { "ID": 0, "NAME": "Kujakara", "X_Coord": 31.9704, "Y_Coord": -16.6849 }, "geometry": { "type": "Point", "coordinates": [ 31.97040242500232, -16.684930360260807 ] } },
{ "type": "Feature", "properties": { "ID": 0, "NAME": "Mutaku", "X_Coord": 31.8887, "Y_Coord": -16.7699 }, "geometry": { "type": "Point", "coordinates": [ 31.888655607292534, -16.769883722363957 ] } },
{ "type": "Feature", "properties": { "ID": 0, "NAME": "Bemberi", "X_Coord": 31.3733, "Y_Coord": -16.8011 }, "geometry": { "type": "Point", "coordinates": [ 31.373325714943615, -16.801101639799441 ] } },
{ "type": "Feature", "properties": { "ID": 0, "NAME": "Chakoma", "X_Coord": 31.5422, "Y_Coord": -16.5274 }, "geometry": { "type": "Point", "coordinates": [ 31.54224058067388, -16.52736317623939 ] } },
{ "type": "Feature", "properties": { "ID": 0, "NAME": "Nyamaridza", "X_Coord": 31.3928, "Y_Coord": -16.7671 }, "geometry": { "type": "Point", "coordinates": [ 31.392838516695363, -16.767138840385265 ] } },
{ "type": "Feature", "properties": { "ID": 0, "NAME": "Dolphin Park", "X_Coord": 31.3945, "Y_Coord": -16.6515 }, "geometry": { "type": "Point", "coordinates": [ 31.3945491414588, -16.651466061663527 ] } },
{ "type": "Feature", "properties": { "ID": 0, "NAME": "Mutungagore", "X_Coord": 31.4397, "Y_Coord": -16.5801 }, "geometry": { "type": "Point", "coordinates": [ 31.439733490858309, -16.580129080706051 ] } },
{ "type": "Feature", "properties": { "ID": 0, "NAME": "Nyamasvau", "X_Coord": 31.488, "Y_Coord": -16.5868 }, "geometry": { "type": "Point", "coordinates": [ 31.488045731847809, -16.586826769105961 ] } },
{ "type": "Feature", "properties": { "ID": 0, "NAME": "Ruwani", "X_Coord": 31.4951, "Y_Coord": -16.5134 }, "geometry": { "type": "Point", "coordinates": [ 31.495060958055355, -16.513352776962456 ] } },
{ "type": "Feature", "properties": { "ID": 0, "NAME": "St. John's", "X_Coord": 31.4575, "Y_Coord": -16.5 }, "geometry": { "type": "Point", "coordinates": [ 31.457463790308356, -16.50000534939149 ] } },
{ "type": "Feature", "properties": { "ID": 0, "NAME": "Chimumvuri", "X_Coord": 31.7482, "Y_Coord": -16.6723 }, "geometry": { "type": "Point", "coordinates": [ 31.748167520456345, -16.672272415309518 ] } },
{ "type": "Feature", "properties": { "ID": 0, "NAME": "Chitsato", "X_Coord": 31.7858, "Y_Coord": -16.522 }, "geometry": { "type": "Point", "coordinates": [ 31.785847532218067, -16.522032523549846 ] } },
{ "type": "Feature", "properties": { "ID": 0, "NAME": "Tsengurwe", "X_Coord": 31.7869, "Y_Coord": -16.5609 }, "geometry": { "type": "Point", "coordinates": [ 31.78693193644029, -16.560879749185055 ] } },
{ "type": "Feature", "properties": { "ID": 0, "NAME": "Gumbeze", "X_Coord": 31.8183, "Y_Coord": -16.5703 }, "geometry": { "type": "Point", "coordinates": [ 31.818312631515195, -16.570323777550531 ] } },
{ "type": "Feature", "properties": { "ID": 0, "NAME": "Nyajenje", "X_Coord": 31.7225, "Y_Coord": -16.7828 }, "geometry": { "type": "Point", "coordinates": [ 31.722467278666326, -16.78278551885003 ] } },
{ "type": "Feature", "properties": { "ID": 0, "NAME": "Chihoko", "X_Coord": 31.7427, "Y_Coord": -16.7896 }, "geometry": { "type": "Point", "coordinates": [ 31.742656918370564, -16.789567076810357 ] } },
{ "type": "Feature", "properties": { "ID": 0, "NAME": "Chiwenga", "X_Coord": 31.8256, "Y_Coord": -16.7617 }, "geometry": { "type": "Point", "coordinates": [ 31.825584549632623, -16.761747667289491 ] } },
{ "type": "Feature", "properties": { "ID": 0, "NAME": "Kangaire", "X_Coord": 31.8055, "Y_Coord": -16.6892 }, "geometry": { "type": "Point", "coordinates": [ 31.805457607236637, -16.689180199838596 ] } },
{ "type": "Feature", "properties": { "ID": 0, "NAME": "Nyakasikana", "X_Coord": 31.7795, "Y_Coord": -16.7244 }, "geometry": { "type": "Point", "coordinates": [ 31.779537263918279, -16.724439967224814 ] } },
{ "type": "Feature", "properties": { "ID": 0, "NAME": "Mutondwa", "X_Coord": 31.6986, "Y_Coord": -16.7297 }, "geometry": { "type": "Point", "coordinates": [ 31.698644309885125, -16.729699791376603 ] } },
{ "type": "Feature", "properties": { "ID": 0, "NAME": "Tsamvi", "X_Coord": 31.429, "Y_Coord": -16.7328 }, "geometry": { "type": "Point", "coordinates": [ 31.428992823038257, -16.732764292868193 ] } },
{ "type": "Feature", "properties": { "ID": 0, "NAME": "Mutwa", "X_Coord": 31.4347, "Y_Coord": -16.671 }, "geometry": { "type": "Point", "coordinates": [ 31.434717991104975, -16.670964601870608 ] } },
{ "type": "Feature", "properties": { "ID": 0, "NAME": "Tabex", "X_Coord": 31.4901, "Y_Coord": -16.7749 }, "geometry": { "type": "Point", "coordinates": [ 31.4900506995311, -16.774917269729222 ] } },
{ "type": "Feature", "properties": { "ID": 0, "NAME": "Mt. Darwin", "X_Coord": 31.5803, "Y_Coord": -16.7798 }, "geometry": { "type": "Point", "coordinates": [ 31.580265139295523, -16.779839558213986 ] } },
{ "type": "Feature", "properties": { "ID": 0, "NAME": "Chiunya", "X_Coord": 31.625, "Y_Coord": -16.7605 }, "geometry": { "type": "Point", "coordinates": [ 31.62503490493452, -16.760464105609785 ] } },
{ "type": "Feature", "properties": { "ID": 0, "NAME": "Ruya", "X_Coord": 31.565, "Y_Coord": -16.7022 }, "geometry": { "type": "Point", "coordinates": [ 31.56498286906465, -16.702237817290577 ] } },
{ "type": "Feature", "properties": { "ID": 0, "NAME": "Chatumboma", "X_Coord": 31.7078, "Y_Coord": -16.7021 }, "geometry": { "type": "Point", "coordinates": [ 31.707828070089228, -16.702090821978565 ] } },
{ "type": "Feature", "properties": { "ID": 0, "NAME": "Nyamazizi", "X_Coord": 31.7674, "Y_Coord": -16.6035 }, "geometry": { "type": "Point", "coordinates": [ 31.767359295644191, -16.603466372190038 ] } },
{ "type": "Feature", "properties": { "ID": 0, "NAME": "Chibara", "X_Coord": 31.7419, "Y_Coord": -16.6183 }, "geometry": { "type": "Point", "coordinates": [ 31.741922961834405, -16.618338717685567 ] } },
{ "type": "Feature", "properties": { "ID": 0, "NAME": "Kambamura", "X_Coord": 31.69, "Y_Coord": -16.6723 }, "geometry": { "type": "Point", "coordinates": [ 31.689972510644985, -16.672350638752302 ] } },
{ "type": "Feature", "properties": { "ID": 0, "NAME": "Mudzengerere", "X_Coord": 31.5598, "Y_Coord": -16.6379 }, "geometry": { "type": "Point", "coordinates": [ 31.559784852727631, -16.637887062157791 ] } },
{ "type": "Feature", "properties": { "ID": 0, "NAME": "Sohwe", "X_Coord": 31.6557, "Y_Coord": -16.499 }, "geometry": { "type": "Point", "coordinates": [ 31.655689081983084, -16.498986245130045 ] } },
{ "type": "Feature", "properties": { "ID": 0, "NAME": "Chimanja", "X_Coord": 31.721, "Y_Coord": -16.506 }, "geometry": { "type": "Point", "coordinates": [ 31.721010670757039, -16.506042914578902 ] } },
{ "type": "Feature", "properties": { "ID": 0, "NAME": "Mangare", "X_Coord": 31.6992, "Y_Coord": -16.5564 }, "geometry": { "type": "Point", "coordinates": [ 31.699247318290542, -16.556382133413102 ] } },
{ "type": "Feature", "properties": { "ID": 0, "NAME": "Dotito", "X_Coord": 31.586, "Y_Coord": -16.5847 }, "geometry": { "type": "Point", "coordinates": [ 31.585997854502047, -16.584656597080759 ] } },
{ "type": "Feature", "properties": { "ID": 0, "NAME": "Kazai", "X_Coord": 31.5314, "Y_Coord": -16.5786 }, "geometry": { "type": "Point", "coordinates": [ 31.531430632475477, -16.578644537500228 ] } },
{ "type": "Feature", "properties": { "ID": 0, "NAME": "Matope", "X_Coord": 31.6092, "Y_Coord": -16.597 }, "geometry": { "type": "Point", "coordinates": [ 31.609221339941747, -16.597009567092776 ] } },
{ "type": "Feature", "properties": { "ID": 0, "NAME": "Kadohwata", "X_Coord": 31.6152, "Y_Coord": -16.5265 }, "geometry": { "type": "Point", "coordinates": [ 31.615207194880583, -16.526479136324411 ] } },
{ "type": "Feature", "properties": { "ID": 0, "NAME": "Chitumbiko", "X_Coord": 31.6491, "Y_Coord": -16.5545 }, "geometry": { "type": "Point", "coordinates": [ 31.649098316084832, -16.554498178210263 ] } },
{ "type": "Feature", "properties": { "ID": 0, "NAME": "Chihoko", "X_Coord": 31.6287, "Y_Coord": -16.5658 }, "geometry": { "type": "Point", "coordinates": [ 31.628674597068041, -16.565825017288759 ] } },
{ "type": "Feature", "properties": { "ID": 0, "NAME": "Chiroma", "X_Coord": 31.5824, "Y_Coord": -16.6556 }, "geometry": { "type": "Point", "coordinates": [ 31.58240187733097, -16.655595501303491 ] } },
{ "type": "Feature", "properties": { "ID": 0, "NAME": "Chiutsa", "X_Coord": 31.5951, "Y_Coord": -16.6072 }, "geometry": { "type": "Point", "coordinates": [ 31.595064073862279, -16.607165316296133 ] } },
{ "type": "Feature", "properties": { "ID": 0, "NAME": "Chawanda", "X_Coord": 31.6647, "Y_Coord": -16.6188 }, "geometry": { "type": "Point", "coordinates": [ 31.664656320577926, -16.618768965660809 ] } },
{ "type": "Feature", "properties": { "ID": 0, "NAME": "Kapatanayo", "X_Coord": 31.6271, "Y_Coord": -16.6129 }, "geometry": { "type": "Point", "coordinates": [ 31.627081552810072, -16.612930137218196 ] } },
{ "type": "Feature", "properties": { "ID": 0, "NAME": "Tangenhamo", "X_Coord": 31.4346, "Y_Coord": -16.8185 }, "geometry": { "type": "Point", "coordinates": [ 31.434559188974532, -16.818499874731881 ] } },
{ "type": "Feature", "properties": { "ID": 0, "NAME": "Chomagora", "X_Coord": 31.6329, "Y_Coord": -16.8036 }, "geometry": { "type": "Point", "coordinates": [ 31.632942186657626, -16.803553875724447 ] } },
{ "type": "Feature", "properties": { "ID": 0, "NAME": "Nembire", "X_Coord": 31.3875, "Y_Coord": -16.4922 }, "geometry": { "type": "Point", "coordinates": [ 31.387502442559647, -16.492229422162978 ] } },
{ "type": "Feature", "properties": { "ID": 0, "NAME": "Chikwira", "X_Coord": 31.3484, "Y_Coord": -16.4865 }, "geometry": { "type": "Point", "coordinates": [ 31.348380859333197, -16.486506763096948 ] } },
{ "type": "Feature", "properties": { "ID": 0, "NAME": "Chaona", "X_Coord": 31.2586, "Y_Coord": -16.8004 }, "geometry": { "type": "Point", "coordinates": [ 31.258568482236583, -16.800436489042021 ] } },
{ "type": "Feature", "properties": { "ID": 0, "NAME": "Jingamvura", "X_Coord": 31.209, "Y_Coord": -16.8456 }, "geometry": { "type": "Point", "coordinates": [ 31.209032714663163, -16.845630888813229 ] } },
{ "type": "Feature", "properties": { "ID": 0, "NAME": "Chigwida", "X_Coord": 31.2438, "Y_Coord": -16.8592 }, "geometry": { "type": "Point", "coordinates": [ 31.243789886885637, -16.859163834518281 ] } },
{ "type": "Feature", "properties": { "ID": 0, "NAME": "Chideu", "X_Coord": 31.2311, "Y_Coord": -16.8868 }, "geometry": { "type": "Point", "coordinates": [ 31.231051242799989, -16.886822388104697 ] } },
{ "type": "Feature", "properties": { "ID": 0, "NAME": "Chinehasha", "X_Coord": 31.2042, "Y_Coord": -16.9126 }, "geometry": { "type": "Point", "coordinates": [ 31.204162104259311, -16.912617548584244 ] } },
{ "type": "Feature", "properties": { "ID": 0, "NAME": "Goteka", "X_Coord": 31.0903, "Y_Coord": -16.8592 }, "geometry": { "type": "Point", "coordinates": [ 31.090264071168633, -16.859179726765454 ] } },
{ "type": "Feature", "properties": { "ID": 0, "NAME": "Bare", "X_Coord": 31.1296, "Y_Coord": -16.9002 }, "geometry": { "type": "Point", "coordinates": [ 31.129642155897354, -16.900220798348343 ] } },
{ "type": "Feature", "properties": { "ID": 0, "NAME": "Gombekombe", "X_Coord": 31.1021, "Y_Coord": -16.9293 }, "geometry": { "type": "Point", "coordinates": [ 31.102140321651227, -16.929328809694876 ] } },
{ "type": "Feature", "properties": { "ID": 0, "NAME": "Madombwe", "X_Coord": 31.0907, "Y_Coord": -16.9582 }, "geometry": { "type": "Point", "coordinates": [ 31.090740309552867, -16.958164461775468 ] } },
{ "type": "Feature", "properties": { "ID": 0, "NAME": "Jaji", "X_Coord": 31.1258, "Y_Coord": -16.9833 }, "geometry": { "type": "Point", "coordinates": [ 31.125826137646431, -16.983274657497784 ] } },
{ "type": "Feature", "properties": { "ID": 0, "NAME": "Mukodzongi", "X_Coord": 31.1724, "Y_Coord": -16.9855 }, "geometry": { "type": "Point", "coordinates": [ 31.172391144897606, -16.98546084457757 ] } },
{ "type": "Feature", "properties": { "ID": 0, "NAME": "Gunguhwe", "X_Coord": 31.1045, "Y_Coord": -16.9705 }, "geometry": { "type": "Point", "coordinates": [ 31.104478301281855, -16.970495743923387 ] } },
{ "type": "Feature", "properties": { "ID": 0, "NAME": "Rwere", "X_Coord": 31.1136, "Y_Coord": -16.9105 }, "geometry": { "type": "Point", "coordinates": [ 31.113606394254987, -16.910525370991088 ] } },
{ "type": "Feature", "properties": { "ID": 0, "NAME": "Forrester F", "X_Coord": 30.9631, "Y_Coord": -16.952 }, "geometry": { "type": "Point", "coordinates": [ 30.963056300657684, -16.952022826067303 ] } },
{ "type": "Feature", "properties": { "ID": 0, "NAME": "Forrester E", "X_Coord": 31.0221, "Y_Coord": -16.9823 }, "geometry": { "type": "Point", "coordinates": [ 31.022107778238375, -16.98225949819582 ] } },
{ "type": "Feature", "properties": { "ID": 0, "NAME": "Gwingwizha", "X_Coord": 31.0856, "Y_Coord": -16.8962 }, "geometry": { "type": "Point", "coordinates": [ 31.08560824751639, -16.896229112373899 ] } },
{ "type": "Feature", "properties": { "ID": 0, "NAME": "Holland", "X_Coord": 30.9072, "Y_Coord": -16.8789 }, "geometry": { "type": "Point", "coordinates": [ 30.9071980353905, -16.878911440853734 ] } },
{ "type": "Feature", "properties": { "ID": 0, "NAME": "Ealing", "X_Coord": 30.8248, "Y_Coord": -16.9622 }, "geometry": { "type": "Point", "coordinates": [ 30.824815685199734, -16.962218375790393 ] } },
{ "type": "Feature", "properties": { "ID": 0, "NAME": "Umvukwesi", "X_Coord": 30.8607, "Y_Coord": -17.027 }, "geometry": { "type": "Point", "coordinates": [ 30.860714700301038, -17.026977577242089 ] } },
{ "type": "Feature", "properties": { "ID": 0, "NAME": "Forrester A", "X_Coord": 30.9392, "Y_Coord": -17.0286 }, "geometry": { "type": "Point", "coordinates": [ 30.939213785631008, -17.02864859209485 ] } },
{ "type": "Feature", "properties": { "ID": 0, "NAME": "Gunguhwe", "X_Coord": 31.062, "Y_Coord": -17.0043 }, "geometry": { "type": "Point", "coordinates": [ 31.061998105448847, -17.00433685140111 ] } },
{ "type": "Feature", "properties": { "ID": 0, "NAME": "Nyakudya", "X_Coord": 31.1433, "Y_Coord": -17.0252 }, "geometry": { "type": "Point", "coordinates": [ 31.143348438117354, -17.025164876762499 ] } },
{ "type": "Feature", "properties": { "ID": 0, "NAME": "Muchirikuenda", "X_Coord": 31.0976, "Y_Coord": -17.06 }, "geometry": { "type": "Point", "coordinates": [ 31.097554136032574, -17.06003543075294 ] } },
{ "type": "Feature", "properties": { "ID": 0, "NAME": "Shopo", "X_Coord": 31.2061, "Y_Coord": -17.0224 }, "geometry": { "type": "Point", "coordinates": [ 31.206066012310746, -17.022351015228349 ] } },
{ "type": "Feature", "properties": { "ID": 0, "NAME": "Shutu", "X_Coord": 31.1473, "Y_Coord": -17.075 }, "geometry": { "type": "Point", "coordinates": [ 31.147270182786009, -17.074965807379769 ] } },
{ "type": "Feature", "properties": { "ID": 0, "NAME": "Nzvimbo", "X_Coord": 31.0689, "Y_Coord": -17.0891 }, "geometry": { "type": "Point", "coordinates": [ 31.068876317245973, -17.089103304226352 ] } },
{ "type": "Feature", "properties": { "ID": 0, "NAME": "Forrester J", "X_Coord": 30.9896, "Y_Coord": -17.088 }, "geometry": { "type": "Point", "coordinates": [ 30.989576874213132, -17.08804737757092 ] } },
{ "type": "Feature", "properties": { "ID": 0, "NAME": "Kakora", "X_Coord": 31.066, "Y_Coord": -17.1353 }, "geometry": { "type": "Point", "coordinates": [ 31.065972873157584, -17.135286431338759 ] } },
{ "type": "Feature", "properties": { "ID": 0, "NAME": "BeliRock", "X_Coord": 31.1206, "Y_Coord": -17.1459 }, "geometry": { "type": "Point", "coordinates": [ 31.120647473102476, -17.145887796628685 ] } },
{ "type": "Feature", "properties": { "ID": 0, "NAME": "Kanhukamwe", "X_Coord": 31.0, "Y_Coord": -17.1199 }, "geometry": { "type": "Point", "coordinates": [ 30.999987158864386, -17.119911190877097 ] } },
{ "type": "Feature", "properties": { "ID": 0, "NAME": "Musarara", "X_Coord": 30.9984, "Y_Coord": -17.1803 }, "geometry": { "type": "Point", "coordinates": [ 30.998352431730691, -17.180350131860212 ] } },
{ "type": "Feature", "properties": { "ID": 0, "NAME": "Lucknow", "X_Coord": 30.851, "Y_Coord": -17.1253 }, "geometry": { "type": "Point", "coordinates": [ 30.850952740194302, -17.12532603243919 ] } },
{ "type": "Feature", "properties": { "ID": 0, "NAME": "Horta", "X_Coord": 30.7528, "Y_Coord": -17.2295 }, "geometry": { "type": "Point", "coordinates": [ 30.752758187199223, -17.229519600982737 ] } },
{ "type": "Feature", "properties": { "ID": 0, "NAME": "Mapere", "X_Coord": 30.7394, "Y_Coord": -17.2558 }, "geometry": { "type": "Point", "coordinates": [ 30.73937928694351, -17.255842762097632 ] } },
{ "type": "Feature", "properties": { "ID": 0, "NAME": "Chemutamba", "X_Coord": 30.7583, "Y_Coord": -17.3053 }, "geometry": { "type": "Point", "coordinates": [ 30.758268604460753, -17.305249305012364 ] } },
{ "type": "Feature", "properties": { "ID": 0, "NAME": "Barwick", "X_Coord": 30.7126, "Y_Coord": -17.2692 }, "geometry": { "type": "Point", "coordinates": [ 30.712572358115612, -17.269191501863716 ] } },
{ "type": "Feature", "properties": { "ID": 0, "NAME": "Caesar Mine", "X_Coord": 30.6758, "Y_Coord": -17.293 }, "geometry": { "type": "Point", "coordinates": [ 30.675836770972928, -17.293035228684587 ] } },
{ "type": "Feature", "properties": { "ID": 0, "NAME": "Nyachuru", "X_Coord": 30.994, "Y_Coord": -17.2553 }, "geometry": { "type": "Point", "coordinates": [ 30.994031802851687, -17.255259195420219 ] } },
{ "type": "Feature", "properties": { "ID": 0, "NAME": "Amandas", "X_Coord": 30.97, "Y_Coord": -17.3586 }, "geometry": { "type": "Point", "coordinates": [ 30.969952204352108, -17.358561827768028 ] } },
{ "type": "Feature", "properties": { "ID": 0, "NAME": "Dandamera", "X_Coord": 30.9424, "Y_Coord": -17.3682 }, "geometry": { "type": "Point", "coordinates": [ 30.942351828382424, -17.368190814318204 ] } },
{ "type": "Feature", "properties": { "ID": 0, "NAME": "Belgownie", "X_Coord": 30.8688, "Y_Coord": -17.5383 }, "geometry": { "type": "Point", "coordinates": [ 30.868842328284483, -17.53829777430014 ] } },
{ "type": "Feature", "properties": { "ID": 0, "NAME": "Mazowe", "X_Coord": 30.947, "Y_Coord": -17.6094 }, "geometry": { "type": "Point", "coordinates": [ 30.946973832411366, -17.60943577439139 ] } },
{ "type": "Feature", "properties": { "ID": 0, "NAME": "Kuwadzana", "X_Coord": 30.9253, "Y_Coord": -17.6771 }, "geometry": { "type": "Point", "coordinates": [ 30.925344922686335, -17.677143990557461 ] } },
{ "type": "Feature", "properties": { "ID": 0, "NAME": "Glenara Estate", "X_Coord": 31.0073, "Y_Coord": -17.6755 }, "geometry": { "type": "Point", "coordinates": [ 31.007308901862917, -17.675493661932364 ] } },
{ "type": "Feature", "properties": { "ID": 0, "NAME": "Oldbury Resthaven", "X_Coord": 31.0419, "Y_Coord": -17.6868 }, "geometry": { "type": "Point", "coordinates": [ 31.041941074321507, -17.686846871073236 ] } },
{ "type": "Feature", "properties": { "ID": 0, "NAME": "Calgary", "X_Coord": 31.0666, "Y_Coord": -17.6729 }, "geometry": { "type": "Point", "coordinates": [ 31.066584066988032, -17.672943209040692 ] } },
{ "type": "Feature", "properties": { "ID": 0, "NAME": "Lowdale", "X_Coord": 31.0728, "Y_Coord": -17.6546 }, "geometry": { "type": "Point", "coordinates": [ 31.07282491096694, -17.654598870924065 ] } },
{ "type": "Feature", "properties": { "ID": 0, "NAME": "Christon Bank", "X_Coord": 31.0179, "Y_Coord": -17.5863 }, "geometry": { "type": "Point", "coordinates": [ 31.017853751820034, -17.586332848091278 ] } },
{ "type": "Feature", "properties": { "ID": 0, "NAME": "Henderson", "X_Coord": 31.0087, "Y_Coord": -17.5673 }, "geometry": { "type": "Point", "coordinates": [ 31.008659878837427, -17.567297646319187 ] } },
{ "type": "Feature", "properties": { "ID": 0, "NAME": "Mbembi", "X_Coord": 30.9459, "Y_Coord": -17.5519 }, "geometry": { "type": "Point", "coordinates": [ 30.945854432276693, -17.551937825819195 ] } },
{ "type": "Feature", "properties": { "ID": 0, "NAME": "Storles", "X_Coord": 30.9457, "Y_Coord": -17.5171 }, "geometry": { "type": "Point", "coordinates": [ 30.945665592700539, -17.517149184072146 ] } },
{ "type": "Feature", "properties": { "ID": 0, "NAME": "Mazowe Mine", "X_Coord": 30.9594, "Y_Coord": -17.4649 }, "geometry": { "type": "Point", "coordinates": [ 30.9593752373863, -17.464945926638983 ] } },
{ "type": "Feature", "properties": { "ID": 0, "NAME": "Somerset", "X_Coord": 30.9468, "Y_Coord": -17.4178 }, "geometry": { "type": "Point", "coordinates": [ 30.946812104939276, -17.41784703416813 ] } },
{ "type": "Feature", "properties": { "ID": 0, "NAME": "Mazowe Citrus", "X_Coord": 31.0525, "Y_Coord": -17.4308 }, "geometry": { "type": "Point", "coordinates": [ 31.05250463685984, -17.430835569774192 ] } },
{ "type": "Feature", "properties": { "ID": 0, "NAME": "Iron Duke Mine", "X_Coord": 31.0872, "Y_Coord": -17.4313 }, "geometry": { "type": "Point", "coordinates": [ 31.087208741723771, -17.431304729515162 ] } },
{ "type": "Feature", "properties": { "ID": 0, "NAME": "Kushinga", "X_Coord": 31.0568, "Y_Coord": -17.4113 }, "geometry": { "type": "Point", "coordinates": [ 31.056761270680767, -17.411287984833216 ] } },
{ "type": "Feature", "properties": { "ID": 0, "NAME": "Rusununguko", "X_Coord": 31.0613, "Y_Coord": -17.3811 }, "geometry": { "type": "Point", "coordinates": [ 31.061306837634461, -17.381077604637373 ] } },
{ "type": "Feature", "properties": { "ID": 0, "NAME": "Tsungubvi", "X_Coord": 31.0765, "Y_Coord": -17.3404 }, "geometry": { "type": "Point", "coordinates": [ 31.076501467774335, -17.340397951950358 ] } },
{ "type": "Feature", "properties": { "ID": 0, "NAME": "Foothills", "X_Coord": 31.1203, "Y_Coord": -17.2875 }, "geometry": { "type": "Point", "coordinates": [ 31.120299074364347, -17.287466896024945 ] } },
{ "type": "Feature", "properties": { "ID": 0, "NAME": "Gweshe", "X_Coord": 31.0339, "Y_Coord": -17.2216 }, "geometry": { "type": "Point", "coordinates": [ 31.03391089010875, -17.221572700545643 ] } },
{ "type": "Feature", "properties": { "ID": 0, "NAME": "Majome", "X_Coord": 31.0494, "Y_Coord": -17.2133 }, "geometry": { "type": "Point", "coordinates": [ 31.049351794843059, -17.213293795797291 ] } },
{ "type": "Feature", "properties": { "ID": 0, "NAME": "Kanyemba", "X_Coord": 31.0848, "Y_Coord": -17.232 }, "geometry": { "type": "Point", "coordinates": [ 31.084774313713783, -17.232026703186666 ] } },
{ "type": "Feature", "properties": { "ID": 0, "NAME": "St Alban's", "X_Coord": 31.0967, "Y_Coord": -17.191 }, "geometry": { "type": "Point", "coordinates": [ 31.096733923083203, -17.191005509658375 ] } },
{ "type": "Feature", "properties": { "ID": 0, "NAME": "Kapatamukombe", "X_Coord": 30.8553, "Y_Coord": -16.3791 }, "geometry": { "type": "Point", "coordinates": [ 30.855279188896528, -16.379145290586429 ] } },
{ "type": "Feature", "properties": { "ID": 0, "NAME": "Bwazi", "X_Coord": 30.9247, "Y_Coord": -16.3133 }, "geometry": { "type": "Point", "coordinates": [ 30.924701324797358, -16.313347332919584 ] } },
{ "type": "Feature", "properties": { "ID": 0, "NAME": "Hwata", "X_Coord": 30.982, "Y_Coord": -16.3391 }, "geometry": { "type": "Point", "coordinates": [ 30.98203771838595, -16.339079259672456 ] } },
{ "type": "Feature", "properties": { "ID": 0, "NAME": "Kahungwe", "X_Coord": 30.9502, "Y_Coord": -16.397 }, "geometry": { "type": "Point", "coordinates": [ 30.950180771485158, -16.396951274806003 ] } },
{ "type": "Feature", "properties": { "ID": 0, "NAME": "Muzarabani", "X_Coord": 30.9986, "Y_Coord": -16.403 }, "geometry": { "type": "Point", "coordinates": [ 30.998563270172422, -16.403046087824396 ] } },
{ "type": "Feature", "properties": { "ID": 0, "NAME": "Muringazuva", "X_Coord": 31.0181, "Y_Coord": -16.3698 }, "geometry": { "type": "Point", "coordinates": [ 31.018121626177997, -16.369757584553938 ] } },
{ "type": "Feature", "properties": { "ID": 0, "NAME": "Kapembere", "X_Coord": 30.9715, "Y_Coord": -16.2762 }, "geometry": { "type": "Point", "coordinates": [ 30.97152558861778, -16.276244843365014 ] } },
{ "type": "Feature", "properties": { "ID": 0, "NAME": "Bore", "X_Coord": 31.1101, "Y_Coord": -16.405 }, "geometry": { "type": "Point", "coordinates": [ 31.110132839982811, -16.405048532921107 ] } },
{ "type": "Feature", "properties": { "ID": 0, "NAME": "Dambakurima", "X_Coord": 31.0512, "Y_Coord": -16.2546 }, "geometry": { "type": "Point", "coordinates": [ 31.051170596907173, -16.254594000559191 ] } },
{ "type": "Feature", "properties": { "ID": 0, "NAME": "Batanai", "X_Coord": 31.1132, "Y_Coord": -16.2177 }, "geometry": { "type": "Point", "coordinates": [ 31.11320945893582, -16.21774652866338 ] } },
{ "type": "Feature", "properties": { "ID": 0, "NAME": "Mufudzi", "X_Coord": 30.9935, "Y_Coord": -16.1945 }, "geometry": { "type": "Point", "coordinates": [ 30.993454366335992, -16.194500231720426 ] } },
{ "type": "Feature", "properties": { "ID": 0, "NAME": "Chimoio", "X_Coord": 31.165, "Y_Coord": -16.131 }, "geometry": { "type": "Point", "coordinates": [ 31.164952268193598, -16.130999394452445 ] } },
{ "type": "Feature", "properties": { "ID": 0, "NAME": "Chadereka", "X_Coord": 31.1929, "Y_Coord": -16.1716 }, "geometry": { "type": "Point", "coordinates": [ 31.192935817418721, -16.171584226753019 ] } },
{ "type": "Feature", "properties": { "ID": 0, "NAME": "Gunduza", "X_Coord": 31.228, "Y_Coord": -16.223 }, "geometry": { "type": "Point", "coordinates": [ 31.228032507437039, -16.223038246394559 ] } },
{ "type": "Feature", "properties": { "ID": 0, "NAME": "Utete", "X_Coord": 31.1251, "Y_Coord": -16.2718 }, "geometry": { "type": "Point", "coordinates": [ 31.125134343929062, -16.271794545912808 ] } },
{ "type": "Feature", "properties": { "ID": 0, "NAME": "Sone", "X_Coord": 31.2539, "Y_Coord": -16.2793 }, "geometry": { "type": "Point", "coordinates": [ 31.253866923340638, -16.279339563091483 ] } },
{ "type": "Feature", "properties": { "ID": 0, "NAME": "Nyadukututu", "X_Coord": 31.1957, "Y_Coord": -16.3026 }, "geometry": { "type": "Point", "coordinates": [ 31.195682146593629, -16.302602573786444 ] } },
{ "type": "Feature", "properties": { "ID": 0, "NAME": "Hoya", "X_Coord": 31.2898, "Y_Coord": -16.3436 }, "geometry": { "type": "Point", "coordinates": [ 31.289783342500726, -16.343646548689996 ] } },
{ "type": "Feature", "properties": { "ID": 0, "NAME": "Mutemakungu", "X_Coord": 31.3584, "Y_Coord": -16.3404 }, "geometry": { "type": "Point", "coordinates": [ 31.358416744478706, -16.340388324874372 ] } },
{ "type": "Feature", "properties": { "ID": 0, "NAME": "Machaya", "X_Coord": 31.1508, "Y_Coord": -16.3588 }, "geometry": { "type": "Point", "coordinates": [ 31.150789237761117, -16.358775713379742 ] } },
{ "type": "Feature", "properties": { "ID": 0, "NAME": "Museredza", "X_Coord": 31.188, "Y_Coord": -16.4053 }, "geometry": { "type": "Point", "coordinates": [ 31.188031756426739, -16.405293190582416 ] } },
{ "type": "Feature", "properties": { "ID": 0, "NAME": "Charunda", "X_Coord": 31.2748, "Y_Coord": -16.4085 }, "geometry": { "type": "Point", "coordinates": [ 31.274763889061195, -16.408527103138827 ] } },
{ "type": "Feature", "properties": { "ID": 0, "NAME": "St Albert's Mission", "X_Coord": 31.2936, "Y_Coord": -16.4717 }, "geometry": { "type": "Point", "coordinates": [ 31.293639284747556, -16.471729972280414 ] } },
{ "type": "Feature", "properties": { "ID": 0, "NAME": "Chiweshe", "X_Coord": 31.27, "Y_Coord": -16.4759 }, "geometry": { "type": "Point", "coordinates": [ 31.270003299915153, -16.475928586327282 ] } },
{ "type": "Feature", "properties": { "ID": 0, "NAME": "Gore", "X_Coord": 31.2979, "Y_Coord": -16.5271 }, "geometry": { "type": "Point", "coordinates": [ 31.297920325209663, -16.527125191324412 ] } },
{ "type": "Feature", "properties": { "ID": 0, "NAME": "Chawarura", "X_Coord": 31.1033, "Y_Coord": -16.4961 }, "geometry": { "type": "Point", "coordinates": [ 31.103333309040899, -16.49613898239269 ] } },
{ "type": "Feature", "properties": { "ID": 0, "NAME": "Chiwashira", "X_Coord": 31.0597, "Y_Coord": -16.5285 }, "geometry": { "type": "Point", "coordinates": [ 31.05966133278794, -16.528493070435339 ] } },
{ "type": "Feature", "properties": { "ID": 0, "NAME": "Mhene", "X_Coord": 31.0688, "Y_Coord": -16.4869 }, "geometry": { "type": "Point", "coordinates": [ 31.068832749953344, -16.486933957326549 ] } },
{ "type": "Feature", "properties": { "ID": 0, "NAME": "Chiripiro", "X_Coord": 31.1937, "Y_Coord": -16.59 }, "geometry": { "type": "Point", "coordinates": [ 31.193743670615873, -16.590005036773711 ] } },
{ "type": "Feature", "properties": { "ID": 0, "NAME": "Hilbre", "X_Coord": 31.2725, "Y_Coord": -16.6044 }, "geometry": { "type": "Point", "coordinates": [ 31.272530091375881, -16.604386403384037 ] } },
{ "type": "Feature", "properties": { "ID": 0, "NAME": "Sable Heights", "X_Coord": 31.1919, "Y_Coord": -16.6127 }, "geometry": { "type": "Point", "coordinates": [ 31.191896749978174, -16.612687516529068 ] } },
{ "type": "Feature", "properties": { "ID": 0, "NAME": "Jee-Jay", "X_Coord": 31.0054, "Y_Coord": -16.6696 }, "geometry": { "type": "Point", "coordinates": [ 31.00541946740459, -16.669637410228201 ] } },
{ "type": "Feature", "properties": { "ID": 0, "NAME": "Mawari", "X_Coord": 31.001, "Y_Coord": -16.7023 }, "geometry": { "type": "Point", "coordinates": [ 31.001007454925585, -16.702314126350881 ] } },
{ "type": "Feature", "properties": { "ID": 0, "NAME": "Gato", "X_Coord": 31.1135, "Y_Coord": -16.7217 }, "geometry": { "type": "Point", "coordinates": [ 31.113473072241703, -16.721704696381551 ] } },
{ "type": "Feature", "properties": { "ID": 0, "NAME": "Aranbira", "X_Coord": 31.0428, "Y_Coord": -16.7897 }, "geometry": { "type": "Point", "coordinates": [ 31.042839414261078, -16.789669494057016 ] } },
{ "type": "Feature", "properties": { "ID": 0, "NAME": "Chiparta", "X_Coord": 30.9941, "Y_Coord": -16.7844 }, "geometry": { "type": "Point", "coordinates": [ 30.994091483854913, -16.78437515847547 ] } },
{ "type": "Feature", "properties": { "ID": 0, "NAME": "Chidikamwedzi", "X_Coord": 30.9546, "Y_Coord": -16.8098 }, "geometry": { "type": "Point", "coordinates": [ 30.95459062218405, -16.809817884937051 ] } },
{ "type": "Feature", "properties": { "ID": 0, "NAME": "Ashcott", "X_Coord": 31.3071, "Y_Coord": -16.9058 }, "geometry": { "type": "Point", "coordinates": [ 31.307132921458862, -16.905760442989674 ] } },
{ "type": "Feature", "properties": { "ID": 0, "NAME": "St Basil", "X_Coord": 31.3048, "Y_Coord": -17.0652 }, "geometry": { "type": "Point", "coordinates": [ 31.304803875691693, -17.065215103776069 ] } },
{ "type": "Feature", "properties": { "ID": 0, "NAME": "Rossetta Rust", "X_Coord": 31.2397, "Y_Coord": -17.09 }, "geometry": { "type": "Point", "coordinates": [ 31.239719561432885, -17.090031853054082 ] } },
{ "type": "Feature", "properties": { "ID": 0, "NAME": "Zvakwana", "X_Coord": 31.344, "Y_Coord": -17.2222 }, "geometry": { "type": "Point", "coordinates": [ 31.344034642303448, -17.222173673721855 ] } },
{ "type": "Feature", "properties": { "ID": 0, "NAME": "Foothills", "X_Coord": 31.2863, "Y_Coord": -17.2321 }, "geometry": { "type": "Point", "coordinates": [ 31.28634259987523, -17.232129913365178 ] } },
{ "type": "Feature", "properties": { "ID": 0, "NAME": "Saimoona", "X_Coord": 31.1978, "Y_Coord": -17.2973 }, "geometry": { "type": "Point", "coordinates": [ 31.197828856217154, -17.297268173929769 ] } },
{ "type": "Feature", "properties": { "ID": 0, "NAME": "Thrums", "X_Coord": 31.1796, "Y_Coord": -17.3383 }, "geometry": { "type": "Point", "coordinates": [ 31.179587788154262, -17.338271998015156 ] } },
{ "type": "Feature", "properties": { "ID": 0, "NAME": "Pimento Park", "X_Coord": 31.1934, "Y_Coord": -17.3191 }, "geometry": { "type": "Point", "coordinates": [ 31.193382873635478, -17.319136283584402 ] } },
{ "type": "Feature", "properties": { "ID": 0, "NAME": "Trojan", "X_Coord": 31.284, "Y_Coord": -17.3338 }, "geometry": { "type": "Point", "coordinates": [ 31.284015547051972, -17.333755073624115 ] } },
{ "type": "Feature", "properties": { "ID": 0, "NAME": "Mapunga", "X_Coord": 31.2685, "Y_Coord": -17.3007 }, "geometry": { "type": "Point", "coordinates": [ 31.26853799324007, -17.300683330380409 ] } },
{ "type": "Feature", "properties": { "ID": 0, "NAME": "Pednor", "X_Coord": 31.303, "Y_Coord": -17.2722 }, "geometry": { "type": "Point", "coordinates": [ 31.30304683273652, -17.272174348985178 ] } },
{ "type": "Feature", "properties": { "ID": 0, "NAME": "Uronga South", "X_Coord": 31.4156, "Y_Coord": -17.2753 }, "geometry": { "type": "Point", "coordinates": [ 31.415610050548398, -17.275344336713378 ] } },
{ "type": "Feature", "properties": { "ID": 0, "NAME": "Avocca", "X_Coord": 31.3884, "Y_Coord": -17.2544 }, "geometry": { "type": "Point", "coordinates": [ 31.388361499685807, -17.254384628976496 ] } },
{ "type": "Feature", "properties": { "ID": 0, "NAME": "Dengu", "X_Coord": 31.3492, "Y_Coord": -17.3764 }, "geometry": { "type": "Point", "coordinates": [ 31.349156252193527, -17.376389072985617 ] } },
{ "type": "Feature", "properties": { "ID": 0, "NAME": "Chireka", "X_Coord": 31.3713, "Y_Coord": -17.4104 }, "geometry": { "type": "Point", "coordinates": [ 31.371322815837317, -17.410385437852884 ] } },
{ "type": "Feature", "properties": { "ID": 0, "NAME": "S.O.S Maizelands", "X_Coord": 31.4395, "Y_Coord": -17.3675 }, "geometry": { "type": "Point", "coordinates": [ 31.439508299474987, -17.367505854808687 ] } },
{ "type": "Feature", "properties": { "ID": 0, "NAME": "Wayerera", "X_Coord": 31.2946, "Y_Coord": -17.3825 }, "geometry": { "type": "Point", "coordinates": [ 31.294577022598396, -17.382471385262505 ] } },
{ "type": "Feature", "properties": { "ID": 0, "NAME": "Maravanyika", "X_Coord": 31.2662, "Y_Coord": -17.3926 }, "geometry": { "type": "Point", "coordinates": [ 31.266188707758399, -17.392622563873729 ] } },
{ "type": "Feature", "properties": { "ID": 0, "NAME": "Masembura", "X_Coord": 31.257, "Y_Coord": -17.4417 }, "geometry": { "type": "Point", "coordinates": [ 31.257021722836154, -17.441669263311759 ] } },
{ "type": "Feature", "properties": { "ID": 0, "NAME": "Chigiji", "X_Coord": 31.195, "Y_Coord": -17.4053 }, "geometry": { "type": "Point", "coordinates": [ 31.195024850329858, -17.405341303988912 ] } },
{ "type": "Feature", "properties": { "ID": 0, "NAME": "Chiriseri", "X_Coord": 31.1533, "Y_Coord": -17.4502 }, "geometry": { "type": "Point", "coordinates": [ 31.153332271663817, -17.450171030241691 ] } },
{ "type": "Feature", "properties": { "ID": 0, "NAME": "Jingo", "X_Coord": 31.2223, "Y_Coord": -17.4747 }, "geometry": { "type": "Point", "coordinates": [ 31.222284904828953, -17.474719110250522 ] } },
{ "type": "Feature", "properties": { "ID": 0, "NAME": "Chiveso", "X_Coord": 31.327, "Y_Coord": -17.4507 }, "geometry": { "type": "Point", "coordinates": [ 31.32696824529787, -17.450657966583304 ] } },
{ "type": "Feature", "properties": { "ID": 0, "NAME": "Murembe", "X_Coord": 31.3773, "Y_Coord": -17.4708 }, "geometry": { "type": "Point", "coordinates": [ 31.377331384491644, -17.470758704572049 ] } },
{ "type": "Feature", "properties": { "ID": 0, "NAME": "Musana", "X_Coord": 31.3794, "Y_Coord": -17.4998 }, "geometry": { "type": "Point", "coordinates": [ 31.379376737055352, -17.499769732636885 ] } },
{ "type": "Feature", "properties": { "ID": 0, "NAME": "Muchapondwa", "X_Coord": 31.3457, "Y_Coord": -17.5171 }, "geometry": { "type": "Point", "coordinates": [ 31.345667106274664, -17.517112881284753 ] } },
{ "type": "Feature", "properties": { "ID": 0, "NAME": "Chakanyemba", "X_Coord": 31.3326, "Y_Coord": -17.5627 }, "geometry": { "type": "Point", "coordinates": [ 31.332628185359152, -17.562665401022986 ] } },
{ "type": "Feature", "properties": { "ID": 0, "NAME": "Nyava", "X_Coord": 31.3864, "Y_Coord": -17.563 }, "geometry": { "type": "Point", "coordinates": [ 31.38644313104378, -17.563026327895049 ] } },
{ "type": "Feature", "properties": { "ID": 0, "NAME": "Gwaze", "X_Coord": 31.4291, "Y_Coord": -17.5335 }, "geometry": { "type": "Point", "coordinates": [ 31.42914953105489, -17.533502367132705 ] } },
{ "type": "Feature", "properties": { "ID": 0, "NAME": "Mumurwi", "X_Coord": 31.4979, "Y_Coord": -17.5137 }, "geometry": { "type": "Point", "coordinates": [ 31.497932894368407, -17.513659192469202 ] } },
{ "type": "Feature", "properties": { "ID": 0, "NAME": "Chindotwe", "X_Coord": 31.4352, "Y_Coord": -17.5716 }, "geometry": { "type": "Point", "coordinates": [ 31.435227747048142, -17.571637857196201 ] } },
{ "type": "Feature", "properties": { "ID": 0, "NAME": "Gorwa", "X_Coord": 31.4037, "Y_Coord": -17.6105 }, "geometry": { "type": "Point", "coordinates": [ 31.403661477572072, -17.610465990619709 ] } },
{ "type": "Feature", "properties": { "ID": 0, "NAME": "Mashambanhaka", "X_Coord": 31.3588, "Y_Coord": -17.6071 }, "geometry": { "type": "Point", "coordinates": [ 31.35884301090811, -17.607133888130026 ] } },
{ "type": "Feature", "properties": { "ID": 0, "NAME": "Mupandira", "X_Coord": 31.3095, "Y_Coord": -17.5982 }, "geometry": { "type": "Point", "coordinates": [ 31.309516790047017, -17.598160481427307 ] } },
{ "type": "Feature", "properties": { "ID": 0, "NAME": "Chumbere", "X_Coord": 31.2194, "Y_Coord": -16.9433 }, "geometry": { "type": "Point", "coordinates": [ 31.219364435441925, -16.943260474774398 ] } },
{ "type": "Feature", "properties": { "ID": 0, "NAME": "Nethergreen", "X_Coord": 31.4666, "Y_Coord": -17.2587 }, "geometry": { "type": "Point", "coordinates": [ 31.466645502037242, -17.258699035262168 ] } },
{ "type": "Feature", "properties": { "ID": 0, "NAME": "Dombo", "X_Coord": 32.4365, "Y_Coord": -18.3477 }, "geometry": { "type": "Point", "coordinates": [ 32.436486102626112, -18.347653143695279 ] } },
{ "type": "Feature", "properties": { "ID": 0, "NAME": "Nyanhundu", "X_Coord": 32.521, "Y_Coord": -18.3421 }, "geometry": { "type": "Point", "coordinates": [ 32.521038834468463, -18.342059653895497 ] } },
{ "type": "Feature", "properties": { "ID": 0, "NAME": "Raudzi", "X_Coord": 32.59, "Y_Coord": -18.3866 }, "geometry": { "type": "Point", "coordinates": [ 32.59002581645133, -18.386625336363213 ] } },
{ "type": "Feature", "properties": { "ID": 0, "NAME": "Mapako", "X_Coord": 32.608, "Y_Coord": -18.0797 }, "geometry": { "type": "Point", "coordinates": [ 32.608016759971932, -18.079655591753742 ] } },
{ "type": "Feature", "properties": { "ID": 0, "NAME": "Tamunesa", "X_Coord": 32.6287, "Y_Coord": -18.0817 }, "geometry": { "type": "Point", "coordinates": [ 32.628700036982792, -18.081656880034924 ] } },
{ "type": "Feature", "properties": { "ID": 0, "NAME": "Nyarukova", "X_Coord": 32.5432, "Y_Coord": -18.2823 }, "geometry": { "type": "Point", "coordinates": [ 32.543228312605642, -18.282333879212665 ] } },
{ "type": "Feature", "properties": { "ID": 0, "NAME": "Claremont", "X_Coord": 32.7114, "Y_Coord": -18.3332 }, "geometry": { "type": "Point", "coordinates": [ 32.711441351731018, -18.333205909473154 ] } },
{ "type": "Feature", "properties": { "ID": 0, "NAME": "Nyarumvumwe", "X_Coord": 32.6461, "Y_Coord": -18.2377 }, "geometry": { "type": "Point", "coordinates": [ 32.646143985412969, -18.237659645135917 ] } },
{ "type": "Feature", "properties": { "ID": 0, "NAME": "Nyatondo", "X_Coord": 32.7112, "Y_Coord": -18.1919 }, "geometry": { "type": "Point", "coordinates": [ 32.711211473075416, -18.191889491013438 ] } },
{ "type": "Feature", "properties": { "ID": 0, "NAME": "Nyamhuka", "X_Coord": 32.7353, "Y_Coord": -18.2387 }, "geometry": { "type": "Point", "coordinates": [ 32.735292462903899, -18.238709364625525 ] } },
{ "type": "Feature", "properties": { "ID": 0, "NAME": "Zuvarabuda", "X_Coord": 32.7364, "Y_Coord": -18.2153 }, "geometry": { "type": "Point", "coordinates": [ 32.736440990049495, -18.215307546938035 ] } },
{ "type": "Feature", "properties": { "ID": 0, "NAME": "Manjoro", "X_Coord": 32.7138, "Y_Coord": -18.2282 }, "geometry": { "type": "Point", "coordinates": [ 32.713775967433229, -18.228175594664719 ] } },
{ "type": "Feature", "properties": { "ID": 0, "NAME": "Magadzire", "X_Coord": 32.969, "Y_Coord": -18.2208 }, "geometry": { "type": "Point", "coordinates": [ 32.96895574447494, -18.220843225203993 ] } },
{ "type": "Feature", "properties": { "ID": 0, "NAME": "Tsatse", "X_Coord": 32.9654, "Y_Coord": -18.1696 }, "geometry": { "type": "Point", "coordinates": [ 32.965428899941422, -18.169624391675555 ] } },
{ "type": "Feature", "properties": { "ID": 0, "NAME": "Nyafaru", "X_Coord": 32.9326, "Y_Coord": -18.2178 }, "geometry": { "type": "Point", "coordinates": [ 32.932550541144884, -18.217753693269049 ] } },
{ "type": "Feature", "properties": { "ID": 0, "NAME": "Dazi", "X_Coord": 32.8943, "Y_Coord": -18.1848 }, "geometry": { "type": "Point", "coordinates": [ 32.894339264827465, -18.184785219950509 ] } },
{ "type": "Feature", "properties": { "ID": 0, "NAME": "Gaeresi", "X_Coord": 32.8861, "Y_Coord": -18.154 }, "geometry": { "type": "Point", "coordinates": [ 32.886106335658624, -18.15403154189482 ] } },
{ "type": "Feature", "properties": { "ID": 0, "NAME": "Sagonda", "X_Coord": 32.9193, "Y_Coord": -18.02 }, "geometry": { "type": "Point", "coordinates": [ 32.919301908195635, -18.019996108010634 ] } },
{ "type": "Feature", "properties": { "ID": 0, "NAME": "Ngurunda", "X_Coord": 32.9395, "Y_Coord": -18.0958 }, "geometry": { "type": "Point", "coordinates": [ 32.939518441067023, -18.095802085537475 ] } },
{ "type": "Feature", "properties": { "ID": 0, "NAME": "Tombo", "X_Coord": 32.8839, "Y_Coord": -18.0361 }, "geometry": { "type": "Point", "coordinates": [ 32.883895079367647, -18.036095708319923 ] } },
{ "type": "Feature", "properties": { "ID": 0, "NAME": "Crossdale", "X_Coord": 32.8844, "Y_Coord": -18.0745 }, "geometry": { "type": "Point", "coordinates": [ 32.884382295205953, -18.074454345389515 ] } },
{ "type": "Feature", "properties": { "ID": 0, "NAME": "Matema", "X_Coord": 32.8546, "Y_Coord": -18.0871 }, "geometry": { "type": "Point", "coordinates": [ 32.854618838528317, -18.087148931942501 ] } },
{ "type": "Feature", "properties": { "ID": 0, "NAME": "Sedze", "X_Coord": 32.7442, "Y_Coord": -18.1523 }, "geometry": { "type": "Point", "coordinates": [ 32.744246771249315, -18.152322481611129 ] } },
{ "type": "Feature", "properties": { "ID": 0, "NAME": "Nyajezi", "X_Coord": 32.754, "Y_Coord": -18.1327 }, "geometry": { "type": "Point", "coordinates": [ 32.753990513537573, -18.132706540523692 ] } },
{ "type": "Feature", "properties": { "ID": 0, "NAME": "Tendanayi", "X_Coord": 32.7115, "Y_Coord": -18.03 }, "geometry": { "type": "Point", "coordinates": [ 32.71145122755442, -18.029990578281389 ] } },
{ "type": "Feature", "properties": { "ID": 0, "NAME": "Maereka", "X_Coord": 32.689, "Y_Coord": -18.0556 }, "geometry": { "type": "Point", "coordinates": [ 32.688956763759123, -18.05564247648271 ] } },
{ "type": "Feature", "properties": { "ID": 0, "NAME": "Mt. Melleray", "X_Coord": 32.7458, "Y_Coord": -17.9869 }, "geometry": { "type": "Point", "coordinates": [ 32.745837971612481, -17.986909794149145 ] } },
{ "type": "Feature", "properties": { "ID": 0, "NAME": "Chidazu", "X_Coord": 32.6503, "Y_Coord": -17.9786 }, "geometry": { "type": "Point", "coordinates": [ 32.650325106625651, -17.978584376619949 ] } },
{ "type": "Feature", "properties": { "ID": 0, "NAME": "Nyatate", "X_Coord": 32.6679, "Y_Coord": -18.0245 }, "geometry": { "type": "Point", "coordinates": [ 32.667941364736528, -18.024523473969207 ] } },
{ "type": "Feature", "properties": { "ID": 0, "NAME": "Saunyama", "X_Coord": 32.6009, "Y_Coord": -18.0205 }, "geometry": { "type": "Point", "coordinates": [ 32.600948242499001, -18.020516438528389 ] } },
{ "type": "Feature", "properties": { "ID": 0, "NAME": "Nyabeze", "X_Coord": 32.6566, "Y_Coord": -17.9631 }, "geometry": { "type": "Point", "coordinates": [ 32.656557044391263, -17.963135610060259 ] } },
{ "type": "Feature", "properties": { "ID": 0, "NAME": "Shiri", "X_Coord": 32.6888, "Y_Coord": -17.9193 }, "geometry": { "type": "Point", "coordinates": [ 32.688799392892619, -17.919294663651993 ] } },
{ "type": "Feature", "properties": { "ID": 0, "NAME": "Sanzvenga", "X_Coord": 32.8982, "Y_Coord": -17.9811 }, "geometry": { "type": "Point", "coordinates": [ 32.898150112076088, -17.98108780345262 ] } },
{ "type": "Feature", "properties": { "ID": 0, "NAME": "Kute St. Peters", "X_Coord": 32.8951, "Y_Coord": -17.9647 }, "geometry": { "type": "Point", "coordinates": [ 32.895092381536244, -17.964673765253149 ] } },
{ "type": "Feature", "properties": { "ID": 0, "NAME": "Bumhira", "X_Coord": 32.9424, "Y_Coord": -17.8729 }, "geometry": { "type": "Point", "coordinates": [ 32.942417152879628, -17.872851180246386 ] } },
{ "type": "Feature", "properties": { "ID": 0, "NAME": "Sanyamaropa", "X_Coord": 32.9435, "Y_Coord": -17.9091 }, "geometry": { "type": "Point", "coordinates": [ 32.943512157786365, -17.90914263683074 ] } },
{ "type": "Feature", "properties": { "ID": 0, "NAME": "Samanyika", "X_Coord": 32.8952, "Y_Coord": -17.9207 }, "geometry": { "type": "Point", "coordinates": [ 32.895242595572476, -17.920650863143848 ] } },
{ "type": "Feature", "properties": { "ID": 0, "NAME": "Manyau", "X_Coord": 32.8366, "Y_Coord": -17.8999 }, "geometry": { "type": "Point", "coordinates": [ 32.836648197696235, -17.899888235014039 ] } },
{ "type": "Feature", "properties": { "ID": 0, "NAME": "Chatindo", "X_Coord": 32.9911, "Y_Coord": -17.7961 }, "geometry": { "type": "Point", "coordinates": [ 32.991132216668092, -17.796062418326798 ] } },
{ "type": "Feature", "properties": { "ID": 0, "NAME": "Sabvure", "X_Coord": 32.9761, "Y_Coord": -17.7257 }, "geometry": { "type": "Point", "coordinates": [ 32.976117829760639, -17.725711203929055 ] } },
{ "type": "Feature", "properties": { "ID": 0, "NAME": "Masaya", "X_Coord": 32.9444, "Y_Coord": -17.7508 }, "geometry": { "type": "Point", "coordinates": [ 32.944378609976567, -17.75076592983913 ] } },
{ "type": "Feature", "properties": { "ID": 0, "NAME": "Mutetwa", "X_Coord": 32.9153, "Y_Coord": -17.8068 }, "geometry": { "type": "Point", "coordinates": [ 32.915277958029321, -17.806779031896742 ] } },
{ "type": "Feature", "properties": { "ID": 0, "NAME": "Kambudzi", "X_Coord": 32.8871, "Y_Coord": -17.7726 }, "geometry": { "type": "Point", "coordinates": [ 32.887144342620317, -17.772630106147627 ] } },
{ "type": "Feature", "properties": { "ID": 0, "NAME": "Samatinha", "X_Coord": 32.5754, "Y_Coord": -17.8045 }, "geometry": { "type": "Point", "coordinates": [ 32.57535940923308, -17.804474764429532 ] } },
{ "type": "Feature", "properties": { "ID": 0, "NAME": "Tsvito", "X_Coord": 32.6177, "Y_Coord": -17.8512 }, "geometry": { "type": "Point", "coordinates": [ 32.617722512657728, -17.851186721902021 ] } },
{ "type": "Feature", "properties": { "ID": 0, "NAME": "St. Monicas", "X_Coord": 32.6684, "Y_Coord": -17.8704 }, "geometry": { "type": "Point", "coordinates": [ 32.668411042017198, -17.87038468752198 ] } },
{ "type": "Feature", "properties": { "ID": 0, "NAME": "Nyautare", "X_Coord": 32.6787, "Y_Coord": -17.8316 }, "geometry": { "type": "Point", "coordinates": [ 32.678747851867257, -17.831556762720826 ] } },
{ "type": "Feature", "properties": { "ID": 0, "NAME": "Madziwa", "X_Coord": 32.7633, "Y_Coord": -17.819 }, "geometry": { "type": "Point", "coordinates": [ 32.763302268560956, -17.818953851497188 ] } },
{ "type": "Feature", "properties": { "ID": 0, "NAME": "Dambakupetwa", "X_Coord": 32.8233, "Y_Coord": -17.724 }, "geometry": { "type": "Point", "coordinates": [ 32.823343863051349, -17.723992577406353 ] } },
{ "type": "Feature", "properties": { "ID": 0, "NAME": "Nyatsanga", "X_Coord": 32.7825, "Y_Coord": -17.752 }, "geometry": { "type": "Point", "coordinates": [ 32.782508116085289, -17.751964218627961 ] } },
{ "type": "Feature", "properties": { "ID": 0, "NAME": "Nyamutowera", "X_Coord": 32.6337, "Y_Coord": -17.7179 }, "geometry": { "type": "Point", "coordinates": [ 32.633672686360271, -17.717929247009401 ] } },
{ "type": "Feature", "properties": { "ID": 0, "NAME": "Mazarura", "X_Coord": 32.6556, "Y_Coord": -17.7079 }, "geometry": { "type": "Point", "coordinates": [ 32.655621925939045, -17.707879127483576 ] } },
{ "type": "Feature", "properties": { "ID": 0, "NAME": "Chiwarira", "X_Coord": 32.9689, "Y_Coord": -17.6712 }, "geometry": { "type": "Point", "coordinates": [ 32.968892314780248, -17.671190261211123 ] } },
{ "type": "Feature", "properties": { "ID": 0, "NAME": "Nyamahumba", "X_Coord": 32.8297, "Y_Coord": -17.6667 }, "geometry": { "type": "Point", "coordinates": [ 32.829732590114226, -17.666650409971499 ] } },
{ "type": "Feature", "properties": { "ID": 0, "NAME": "Sanhani", "X_Coord": 32.6913, "Y_Coord": -17.6017 }, "geometry": { "type": "Point", "coordinates": [ 32.691269749518682, -17.601685329971854 ] } },
{ "type": "Feature", "properties": { "ID": 0, "NAME": "Kanyimo", "X_Coord": 32.7089, "Y_Coord": -17.6476 }, "geometry": { "type": "Point", "coordinates": [ 32.708863319485175, -17.647621078435471 ] } },
{ "type": "Feature", "properties": { "ID": 0, "NAME": "Mbiriyadi", "X_Coord": 32.818, "Y_Coord": -17.579 }, "geometry": { "type": "Point", "coordinates": [ 32.817972572215339, -17.578993933146954 ] } },
{ "type": "Feature", "properties": { "ID": 0, "NAME": "Manjanja", "X_Coord": 32.7793, "Y_Coord": -17.6056 }, "geometry": { "type": "Point", "coordinates": [ 32.779306318101959, -17.605591594571909 ] } },
{ "type": "Feature", "properties": { "ID": 0, "NAME": "Kaitano", "X_Coord": 32.9712, "Y_Coord": -17.5804 }, "geometry": { "type": "Point", "coordinates": [ 32.971239335043094, -17.580361518268781 ] } },
{ "type": "Feature", "properties": { "ID": 0, "NAME": "Chapatarongo", "X_Coord": 32.9025, "Y_Coord": -17.6374 }, "geometry": { "type": "Point", "coordinates": [ 32.902456998302483, -17.637418630135137 ] } },
{ "type": "Feature", "properties": { "ID": 0, "NAME": "Tsengerai", "X_Coord": 32.7739, "Y_Coord": -17.5721 }, "geometry": { "type": "Point", "coordinates": [ 32.773893548532342, -17.572084732087195 ] } },
{ "type": "Feature", "properties": { "ID": 0, "NAME": "Nyamudeza", "X_Coord": 32.8489, "Y_Coord": -17.6104 }, "geometry": { "type": "Point", "coordinates": [ 32.848900796225891, -17.610373382631252 ] } },
{ "type": "Feature", "properties": { "ID": 0, "NAME": "Katerere", "X_Coord": 32.8894, "Y_Coord": -17.559 }, "geometry": { "type": "Point", "coordinates": [ 32.889350367609815, -17.558967684712304 ] } },
{ "type": "Feature", "properties": { "ID": 0, "NAME": "Mangezi", "X_Coord": 32.8131, "Y_Coord": -17.5341 }, "geometry": { "type": "Point", "coordinates": [ 32.813109466744109, -17.534148526173229 ] } },
{ "type": "Feature", "properties": { "ID": 0, "NAME": "Kazozo", "X_Coord": 32.859, "Y_Coord": -17.5198 }, "geometry": { "type": "Point", "coordinates": [ 32.859016423681922, -17.519809247851594 ] } },
{ "type": "Feature", "properties": { "ID": 0, "NAME": "Chifambe", "X_Coord": 32.7682, "Y_Coord": -17.5144 }, "geometry": { "type": "Point", "coordinates": [ 32.768162339421572, -17.514439250955299 ] } },
{ "type": "Feature", "properties": { "ID": 0, "NAME": "Mukunza", "X_Coord": 32.8922, "Y_Coord": -17.4611 }, "geometry": { "type": "Point", "coordinates": [ 32.89224131485868, -17.461111301221333 ] } },
{ "type": "Feature", "properties": { "ID": 0, "NAME": "Renzwa", "X_Coord": 32.7236, "Y_Coord": -17.4713 }, "geometry": { "type": "Point", "coordinates": [ 32.723629182074127, -17.471311433446719 ] } },
{ "type": "Feature", "properties": { "ID": 0, "NAME": "Avilla", "X_Coord": 32.7815, "Y_Coord": -17.4474 }, "geometry": { "type": "Point", "coordinates": [ 32.78145187416316, -17.447391556556362 ] } },
{ "type": "Feature", "properties": { "ID": 0, "NAME": "Britania", "X_Coord": 32.6803, "Y_Coord": -18.4822 }, "geometry": { "type": "Point", "coordinates": [ 32.680339456529481, -18.482174660195756 ] } },
{ "type": "Feature", "properties": { "ID": 0, "NAME": "St Roberts Sinclair", "X_Coord": 32.7538, "Y_Coord": -18.475 }, "geometry": { "type": "Point", "coordinates": [ 32.753805053260997, -18.474967394834991 ] } },
{ "type": "Feature", "properties": { "ID": 0, "NAME": "Kagore", "X_Coord": 32.8647, "Y_Coord": -17.8471 }, "geometry": { "type": "Point", "coordinates": [ 32.864653346371391, -17.84709783429922 ] } },
{ "type": "Feature", "properties": { "ID": 0, "NAME": "Chimusasa", "X_Coord": 33.002, "Y_Coord": -17.4079 }, "geometry": { "type": "Point", "coordinates": [ 33.002011143799507, -17.407861809672017 ] } },
{ "type": "Feature", "properties": { "ID": 0, "NAME": "Kodzaimambo", "X_Coord": 32.9256, "Y_Coord": -17.3166 }, "geometry": { "type": "Point", "coordinates": [ 32.925643537783664, -17.316597639333462 ] } },
{ "type": "Feature", "properties": { "ID": 0, "NAME": "Fombe", "X_Coord": 32.983, "Y_Coord": -17.333 }, "geometry": { "type": "Point", "coordinates": [ 32.983035874600759, -17.332974603781821 ] } },
{ "type": "Feature", "properties": { "ID": 0, "NAME": "Fatima", "X_Coord": 32.539, "Y_Coord": -18.4387 }, "geometry": { "type": "Point", "coordinates": [ 32.539010794113565, -18.438650572651582 ] } },
{ "type": "Feature", "properties": { "ID": 0, "NAME": "Magadzire", "X_Coord": 32.4579, "Y_Coord": -18.4974 }, "geometry": { "type": "Point", "coordinates": [ 32.457941662829107, -18.497430854876345 ] } },
{ "type": "Feature", "properties": { "ID": 0, "NAME": "Sadziwa", "X_Coord": 32.5047, "Y_Coord": -18.5291 }, "geometry": { "type": "Point", "coordinates": [ 32.504731466987771, -18.529054524889336 ] } },
{ "type": "Feature", "properties": { "ID": 0, "NAME": "Mbaza", "X_Coord": 32.5389, "Y_Coord": -18.4703 }, "geometry": { "type": "Point", "coordinates": [ 32.538902207532495, -18.470288706399153 ] } },
{ "type": "Feature", "properties": { "ID": 0, "NAME": "Bonda", "X_Coord": 32.5525, "Y_Coord": -18.4559 }, "geometry": { "type": "Point", "coordinates": [ 32.552468194459763, -18.455875334033422 ] } },
{ "type": "Feature", "properties": { "ID": 0, "NAME": "Chirarwe", "X_Coord": 32.6108, "Y_Coord": -18.5252 }, "geometry": { "type": "Point", "coordinates": [ 32.610763514153085, -18.52523109242923 ] } },
{ "type": "Feature", "properties": { "ID": 0, "NAME": "Newengo", "X_Coord": 32.6245, "Y_Coord": -18.5599 }, "geometry": { "type": "Point", "coordinates": [ 32.624484507352477, -18.559856616594566 ] } },
{ "type": "Feature", "properties": { "ID": 0, "NAME": "Haparari", "X_Coord": 32.4698, "Y_Coord": -18.5858 }, "geometry": { "type": "Point", "coordinates": [ 32.469839018248727, -18.585842997291973 ] } },
{ "type": "Feature", "properties": { "ID": 0, "NAME": "Kadzere", "X_Coord": 32.541, "Y_Coord": -18.5463 }, "geometry": { "type": "Point", "coordinates": [ 32.541049384384429, -18.546258939182245 ] } },
{ "type": "Feature", "properties": { "ID": 0, "NAME": "Hillcrest", "X_Coord": 32.6518, "Y_Coord": -18.9277 }, "geometry": { "type": "Point", "coordinates": [ 32.651760859939849, -18.927712679060484 ] } },
{ "type": "Feature", "properties": { "ID": 0, "NAME": "Imbeza", "X_Coord": 32.7167, "Y_Coord": -18.9286 }, "geometry": { "type": "Point", "coordinates": [ 32.716690970197675, -18.928571694006987 ] } },
{ "type": "Feature", "properties": { "ID": 0, "NAME": "Little St Augustines", "X_Coord": 32.68, "Y_Coord": -18.8458 }, "geometry": { "type": "Point", "coordinates": [ 32.679987835174046, -18.845782773495159 ] } },
{ "type": "Feature", "properties": { "ID": 0, "NAME": "St. Georges (Muchena", "X_Coord": 32.6791, "Y_Coord": -18.8265 }, "geometry": { "type": "Point", "coordinates": [ 32.679060007258641, -18.826506695865735 ] } },
{ "type": "Feature", "properties": { "ID": 0, "NAME": "Elim", "X_Coord": 32.7064, "Y_Coord": -18.8732 }, "geometry": { "type": "Point", "coordinates": [ 32.706442601800738, -18.873212936889317 ] } },
{ "type": "Feature", "properties": { "ID": 0, "NAME": "Tsvingwe", "X_Coord": 32.6544, "Y_Coord": -18.8777 }, "geometry": { "type": "Point", "coordinates": [ 32.654360648270298, -18.877652092911983 ] } },
{ "type": "Feature", "properties": { "ID": 0, "NAME": "Hartzel", "X_Coord": 32.5861, "Y_Coord": -18.8852 }, "geometry": { "type": "Point", "coordinates": [ 32.586092514207571, -18.88515319807161 ] } },
{ "type": "Feature", "properties": { "ID": 0, "NAME": "Premier Estate", "X_Coord": 32.5794, "Y_Coord": -18.9064 }, "geometry": { "type": "Point", "coordinates": [ 32.5793826082081, -18.906398926027094 ] } },
{ "type": "Feature", "properties": { "ID": 0, "NAME": "Peplow", "X_Coord": 32.4932, "Y_Coord": -18.8497 }, "geometry": { "type": "Point", "coordinates": [ 32.493235797007337, -18.849687306575426 ] } },
{ "type": "Feature", "properties": { "ID": 0, "NAME": "Zinyembe", "X_Coord": 32.6351, "Y_Coord": -18.6387 }, "geometry": { "type": "Point", "coordinates": [ 32.635100073591794, -18.638714173353193 ] } },
{ "type": "Feature", "properties": { "ID": 0, "NAME": "Mundenda", "X_Coord": 32.5618, "Y_Coord": -18.7983 }, "geometry": { "type": "Point", "coordinates": [ 32.561817924180104, -18.798348238160024 ] } },
{ "type": "Feature", "properties": { "ID": 0, "NAME": "Old Marapa", "X_Coord": 32.5351, "Y_Coord": -18.7813 }, "geometry": { "type": "Point", "coordinates": [ 32.535078968477912, -18.781279905428537 ] } },
{ "type": "Feature", "properties": { "ID": 0, "NAME": "St Xavier (Chikumbu)", "X_Coord": 32.4962, "Y_Coord": -18.6552 }, "geometry": { "type": "Point", "coordinates": [ 32.496207433563164, -18.655195827549345 ] } },
{ "type": "Feature", "properties": { "ID": 0, "NAME": "Sherukuru", "X_Coord": 32.5257, "Y_Coord": -18.63 }, "geometry": { "type": "Point", "coordinates": [ 32.525733659296137, -18.629968846897494 ] } },
{ "type": "Feature", "properties": { "ID": 0, "NAME": "Beithania", "X_Coord": 32.5451, "Y_Coord": -18.5938 }, "geometry": { "type": "Point", "coordinates": [ 32.545102261548237, -18.593784035287023 ] } },
{ "type": "Feature", "properties": { "ID": 0, "NAME": "Matereke", "X_Coord": 32.5656, "Y_Coord": -18.5945 }, "geometry": { "type": "Point", "coordinates": [ 32.565604213379039, -18.594511142333239 ] } },
{ "type": "Feature", "properties": { "ID": 0, "NAME": "Njerama", "X_Coord": 32.5628, "Y_Coord": -18.6534 }, "geometry": { "type": "Point", "coordinates": [ 32.562826892876679, -18.653408405293796 ] } },
{ "type": "Feature", "properties": { "ID": 0, "NAME": "Mt. Jenya", "X_Coord": 32.5065, "Y_Coord": -18.7412 }, "geometry": { "type": "Point", "coordinates": [ 32.506536250760981, -18.74122053014074 ] } },
{ "type": "Feature", "properties": { "ID": 0, "NAME": "Vumbunu", "X_Coord": 32.5766, "Y_Coord": -18.7064 }, "geometry": { "type": "Point", "coordinates": [ 32.576603380541783, -18.706358074765483 ] } },
{ "type": "Feature", "properties": { "ID": 0, "NAME": "New Murapa", "X_Coord": 32.5574, "Y_Coord": -18.7144 }, "geometry": { "type": "Point", "coordinates": [ 32.557450522080941, -18.714376525293858 ] } },
{ "type": "Feature", "properties": { "ID": 0, "NAME": "Zongoro", "X_Coord": 32.5851, "Y_Coord": -18.7506 }, "geometry": { "type": "Point", "coordinates": [ 32.58507510801887, -18.750630300943026 ] } },
{ "type": "Feature", "properties": { "ID": 0, "NAME": "Mutasa", "X_Coord": 32.6382, "Y_Coord": -18.7122 }, "geometry": { "type": "Point", "coordinates": [ 32.638230556991111, -18.712226330290218 ] } },
{ "type": "Feature", "properties": { "ID": 0, "NAME": "Mapara", "X_Coord": 32.662, "Y_Coord": -18.7586 }, "geometry": { "type": "Point", "coordinates": [ 32.66201824157212, -18.758583635326207 ] } },
{ "type": "Feature", "properties": { "ID": 0, "NAME": "Moyoweshumba", "X_Coord": 32.663, "Y_Coord": -18.6522 }, "geometry": { "type": "Point", "coordinates": [ 32.663004012369989, -18.652180842855945 ] } },
{ "type": "Feature", "properties": { "ID": 0, "NAME": "Nyakatsapa", "X_Coord": 32.6738, "Y_Coord": -18.7117 }, "geometry": { "type": "Point", "coordinates": [ 32.673788525435434, -18.711746690976202 ] } },
{ "type": "Feature", "properties": { "ID": 0, "NAME": "Domborutinhira", "X_Coord": 32.7067, "Y_Coord": -18.6918 }, "geometry": { "type": "Point", "coordinates": [ 32.706702536758115, -18.691805369802516 ] } },
{ "type": "Feature", "properties": { "ID": 0, "NAME": "Chidambeze", "X_Coord": 32.7182, "Y_Coord": -18.7397 }, "geometry": { "type": "Point", "coordinates": [ 32.718224080536281, -18.739651757446119 ] } },
{ "type": "Feature", "properties": { "ID": 0, "NAME": "Stapleford", "X_Coord": 32.8084, "Y_Coord": -18.7199 }, "geometry": { "type": "Point", "coordinates": [ 32.808400599005388, -18.719880548104072 ] } },
{ "type": "Feature", "properties": { "ID": 0, "NAME": "Pafiwa", "X_Coord": 32.6617, "Y_Coord": -18.598 }, "geometry": { "type": "Point", "coordinates": [ 32.661692457749012, -18.598013077135079 ] } },
{ "type": "Feature", "properties": { "ID": 0, "NAME": "Manunure", "X_Coord": 32.713, "Y_Coord": -18.5771 }, "geometry": { "type": "Point", "coordinates": [ 32.712968655802214, -18.577054361486592 ] } },
{ "type": "Feature", "properties": { "ID": 0, "NAME": "Jombe", "X_Coord": 32.7431, "Y_Coord": -18.6111 }, "geometry": { "type": "Point", "coordinates": [ 32.743131069556419, -18.611131534554229 ] } },
{ "type": "Feature", "properties": { "ID": 0, "NAME": "Samaringa", "X_Coord": 32.7781, "Y_Coord": -18.6251 }, "geometry": { "type": "Point", "coordinates": [ 32.778091778913016, -18.625105639945843 ] } },
{ "type": "Feature", "properties": { "ID": 0, "NAME": "Korsten", "X_Coord": 32.8452, "Y_Coord": -18.6534 }, "geometry": { "type": "Point", "coordinates": [ 32.845243115645779, -18.653389181701336 ] } },
{ "type": "Feature", "properties": { "ID": 0, "NAME": "Rupinda", "X_Coord": 32.8495, "Y_Coord": -18.6187 }, "geometry": { "type": "Point", "coordinates": [ 32.849543810102546, -18.618741138250289 ] } },
{ "type": "Feature", "properties": { "ID": 0, "NAME": "Nyamaende", "X_Coord": 32.8646, "Y_Coord": -18.5994 }, "geometry": { "type": "Point", "coordinates": [ 32.86459458087532, -18.599360059883235 ] } },
{ "type": "Feature", "properties": { "ID": 0, "NAME": "Ngarura", "X_Coord": 32.8595, "Y_Coord": -18.59 }, "geometry": { "type": "Point", "coordinates": [ 32.859493627192315, -18.590009918769873 ] } },
{ "type": "Feature", "properties": { "ID": 0, "NAME": "Sahumani", "X_Coord": 32.8151, "Y_Coord": -18.5832 }, "geometry": { "type": "Point", "coordinates": [ 32.815091466604898, -18.583188513162732 ] } },
{ "type": "Feature", "properties": { "ID": 0, "NAME": "Kwambana", "X_Coord": 32.7626, "Y_Coord": -18.5625 }, "geometry": { "type": "Point", "coordinates": [ 32.762638437532232, -18.562477114796437 ] } },
{ "type": "Feature", "properties": { "ID": 0, "NAME": "Samanga", "X_Coord": 32.7428, "Y_Coord": -18.5366 }, "geometry": { "type": "Point", "coordinates": [ 32.742832944093969, -18.536601179263918 ] } },
{ "type": "Feature", "properties": { "ID": 0, "NAME": "Chitombo", "X_Coord": 32.7779, "Y_Coord": -18.555 }, "geometry": { "type": "Point", "coordinates": [ 32.777855231843738, -18.554968490899846 ] } },
{ "type": "Feature", "properties": { "ID": 0, "NAME": "Honde River", "X_Coord": 32.788, "Y_Coord": -18.5701 }, "geometry": { "type": "Point", "coordinates": [ 32.787997614093094, -18.57007739984995 ] } },
{ "type": "Feature", "properties": { "ID": 0, "NAME": "Makwasa", "X_Coord": 32.8665, "Y_Coord": -18.5611 }, "geometry": { "type": "Point", "coordinates": [ 32.866538930768868, -18.561067504465846 ] } },
{ "type": "Feature", "properties": { "ID": 0, "NAME": "St Anne", "X_Coord": 32.8665, "Y_Coord": -18.5291 }, "geometry": { "type": "Point", "coordinates": [ 32.86650187155589, -18.529096505374159 ] } },
{ "type": "Feature", "properties": { "ID": 0, "NAME": "Gatsi", "X_Coord": 32.819, "Y_Coord": -18.535 }, "geometry": { "type": "Point", "coordinates": [ 32.818979397347334, -18.534979653639642 ] } },
{ "type": "Feature", "properties": { "ID": 0, "NAME": "St Columbus", "X_Coord": 32.8806, "Y_Coord": -18.529 }, "geometry": { "type": "Point", "coordinates": [ 32.880575300192213, -18.529040102907388 ] } },
{ "type": "Feature", "properties": { "ID": 0, "NAME": "Buwu", "X_Coord": 32.8377, "Y_Coord": -18.4799 }, "geometry": { "type": "Point", "coordinates": [ 32.837668287506055, -18.479945813614581 ] } },
{ "type": "Feature", "properties": { "ID": 0, "NAME": "Ruda", "X_Coord": 32.8537, "Y_Coord": -18.503 }, "geometry": { "type": "Point", "coordinates": [ 32.85371756931039, -18.503024135161951 ] } },
{ "type": "Feature", "properties": { "ID": 0, "NAME": "Rutsate", "X_Coord": 32.8434, "Y_Coord": -18.4725 }, "geometry": { "type": "Point", "coordinates": [ 32.843357261318182, -18.472457312637633 ] } },
{ "type": "Feature", "properties": { "ID": 0, "NAME": "Loretto", "X_Coord": 32.9208, "Y_Coord": -18.4957 }, "geometry": { "type": "Point", "coordinates": [ 32.920799579009007, -18.495672290289018 ] } },
{ "type": "Feature", "properties": { "ID": 0, "NAME": "Muparitsa", "X_Coord": 32.8915, "Y_Coord": -18.4835 }, "geometry": { "type": "Point", "coordinates": [ 32.891516720018899, -18.483497466825259 ] } },
{ "type": "Feature", "properties": { "ID": 0, "NAME": "Mandeya", "X_Coord": 32.9402, "Y_Coord": -18.485 }, "geometry": { "type": "Point", "coordinates": [ 32.940193443607157, -18.484987295943917 ] } },
{ "type": "Feature", "properties": { "ID": 0, "NAME": "Makwara", "X_Coord": 32.9928, "Y_Coord": -18.4764 }, "geometry": { "type": "Point", "coordinates": [ 32.992803157003003, -18.476444504864467 ] } },
{ "type": "Feature", "properties": { "ID": 0, "NAME": "Pimai", "X_Coord": 32.9308, "Y_Coord": -18.4519 }, "geometry": { "type": "Point", "coordinates": [ 32.930787267235452, -18.451857733872995 ] } },
{ "type": "Feature", "properties": { "ID": 0, "NAME": "Zindi", "X_Coord": 32.9196, "Y_Coord": -18.3965 }, "geometry": { "type": "Point", "coordinates": [ 32.91964467625796, -18.396454808853747 ] } },
{ "type": "Feature", "properties": { "ID": 0, "NAME": "Aberfoyle", "X_Coord": 32.9407, "Y_Coord": -18.3951 }, "geometry": { "type": "Point", "coordinates": [ 32.940720641357323, -18.395105929368466 ] } },
{ "type": "Feature", "properties": { "ID": 0, "NAME": "Samutete", "X_Coord": 32.91, "Y_Coord": -18.4159 }, "geometry": { "type": "Point", "coordinates": [ 32.909996179407827, -18.415871151856969 ] } },
{ "type": "Feature", "properties": { "ID": 0, "NAME": "Muterere", "X_Coord": 32.9783, "Y_Coord": -18.4499 }, "geometry": { "type": "Point", "coordinates": [ 32.978341481075589, -18.449901557608889 ] } },
{ "type": "Feature", "properties": { "ID": 0, "NAME": "Chisuko", "X_Coord": 33.0029, "Y_Coord": -18.429 }, "geometry": { "type": "Point", "coordinates": [ 33.002856500687585, -18.429037661792748 ] } },
{ "type": "Feature", "properties": { "ID": 0, "NAME": "Katiyo", "X_Coord": 33.0217, "Y_Coord": -18.3969 }, "geometry": { "type": "Point", "coordinates": [ 33.02171417896875, -18.396906692517856 ] } },
{ "type": "Feature", "properties": { "ID": 0, "NAME": "Chikomba", "X_Coord": 33.0239, "Y_Coord": -18.3813 }, "geometry": { "type": "Point", "coordinates": [ 33.02389309150729, -18.381307010332868 ] } },
{ "type": "Feature", "properties": { "ID": 0, "NAME": "Eastern Highlands", "X_Coord": 32.9834, "Y_Coord": -18.4014 }, "geometry": { "type": "Point", "coordinates": [ 32.983417540853523, -18.401418361663204 ] } },
{ "type": "Feature", "properties": { "ID": 0, "NAME": "Nyamhingura", "X_Coord": 32.9926, "Y_Coord": -18.4103 }, "geometry": { "type": "Point", "coordinates": [ 32.99265013252586, -18.410344334005739 ] } },
{ "type": "Feature", "properties": { "ID": 0, "NAME": "Tsonzo", "X_Coord": 32.5965, "Y_Coord": -18.6492 }, "geometry": { "type": "Point", "coordinates": [ 32.596527920559012, -18.64916218417471 ] } },
{ "type": "Feature", "properties": { "ID": 0, "NAME": "Selbourne", "X_Coord": 32.653, "Y_Coord": -18.5619 }, "geometry": { "type": "Point", "coordinates": [ 32.653011120061635, -18.561919961862401 ] } },
{ "type": "Feature", "properties": { "ID": 0, "NAME": "St. Barbara", "X_Coord": 32.4855, "Y_Coord": -18.4872 }, "geometry": { "type": "Point", "coordinates": [ 32.485495906253071, -18.487156917363709 ] } },
{ "type": "Feature", "properties": { "ID": 0, "NAME": "St. Triashill", "X_Coord": 32.4549, "Y_Coord": -18.4182 }, "geometry": { "type": "Point", "coordinates": [ 32.45492776613586, -18.418168618266563 ] } },
{ "type": "Feature", "properties": { "ID": 0, "NAME": "Muponda", "X_Coord": 32.7386, "Y_Coord": -18.6494 }, "geometry": { "type": "Point", "coordinates": [ 32.738622098830447, -18.649440874046878 ] } },
{ "type": "Feature", "properties": { "ID": 0, "NAME": "Nyawanda", "X_Coord": 32.9962, "Y_Coord": -18.3632 }, "geometry": { "type": "Point", "coordinates": [ 32.996168226556158, -18.36322710954725 ] } },
{ "type": "Feature", "properties": { "ID": 0, "NAME": "Sagambe", "X_Coord": 33.0016, "Y_Coord": -18.3442 }, "geometry": { "type": "Point", "coordinates": [ 33.001607912341889, -18.344249499999414 ] } },
{ "type": "Feature", "properties": { "ID": 0, "NAME": "St Stephen's", "X_Coord": 32.9943, "Y_Coord": -18.3141 }, "geometry": { "type": "Point", "coordinates": [ 32.994322317454049, -18.314082988306652 ] } },
{ "type": "Feature", "properties": { "ID": 0, "NAME": "Chavanga", "X_Coord": 32.9939, "Y_Coord": -18.2845 }, "geometry": { "type": "Point", "coordinates": [ 32.993892796541047, -18.284477896918514 ] } },
{ "type": "Feature", "properties": { "ID": 0, "NAME": "Glenbum", "X_Coord": 32.7251, "Y_Coord": -19.0352 }, "geometry": { "type": "Point", "coordinates": [ 32.725125961738733, -19.035211592335028 ] } },
{ "type": "Feature", "properties": { "ID": 0, "NAME": "Bvumba", "X_Coord": 32.7694, "Y_Coord": -19.0327 }, "geometry": { "type": "Point", "coordinates": [ 32.769438506067402, -19.032682609594538 ] } },
{ "type": "Feature", "properties": { "ID": 0, "NAME": "Crake Valley", "X_Coord": 32.8256, "Y_Coord": -19.0837 }, "geometry": { "type": "Point", "coordinates": [ 32.825583694874105, -19.083674208709763 ] } },
{ "type": "Feature", "properties": { "ID": 0, "NAME": "Mutore", "X_Coord": 32.8022, "Y_Coord": -19.1328 }, "geometry": { "type": "Point", "coordinates": [ 32.80220288106635, -19.132816633720502 ] } },
{ "type": "Feature", "properties": { "ID": 0, "NAME": "Excelsior Falls", "X_Coord": 32.7545, "Y_Coord": -19.0843 }, "geometry": { "type": "Point", "coordinates": [ 32.754526968773959, -19.084335597248792 ] } },
{ "type": "Feature", "properties": { "ID": 0, "NAME": "Gombakomba", "X_Coord": 32.6496, "Y_Coord": -19.1132 }, "geometry": { "type": "Point", "coordinates": [ 32.649589118761398, -19.113175866851709 ] } },
{ "type": "Feature", "properties": { "ID": 0, "NAME": "Zimunya", "X_Coord": 32.6069, "Y_Coord": -19.0943 }, "geometry": { "type": "Point", "coordinates": [ 32.606923670973821, -19.094315963571766 ] } },
{ "type": "Feature", "properties": { "ID": 0, "NAME": "Chitakatira", "X_Coord": 32.6796, "Y_Coord": -19.1448 }, "geometry": { "type": "Point", "coordinates": [ 32.679621424389943, -19.144805088061045 ] } },
{ "type": "Feature", "properties": { "ID": 0, "NAME": "Mt. Dangare", "X_Coord": 32.6392, "Y_Coord": -19.1327 }, "geometry": { "type": "Point", "coordinates": [ 32.63921592456019, -19.13273875192073 ] } },
{ "type": "Feature", "properties": { "ID": 0, "NAME": "Greencroft", "X_Coord": 32.7311, "Y_Coord": -19.1354 }, "geometry": { "type": "Point", "coordinates": [ 32.731127740638271, -19.135358339791502 ] } },
{ "type": "Feature", "properties": { "ID": 0, "NAME": "Valhall", "X_Coord": 32.8507, "Y_Coord": -19.1431 }, "geometry": { "type": "Point", "coordinates": [ 32.850652336833946, -19.14309870853933 ] } },
{ "type": "Feature", "properties": { "ID": 0, "NAME": "Chinyamanda", "X_Coord": 32.8461, "Y_Coord": -19.1634 }, "geometry": { "type": "Point", "coordinates": [ 32.846087781793052, -19.163356193454415 ] } },
{ "type": "Feature", "properties": { "ID": 0, "NAME": "Msapa", "X_Coord": 32.8229, "Y_Coord": -19.1753 }, "geometry": { "type": "Point", "coordinates": [ 32.822906466190162, -19.175287531302136 ] } },
{ "type": "Feature", "properties": { "ID": 0, "NAME": "St Michael Matura", "X_Coord": 32.8247, "Y_Coord": -19.2756 }, "geometry": { "type": "Point", "coordinates": [ 32.824746220921504, -19.27556487739168 ] } },
{ "type": "Feature", "properties": { "ID": 0, "NAME": "Himalaya", "X_Coord": 32.746, "Y_Coord": -19.3723 }, "geometry": { "type": "Point", "coordinates": [ 32.746042749176645, -19.372261701303774 ] } },
{ "type": "Feature", "properties": { "ID": 0, "NAME": "Rowa", "X_Coord": 32.5991, "Y_Coord": -19.1501 }, "geometry": { "type": "Point", "coordinates": [ 32.59911451677916, -19.1501094660855 ] } },
{ "type": "Feature", "properties": { "ID": 0, "NAME": "Dambakurima", "X_Coord": 32.5986, "Y_Coord": -19.2458 }, "geometry": { "type": "Point", "coordinates": [ 32.598578501847854, -19.245805045941029 ] } },
{ "type": "Feature", "properties": { "ID": 0, "NAME": "Kaswa", "X_Coord": 32.7788, "Y_Coord": -19.1876 }, "geometry": { "type": "Point", "coordinates": [ 32.778817429908749, -19.187624368101684 ] } },
{ "type": "Feature", "properties": { "ID": 0, "NAME": "Mutsiyabako", "X_Coord": 32.6805, "Y_Coord": -19.4335 }, "geometry": { "type": "Point", "coordinates": [ 32.680495912966926, -19.433498217399379 ] } },
{ "type": "Feature", "properties": { "ID": 0, "NAME": "Chishakwe", "X_Coord": 32.6744, "Y_Coord": -19.1826 }, "geometry": { "type": "Point", "coordinates": [ 32.674446838397714, -19.182585073394133 ] } },
{ "type": "Feature", "properties": { "ID": 0, "NAME": "Gutaurare", "X_Coord": 32.6017, "Y_Coord": -19.3762 }, "geometry": { "type": "Point", "coordinates": [ 32.601727896682391, -19.376240807434314 ] } },
{ "type": "Feature", "properties": { "ID": 0, "NAME": "Mabwere", "X_Coord": 32.6267, "Y_Coord": -19.2912 }, "geometry": { "type": "Point", "coordinates": [ 32.626653681854883, -19.291207378034752 ] } },
{ "type": "Feature", "properties": { "ID": 0, "NAME": "Murere", "X_Coord": 32.618, "Y_Coord": -19.2153 }, "geometry": { "type": "Point", "coordinates": [ 32.617998813459579, -19.215278135775133 ] } },
{ "type": "Feature", "properties": { "ID": 0, "NAME": "Chitora", "X_Coord": 32.6131, "Y_Coord": -19.3268 }, "geometry": { "type": "Point", "coordinates": [ 32.613092186313338, -19.326806083905765 ] } },
{ "type": "Feature", "properties": { "ID": 0, "NAME": "Mavhiza", "X_Coord": 32.2269, "Y_Coord": -19.4761 }, "geometry": { "type": "Point", "coordinates": [ 32.226892645425941, -19.476144282026588 ] } },
{ "type": "Feature", "properties": { "ID": 0, "NAME": "Chipindirwe", "X_Coord": 32.3209, "Y_Coord": -19.5209 }, "geometry": { "type": "Point", "coordinates": [ 32.320880913304485, -19.520904322577845 ] } },
{ "type": "Feature", "properties": { "ID": 0, "NAME": "Chibiya", "X_Coord": 32.2714, "Y_Coord": -19.646 }, "geometry": { "type": "Point", "coordinates": [ 32.271369601153651, -19.645965591170292 ] } },
{ "type": "Feature", "properties": { "ID": 0, "NAME": "Kurauone", "X_Coord": 32.4254, "Y_Coord": -19.5551 }, "geometry": { "type": "Point", "coordinates": [ 32.425419736769022, -19.555061371650719 ] } },
{ "type": "Feature", "properties": { "ID": 0, "NAME": "Chikara", "X_Coord": 32.4841, "Y_Coord": -19.5594 }, "geometry": { "type": "Point", "coordinates": [ 32.484114579470443, -19.559361779936935 ] } },
{ "type": "Feature", "properties": { "ID": 0, "NAME": "Kusena", "X_Coord": 32.4578, "Y_Coord": -19.5671 }, "geometry": { "type": "Point", "coordinates": [ 32.457762452613522, -19.567053775911415 ] } },
{ "type": "Feature", "properties": { "ID": 0, "NAME": "Chieningwi", "X_Coord": 32.3859, "Y_Coord": -19.5926 }, "geometry": { "type": "Point", "coordinates": [ 32.385899754773071, -19.592597262600609 ] } },
{ "type": "Feature", "properties": { "ID": 0, "NAME": "Chirasika", "X_Coord": 32.395, "Y_Coord": -19.6356 }, "geometry": { "type": "Point", "coordinates": [ 32.394967740331559, -19.635589196985727 ] } },
{ "type": "Feature", "properties": { "ID": 0, "NAME": "Tonhorai", "X_Coord": 32.3589, "Y_Coord": -19.6231 }, "geometry": { "type": "Point", "coordinates": [ 32.358919282460853, -19.623132915426925 ] } },
{ "type": "Feature", "properties": { "ID": 0, "NAME": "Chiadzwa", "X_Coord": 32.3153, "Y_Coord": -19.5585 }, "geometry": { "type": "Point", "coordinates": [ 32.315305112685316, -19.558494943734583 ] } },
{ "type": "Feature", "properties": { "ID": 0, "NAME": "Banda", "X_Coord": 32.2774, "Y_Coord": -19.5869 }, "geometry": { "type": "Point", "coordinates": [ 32.277429350701041, -19.586862063753479 ] } },
{ "type": "Feature", "properties": { "ID": 0, "NAME": "Betera", "X_Coord": 32.3636, "Y_Coord": -19.5394 }, "geometry": { "type": "Point", "coordinates": [ 32.363564889992119, -19.539367038750022 ] } },
{ "type": "Feature", "properties": { "ID": 0, "NAME": "Gonora", "X_Coord": 32.2677, "Y_Coord": -19.5204 }, "geometry": { "type": "Point", "coordinates": [ 32.267711456806275, -19.520393437007776 ] } },
{ "type": "Feature", "properties": { "ID": 0, "NAME": "Muradzikwa", "X_Coord": 32.5898, "Y_Coord": -19.1335 }, "geometry": { "type": "Point", "coordinates": [ 32.589847676632488, -19.133517089696188 ] } },
{ "type": "Feature", "properties": { "ID": 0, "NAME": "Mhandambiri", "X_Coord": 32.5054, "Y_Coord": -19.1414 }, "geometry": { "type": "Point", "coordinates": [ 32.505414789279172, -19.141449067978442 ] } },
{ "type": "Feature", "properties": { "ID": 0, "NAME": "Chigombwe", "X_Coord": 32.5717, "Y_Coord": -19.1659 }, "geometry": { "type": "Point", "coordinates": [ 32.57173610472659, -19.165934740345232 ] } },
{ "type": "Feature", "properties": { "ID": 0, "NAME": "Mt Gandayi", "X_Coord": 32.5484, "Y_Coord": -19.2077 }, "geometry": { "type": "Point", "coordinates": [ 32.548439446574122, -19.207701126277765 ] } },
{ "type": "Feature", "properties": { "ID": 0, "NAME": "Munyarari", "X_Coord": 32.5564, "Y_Coord": -19.2711 }, "geometry": { "type": "Point", "coordinates": [ 32.5563831011887, -19.271089868997894 ] } },
{ "type": "Feature", "properties": { "ID": 0, "NAME": "Dzobo", "X_Coord": 32.5435, "Y_Coord": -19.3042 }, "geometry": { "type": "Point", "coordinates": [ 32.543453049571504, -19.304182355883512 ] } },
{ "type": "Feature", "properties": { "ID": 0, "NAME": "Mwadewekunze", "X_Coord": 32.5011, "Y_Coord": -19.2712 }, "geometry": { "type": "Point", "coordinates": [ 32.501121013665774, -19.271158321100788 ] } },
{ "type": "Feature", "properties": { "ID": 0, "NAME": "Karirwi", "X_Coord": 32.435, "Y_Coord": -19.3074 }, "geometry": { "type": "Point", "coordinates": [ 32.435014013225967, -19.307411938211033 ] } },
{ "type": "Feature", "properties": { "ID": 0, "NAME": "Derembwe", "X_Coord": 32.4901, "Y_Coord": -19.308 }, "geometry": { "type": "Point", "coordinates": [ 32.490137851516394, -19.308027784947271 ] } },
{ "type": "Feature", "properties": { "ID": 0, "NAME": "Muchisi", "X_Coord": 32.4443, "Y_Coord": -19.3198 }, "geometry": { "type": "Point", "coordinates": [ 32.444250897120881, -19.319794743050956 ] } },
{ "type": "Feature", "properties": { "ID": 0, "NAME": "Bwizi", "X_Coord": 32.4303, "Y_Coord": -19.3502 }, "geometry": { "type": "Point", "coordinates": [ 32.430333691653331, -19.350163628169348 ] } },
{ "type": "Feature", "properties": { "ID": 0, "NAME": "Mabvengwa", "X_Coord": 32.4454, "Y_Coord": -19.3783 }, "geometry": { "type": "Point", "coordinates": [ 32.445434332882478, -19.378301847390851 ] } },
{ "type": "Feature", "properties": { "ID": 0, "NAME": "Mabiya", "X_Coord": 32.4788, "Y_Coord": -19.3596 }, "geometry": { "type": "Point", "coordinates": [ 32.478819528453663, -19.359575740695369 ] } },
{ "type": "Feature", "properties": { "ID": 0, "NAME": "Mangatu", "X_Coord": 32.4198, "Y_Coord": -19.4695 }, "geometry": { "type": "Point", "coordinates": [ 32.419814436038955, -19.469538396824074 ] } },
{ "type": "Feature", "properties": { "ID": 0, "NAME": "Muromo", "X_Coord": 32.5409, "Y_Coord": -19.3724 }, "geometry": { "type": "Point", "coordinates": [ 32.540898165796698, -19.372441884869815 ] } },
{ "type": "Feature", "properties": { "ID": 0, "NAME": "Madzinde", "X_Coord": 32.5457, "Y_Coord": -19.4027 }, "geometry": { "type": "Point", "coordinates": [ 32.545713110894127, -19.402738930360027 ] } },
{ "type": "Feature", "properties": { "ID": 0, "NAME": "Mukudza", "X_Coord": 32.51, "Y_Coord": -19.432 }, "geometry": { "type": "Point", "coordinates": [ 32.510042257855247, -19.432023436922037 ] } },
{ "type": "Feature", "properties": { "ID": 0, "NAME": "Mutoonwa", "X_Coord": 32.4342, "Y_Coord": -19.4228 }, "geometry": { "type": "Point", "coordinates": [ 32.434228177108039, -19.422798456432083 ] } },
{ "type": "Feature", "properties": { "ID": 0, "NAME": "Masasi", "X_Coord": 32.4046, "Y_Coord": -19.4369 }, "geometry": { "type": "Point", "coordinates": [ 32.404569189621171, -19.436863205350498 ] } },
{ "type": "Feature", "properties": { "ID": 0, "NAME": "Daure", "X_Coord": 32.3595, "Y_Coord": -19.4373 }, "geometry": { "type": "Point", "coordinates": [ 32.359462165221821, -19.43732587992497 ] } },
{ "type": "Feature", "properties": { "ID": 0, "NAME": "Makunike", "X_Coord": 32.4044, "Y_Coord": -19.4091 }, "geometry": { "type": "Point", "coordinates": [ 32.404404007115865, -19.40910742067987 ] } },
{ "type": "Feature", "properties": { "ID": 0, "NAME": "Masvaure", "X_Coord": 32.3702, "Y_Coord": -19.3678 }, "geometry": { "type": "Point", "coordinates": [ 32.370152260390597, -19.367822672197153 ] } },
{ "type": "Feature", "properties": { "ID": 0, "NAME": "Murehwa", "X_Coord": 32.3489, "Y_Coord": -19.3355 }, "geometry": { "type": "Point", "coordinates": [ 32.348900576813946, -19.335455350478153 ] } },
{ "type": "Feature", "properties": { "ID": 0, "NAME": "St. Andrews", "X_Coord": 32.3405, "Y_Coord": -19.4066 }, "geometry": { "type": "Point", "coordinates": [ 32.340476240113794, -19.406603244259983 ] } },
{ "type": "Feature", "properties": { "ID": 0, "NAME": "Chikuku", "X_Coord": 32.3428, "Y_Coord": -19.379 }, "geometry": { "type": "Point", "coordinates": [ 32.342821468888417, -19.378975464794959 ] } },
{ "type": "Feature", "properties": { "ID": 0, "NAME": "Mutsago", "X_Coord": 32.294, "Y_Coord": -19.451 }, "geometry": { "type": "Point", "coordinates": [ 32.294010005138368, -19.451007054619335 ] } },
{ "type": "Feature", "properties": { "ID": 0, "NAME": "Mafunda", "X_Coord": 32.2572, "Y_Coord": -19.4066 }, "geometry": { "type": "Point", "coordinates": [ 32.257206750671308, -19.406571363598825 ] } },
{ "type": "Feature", "properties": { "ID": 0, "NAME": "Chapeyama", "X_Coord": 32.2077, "Y_Coord": -19.4291 }, "geometry": { "type": "Point", "coordinates": [ 32.207678380677415, -19.429074263793705 ] } },
{ "type": "Feature", "properties": { "ID": 0, "NAME": "Zvipiripiri", "X_Coord": 32.1525, "Y_Coord": -19.3825 }, "geometry": { "type": "Point", "coordinates": [ 32.152459892669931, -19.382453117022937 ] } },
{ "type": "Feature", "properties": { "ID": 0, "NAME": "Mukuni South", "X_Coord": 32.1204, "Y_Coord": -19.2396 }, "geometry": { "type": "Point", "coordinates": [ 32.120436158402804, -19.23957296414186 ] } },
{ "type": "Feature", "properties": { "ID": 0, "NAME": "Chinyamuchesa", "X_Coord": 32.0916, "Y_Coord": -19.2605 }, "geometry": { "type": "Point", "coordinates": [ 32.091580188687587, -19.260548177875449 ] } },
{ "type": "Feature", "properties": { "ID": 0, "NAME": "Mafararikwa", "X_Coord": 32.1495, "Y_Coord": -19.2925 }, "geometry": { "type": "Point", "coordinates": [ 32.149451527734293, -19.292547612896286 ] } },
{ "type": "Feature", "properties": { "ID": 0, "NAME": "Chigonda", "X_Coord": 32.2885, "Y_Coord": -19.3663 }, "geometry": { "type": "Point", "coordinates": [ 32.288503894303503, -19.366274712626961 ] } },
{ "type": "Feature", "properties": { "ID": 0, "NAME": "Manhu", "X_Coord": 32.2227, "Y_Coord": -19.3668 }, "geometry": { "type": "Point", "coordinates": [ 32.222683722883964, -19.366749796195702 ] } },
{ "type": "Feature", "properties": { "ID": 0, "NAME": "Chikwariro", "X_Coord": 32.2836, "Y_Coord": -19.3218 }, "geometry": { "type": "Point", "coordinates": [ 32.283621158322127, -19.321811979177387 ] } },
{ "type": "Feature", "properties": { "ID": 0, "NAME": "Marewo", "X_Coord": 32.2468, "Y_Coord": -19.3139 }, "geometry": { "type": "Point", "coordinates": [ 32.246784065023142, -19.313931406793422 ] } },
{ "type": "Feature", "properties": { "ID": 0, "NAME": "Nhariro", "X_Coord": 32.2563, "Y_Coord": -19.2914 }, "geometry": { "type": "Point", "coordinates": [ 32.25627976410189, -19.29144459023972 ] } },
{ "type": "Feature", "properties": { "ID": 0, "NAME": "Chegore", "X_Coord": 32.3045, "Y_Coord": -19.2873 }, "geometry": { "type": "Point", "coordinates": [ 32.304516862573664, -19.287289289611646 ] } },
{ "type": "Feature", "properties": { "ID": 0, "NAME": "Mutimba", "X_Coord": 32.3878, "Y_Coord": -19.3223 }, "geometry": { "type": "Point", "coordinates": [ 32.387780250726323, -19.322261413665412 ] } },
{ "type": "Feature", "properties": { "ID": 0, "NAME": "Munyoro", "X_Coord": 32.3518, "Y_Coord": -19.2777 }, "geometry": { "type": "Point", "coordinates": [ 32.351767487953182, -19.277663840285275 ] } },
{ "type": "Feature", "properties": { "ID": 0, "NAME": "Bemhiwa", "X_Coord": 32.2942, "Y_Coord": -19.2748 }, "geometry": { "type": "Point", "coordinates": [ 32.294158782789459, -19.274791169134556 ] } },
{ "type": "Feature", "properties": { "ID": 0, "NAME": "Zedza", "X_Coord": 32.2619, "Y_Coord": -19.2387 }, "geometry": { "type": "Point", "coordinates": [ 32.26188984683273, -19.238744703226011 ] } },
{ "type": "Feature", "properties": { "ID": 0, "NAME": "Mt. Makomwe", "X_Coord": 32.2962, "Y_Coord": -19.262 }, "geometry": { "type": "Point", "coordinates": [ 32.296218893395981, -19.261999852602948 ] } },
{ "type": "Feature", "properties": { "ID": 0, "NAME": "Nzvenga", "X_Coord": 32.1962, "Y_Coord": -19.267 }, "geometry": { "type": "Point", "coordinates": [ 32.196209324126706, -19.267024628793404 ] } },
{ "type": "Feature", "properties": { "ID": 0, "NAME": "Gwindingwi", "X_Coord": 32.1612, "Y_Coord": -19.2523 }, "geometry": { "type": "Point", "coordinates": [ 32.16120581283927, -19.252298461283747 ] } },
{ "type": "Feature", "properties": { "ID": 0, "NAME": "Musharu", "X_Coord": 32.2313, "Y_Coord": -19.2107 }, "geometry": { "type": "Point", "coordinates": [ 32.231311663239538, -19.210714347669267 ] } },
{ "type": "Feature", "properties": { "ID": 0, "NAME": "Nyamakarati", "X_Coord": 32.1117, "Y_Coord": -19.1019 }, "geometry": { "type": "Point", "coordinates": [ 32.111673442928065, -19.101931570722609 ] } },
{ "type": "Feature", "properties": { "ID": 0, "NAME": "Chishuma", "X_Coord": 32.1502, "Y_Coord": -19.0894 }, "geometry": { "type": "Point", "coordinates": [ 32.150242684236702, -19.089423405585205 ] } },
{ "type": "Feature", "properties": { "ID": 0, "NAME": "Mukuni North", "X_Coord": 32.1971, "Y_Coord": -19.1601 }, "geometry": { "type": "Point", "coordinates": [ 32.197064217122758, -19.160061627817058 ] } },
{ "type": "Feature", "properties": { "ID": 0, "NAME": "Chirinda", "X_Coord": 32.1745, "Y_Coord": -19.1958 }, "geometry": { "type": "Point", "coordinates": [ 32.174550497368607, -19.195784110181126 ] } },
{ "type": "Feature", "properties": { "ID": 0, "NAME": "Gonongono", "X_Coord": 32.2463, "Y_Coord": -19.1989 }, "geometry": { "type": "Point", "coordinates": [ 32.246276819172145, -19.198856817534544 ] } },
{ "type": "Feature", "properties": { "ID": 0, "NAME": "Zhawari", "X_Coord": 32.2787, "Y_Coord": -19.1523 }, "geometry": { "type": "Point", "coordinates": [ 32.278681059721421, -19.152304588056325 ] } },
{ "type": "Feature", "properties": { "ID": 0, "NAME": "Nyika", "X_Coord": 32.2444, "Y_Coord": -19.1609 }, "geometry": { "type": "Point", "coordinates": [ 32.244390114059506, -19.160932818412586 ] } },
{ "type": "Feature", "properties": { "ID": 0, "NAME": "Musiringofa", "X_Coord": 32.3679, "Y_Coord": -19.2062 }, "geometry": { "type": "Point", "coordinates": [ 32.367910288238598, -19.206248566960703 ] } },
{ "type": "Feature", "properties": { "ID": 0, "NAME": "Chibvuwenyu", "X_Coord": 32.3979, "Y_Coord": -19.2228 }, "geometry": { "type": "Point", "coordinates": [ 32.397872550654625, -19.222818983402153 ] } },
{ "type": "Feature", "properties": { "ID": 0, "NAME": "Matanda", "X_Coord": 32.3998, "Y_Coord": -19.2577 }, "geometry": { "type": "Point", "coordinates": [ 32.399790717803675, -19.25773405952966 ] } },
{ "type": "Feature", "properties": { "ID": 0, "NAME": "Shundure", "X_Coord": 32.4603, "Y_Coord": -19.2247 }, "geometry": { "type": "Point", "coordinates": [ 32.460257913465746, -19.224686349516158 ] } },
{ "type": "Feature", "properties": { "ID": 0, "NAME": "Mwandiambira", "X_Coord": 32.4778, "Y_Coord": -19.2307 }, "geometry": { "type": "Point", "coordinates": [ 32.477764021152005, -19.230695233028772 ] } },
{ "type": "Feature", "properties": { "ID": 0, "NAME": "Ngomasha", "X_Coord": 32.4433, "Y_Coord": -19.1493 }, "geometry": { "type": "Point", "coordinates": [ 32.443293089519507, -19.149303797075095 ] } },
{ "type": "Feature", "properties": { "ID": 0, "NAME": "Zarawa", "X_Coord": 32.4827, "Y_Coord": -19.2009 }, "geometry": { "type": "Point", "coordinates": [ 32.482671957166524, -19.20085445442465 ] } },
{ "type": "Feature", "properties": { "ID": 0, "NAME": "Wendumba", "X_Coord": 32.3834, "Y_Coord": -19.1529 }, "geometry": { "type": "Point", "coordinates": [ 32.38343740693518, -19.152873329480137 ] } },
{ "type": "Feature", "properties": { "ID": 0, "NAME": "Nyagundi", "X_Coord": 32.3808, "Y_Coord": -19.1336 }, "geometry": { "type": "Point", "coordinates": [ 32.380833327560062, -19.133627877567598 ] } },
{ "type": "Feature", "properties": { "ID": 0, "NAME": "Mutukwa", "X_Coord": 32.5193, "Y_Coord": -19.1098 }, "geometry": { "type": "Point", "coordinates": [ 32.519284135007439, -19.109780762145995 ] } },
{ "type": "Feature", "properties": { "ID": 0, "NAME": "Mhangaurwe", "X_Coord": 32.2811, "Y_Coord": -19.0783 }, "geometry": { "type": "Point", "coordinates": [ 32.281127408945068, -19.078332532870565 ] } },
{ "type": "Feature", "properties": { "ID": 0, "NAME": "Zonwe", "X_Coord": 32.1858, "Y_Coord": -19.0628 }, "geometry": { "type": "Point", "coordinates": [ 32.185767937972571, -19.062778546683752 ] } },
{ "type": "Feature", "properties": { "ID": 0, "NAME": "Zvavanhu", "X_Coord": 32.1938, "Y_Coord": -19.0302 }, "geometry": { "type": "Point", "coordinates": [ 32.193817086053109, -19.030245983982102 ] } },
{ "type": "Feature", "properties": { "ID": 0, "NAME": "Kushinga", "X_Coord": 32.2163, "Y_Coord": -19.0523 }, "geometry": { "type": "Point", "coordinates": [ 32.216301596231133, -19.052311641873249 ] } },
{ "type": "Feature", "properties": { "ID": 0, "NAME": "Kuhudzai", "X_Coord": 32.556, "Y_Coord": -19.0558 }, "geometry": { "type": "Point", "coordinates": [ 32.556005916262279, -19.055813247895507 ] } },
{ "type": "Feature", "properties": { "ID": 0, "NAME": "Chiware", "X_Coord": 32.2462, "Y_Coord": -19.0316 }, "geometry": { "type": "Point", "coordinates": [ 32.246203830872467, -19.031604553072167 ] } },
{ "type": "Feature", "properties": { "ID": 0, "NAME": "Lorn", "X_Coord": 32.3297, "Y_Coord": -18.9947 }, "geometry": { "type": "Point", "coordinates": [ 32.329662278846932, -18.994652198724783 ] } },
{ "type": "Feature", "properties": { "ID": 0, "NAME": "Glennada", "X_Coord": 32.3165, "Y_Coord": -18.9524 }, "geometry": { "type": "Point", "coordinates": [ 32.316542700209673, -18.952390614312815 ] } },
{ "type": "Feature", "properties": { "ID": 0, "NAME": "Zaaihoek", "X_Coord": 32.3333, "Y_Coord": -18.8696 }, "geometry": { "type": "Point", "coordinates": [ 32.33327541654527, -18.869550922685473 ] } },
{ "type": "Feature", "properties": { "ID": 0, "NAME": "Nyamatsime", "X_Coord": 32.4204, "Y_Coord": -18.8633 }, "geometry": { "type": "Point", "coordinates": [ 32.420415532659618, -18.863280366503187 ] } },
{ "type": "Feature", "properties": { "ID": 0, "NAME": "Leigh Ranch", "X_Coord": 32.4203, "Y_Coord": -18.8213 }, "geometry": { "type": "Point", "coordinates": [ 32.420313627082677, -18.821260804363177 ] } },
{ "type": "Feature", "properties": { "ID": 0, "NAME": "Jechera", "X_Coord": 32.4551, "Y_Coord": -18.7656 }, "geometry": { "type": "Point", "coordinates": [ 32.455104540462692, -18.765576753630729 ] } },
{ "type": "Feature", "properties": { "ID": 0, "NAME": "Wellington", "X_Coord": 32.4673, "Y_Coord": -18.9588 }, "geometry": { "type": "Point", "coordinates": [ 32.46727324034886, -18.958834863484746 ] } },
{ "type": "Feature", "properties": { "ID": 0, "NAME": "Chimwanda", "X_Coord": 32.3769, "Y_Coord": -18.9146 }, "geometry": { "type": "Point", "coordinates": [ 32.376906895538198, -18.914553251592821 ] } },
{ "type": "Feature", "properties": { "ID": 0, "NAME": "Mukwada", "X_Coord": 32.3459, "Y_Coord": -19.4955 }, "geometry": { "type": "Point", "coordinates": [ 32.345884226647584, -19.495510527734432 ] } },
{ "type": "Feature", "properties": { "ID": 0, "NAME": "Nyakunu", "X_Coord": 32.4727, "Y_Coord": -19.3253 }, "geometry": { "type": "Point", "coordinates": [ 32.472735205316866, -19.325319307085273 ] } },
{ "type": "Feature", "properties": { "ID": 0, "NAME": "Kamutonho", "X_Coord": 32.5002, "Y_Coord": -19.2308 }, "geometry": { "type": "Point", "coordinates": [ 32.500164066573312, -19.230800965102375 ] } },
{ "type": "Feature", "properties": { "ID": 0, "NAME": "Maponde", "X_Coord": 32.2087, "Y_Coord": -19.3175 }, "geometry": { "type": "Point", "coordinates": [ 32.208693310450194, -19.317472221572359 ] } },
{ "type": "Feature", "properties": { "ID": 0, "NAME": "Mushunje", "X_Coord": 32.4222, "Y_Coord": -19.1662 }, "geometry": { "type": "Point", "coordinates": [ 32.42221470158573, -19.166199859826573 ] } },
{ "type": "Feature", "properties": { "ID": 0, "NAME": "Kuhudzai", "X_Coord": 32.5556, "Y_Coord": -19.0553 }, "geometry": { "type": "Point", "coordinates": [ 32.555568583793125, -19.055285003496614 ] } },
{ "type": "Feature", "properties": { "ID": 0, "NAME": "Chitaka", "X_Coord": 32.515, "Y_Coord": -19.0861 }, "geometry": { "type": "Point", "coordinates": [ 32.515025245971415, -19.086106092186082 ] } },
{ "type": "Feature", "properties": { "ID": 0, "NAME": "Mapor", "X_Coord": 32.4276, "Y_Coord": -19.056 }, "geometry": { "type": "Point", "coordinates": [ 32.427555860016689, -19.055960918273744 ] } },
{ "type": "Feature", "properties": { "ID": 0, "NAME": "Matika", "X_Coord": 32.4998, "Y_Coord": -19.0454 }, "geometry": { "type": "Point", "coordinates": [ 32.499800919434129, -19.04541982598948 ] } },
{ "type": "Feature", "properties": { "ID": 0, "NAME": "Nyamazura", "X_Coord": 32.426, "Y_Coord": -18.7989 }, "geometry": { "type": "Point", "coordinates": [ 32.426009183058781, -18.798897828388156 ] } },
{ "type": "Feature", "properties": { "ID": 0, "NAME": "Musabayana", "X_Coord": 32.5788, "Y_Coord": -19.2834 }, "geometry": { "type": "Point", "coordinates": [ 32.578834953996569, -19.283416571065562 ] } },
{ "type": "Feature", "properties": { "ID": 0, "NAME": "Chipendeke", "X_Coord": 32.7146, "Y_Coord": -19.3294 }, "geometry": { "type": "Point", "coordinates": [ 32.714615127562809, -19.329422219307919 ] } },
{ "type": "Feature", "properties": { "ID": 0, "NAME": null, "X_Coord": 32.3176, "Y_Coord": -18.7031 }, "geometry": { "type": "Point", "coordinates": [ 32.317644643916353, -18.703125462588336 ] } },
{ "type": "Feature", "properties": { "ID": 0, "NAME": null, "X_Coord": 32.4028, "Y_Coord": -18.7174 }, "geometry": { "type": "Point", "coordinates": [ 32.402830045532653, -18.717407968008082 ] } },
{ "type": "Feature", "properties": { "ID": 0, "NAME": null, "X_Coord": 32.4251, "Y_Coord": -18.7005 }, "geometry": { "type": "Point", "coordinates": [ 32.425091023362363, -18.700451382182855 ] } },
{ "type": "Feature", "properties": { "ID": 0, "NAME": null, "X_Coord": 32.4518, "Y_Coord": -18.6881 }, "geometry": { "type": "Point", "coordinates": [ 32.451804407615057, -18.688086449297675 ] } },
{ "type": "Feature", "properties": { "ID": 0, "NAME": null, "X_Coord": 32.4485, "Y_Coord": -18.7234 }, "geometry": { "type": "Point", "coordinates": [ 32.448490127918468, -18.723391567067463 ] } },
{ "type": "Feature", "properties": { "ID": 0, "NAME": null, "X_Coord": 32.4056, "Y_Coord": -18.6884 }, "geometry": { "type": "Point", "coordinates": [ 32.405600008774755, -18.688425777715764 ] } },
{ "type": "Feature", "properties": { "ID": 0, "NAME": null, "X_Coord": 32.1146, "Y_Coord": -19.0035 }, "geometry": { "type": "Point", "coordinates": [ 32.114624205464175, -19.003490297624989 ] } },
{ "type": "Feature", "properties": { "ID": 0, "NAME": null, "X_Coord": 32.0429, "Y_Coord": -19.0744 }, "geometry": { "type": "Point", "coordinates": [ 32.042881817987343, -19.074431160975266 ] } },
{ "type": "Feature", "properties": { "ID": 0, "NAME": null, "X_Coord": 31.9951, "Y_Coord": -19.0123 }, "geometry": { "type": "Point", "coordinates": [ 31.995070473534859, -19.012314070655833 ] } },
{ "type": "Feature", "properties": { "ID": 0, "NAME": null, "X_Coord": 32.1293, "Y_Coord": -18.9502 }, "geometry": { "type": "Point", "coordinates": [ 32.129299505391721, -18.950179026851711 ] } },
{ "type": "Feature", "properties": { "ID": 0, "NAME": null, "X_Coord": 32.1192, "Y_Coord": -18.9136 }, "geometry": { "type": "Point", "coordinates": [ 32.11922347807387, -18.913605444963789 ] } },
{ "type": "Feature", "properties": { "ID": 0, "NAME": null, "X_Coord": 32.059, "Y_Coord": -18.931 }, "geometry": { "type": "Point", "coordinates": [ 32.05895085781308, -18.931035330496471 ] } },
{ "type": "Feature", "properties": { "ID": 0, "NAME": null, "X_Coord": 32.0556, "Y_Coord": -18.9055 }, "geometry": { "type": "Point", "coordinates": [ 32.055601600790723, -18.905506696366299 ] } },
{ "type": "Feature", "properties": { "ID": 0, "NAME": null, "X_Coord": 32.0314, "Y_Coord": -18.9481 }, "geometry": { "type": "Point", "coordinates": [ 32.031355183474552, -18.948133568812349 ] } },
{ "type": "Feature", "properties": { "ID": 0, "NAME": null, "X_Coord": 31.9528, "Y_Coord": -18.9112 }, "geometry": { "type": "Point", "coordinates": [ 31.952797809911878, -18.911182722157953 ] } },
{ "type": "Feature", "properties": { "ID": 0, "NAME": null, "X_Coord": 31.9344, "Y_Coord": -18.8561 }, "geometry": { "type": "Point", "coordinates": [ 31.934423820137425, -18.856117886314806 ] } },
{ "type": "Feature", "properties": { "ID": 0, "NAME": null, "X_Coord": 32.0029, "Y_Coord": -18.8467 }, "geometry": { "type": "Point", "coordinates": [ 32.002898206120619, -18.846674238366081 ] } },
{ "type": "Feature", "properties": { "ID": 0, "NAME": null, "X_Coord": 32.01, "Y_Coord": -18.9032 }, "geometry": { "type": "Point", "coordinates": [ 32.009954229138948, -18.903230245756294 ] } },
{ "type": "Feature", "properties": { "ID": 0, "NAME": null, "X_Coord": 32.0098, "Y_Coord": -18.8188 }, "geometry": { "type": "Point", "coordinates": [ 32.009793483124078, -18.818835452055172 ] } },
{ "type": "Feature", "properties": { "ID": 0, "NAME": null, "X_Coord": 32.0319, "Y_Coord": -18.8856 }, "geometry": { "type": "Point", "coordinates": [ 32.031859596348099, -18.885597436306533 ] } },
{ "type": "Feature", "properties": { "ID": 0, "NAME": null, "X_Coord": 32.0315, "Y_Coord": -18.7636 }, "geometry": { "type": "Point", "coordinates": [ 32.031498142906521, -18.763609703583423 ] } },
{ "type": "Feature", "properties": { "ID": 0, "NAME": null, "X_Coord": 32.0951, "Y_Coord": -18.8736 }, "geometry": { "type": "Point", "coordinates": [ 32.095139030618334, -18.873627207147575 ] } },
{ "type": "Feature", "properties": { "ID": 0, "NAME": null, "X_Coord": 32.222, "Y_Coord": -18.7752 }, "geometry": { "type": "Point", "coordinates": [ 32.221985104790285, -18.775176281225207 ] } },
{ "type": "Feature", "properties": { "ID": 0, "NAME": null, "X_Coord": 32.1532, "Y_Coord": -18.8035 }, "geometry": { "type": "Point", "coordinates": [ 32.153197774840976, -18.803512994757519 ] } },
{ "type": "Feature", "properties": { "ID": 0, "NAME": null, "X_Coord": 32.1132, "Y_Coord": -18.7858 }, "geometry": { "type": "Point", "coordinates": [ 32.113235085746474, -18.785828524016466 ] } },
{ "type": "Feature", "properties": { "ID": 0, "NAME": null, "X_Coord": 32.1154, "Y_Coord": -18.8333 }, "geometry": { "type": "Point", "coordinates": [ 32.115443087551846, -18.833301770149539 ] } },
{ "type": "Feature", "properties": { "ID": 0, "NAME": null, "X_Coord": 32.0598, "Y_Coord": -18.8267 }, "geometry": { "type": "Point", "coordinates": [ 32.059758733791774, -18.826734573517868 ] } },
{ "type": "Feature", "properties": { "ID": 0, "NAME": null, "X_Coord": 31.9755, "Y_Coord": -18.8187 }, "geometry": { "type": "Point", "coordinates": [ 31.975536613871238, -18.818734897288774 ] } },
{ "type": "Feature", "properties": { "ID": 0, "NAME": null, "X_Coord": 31.963, "Y_Coord": -18.7671 }, "geometry": { "type": "Point", "coordinates": [ 31.962990730280762, -18.767094954345925 ] } },
{ "type": "Feature", "properties": { "ID": 0, "NAME": null, "X_Coord": 32.0838, "Y_Coord": -18.7754 }, "geometry": { "type": "Point", "coordinates": [ 32.083838777019757, -18.775392123113043 ] } },
{ "type": "Feature", "properties": { "ID": 0, "NAME": null, "X_Coord": 32.0337, "Y_Coord": -18.7878 }, "geometry": { "type": "Point", "coordinates": [ 32.033656561266234, -18.787829052802113 ] } },
{ "type": "Feature", "properties": { "ID": 0, "NAME": null, "X_Coord": 32.1422, "Y_Coord": -18.5372 }, "geometry": { "type": "Point", "coordinates": [ 32.142154401231899, -18.537153755385759 ] } },
{ "type": "Feature", "properties": { "ID": 0, "NAME": null, "X_Coord": 32.1683, "Y_Coord": -18.6794 }, "geometry": { "type": "Point", "coordinates": [ 32.168321297475671, -18.679359364709924 ] } },
{ "type": "Feature", "properties": { "ID": 0, "NAME": null, "X_Coord": 32.1878, "Y_Coord": -18.742 }, "geometry": { "type": "Point", "coordinates": [ 32.187821386895649, -18.742033124122678 ] } },
{ "type": "Feature", "properties": { "ID": 0, "NAME": null, "X_Coord": 32.1378, "Y_Coord": -18.7131 }, "geometry": { "type": "Point", "coordinates": [ 32.137828522831001, -18.713074658226883 ] } },
{ "type": "Feature", "properties": { "ID": 0, "NAME": null, "X_Coord": 32.1407, "Y_Coord": -18.8917 }, "geometry": { "type": "Point", "coordinates": [ 32.140652621342696, -18.891685857476819 ] } },
{ "type": "Feature", "properties": { "ID": 0, "NAME": null, "X_Coord": 31.9459, "Y_Coord": -18.7608 }, "geometry": { "type": "Point", "coordinates": [ 31.945865077802946, -18.760807932624036 ] } },
{ "type": "Feature", "properties": { "ID": 0, "NAME": null, "X_Coord": 31.8618, "Y_Coord": -18.7324 }, "geometry": { "type": "Point", "coordinates": [ 31.861765970943829, -18.732433106232179 ] } },
{ "type": "Feature", "properties": { "ID": 0, "NAME": null, "X_Coord": 31.8849, "Y_Coord": -18.7436 }, "geometry": { "type": "Point", "coordinates": [ 31.884896408371919, -18.74360260969134 ] } },
{ "type": "Feature", "properties": { "ID": 0, "NAME": null, "X_Coord": 32.0348, "Y_Coord": -18.728 }, "geometry": { "type": "Point", "coordinates": [ 32.034815179385177, -18.727981634265088 ] } },
{ "type": "Feature", "properties": { "ID": 0, "NAME": null, "X_Coord": 32.1103, "Y_Coord": -18.7085 }, "geometry": { "type": "Point", "coordinates": [ 32.110282802513964, -18.7085320182982 ] } },
{ "type": "Feature", "properties": { "ID": 0, "NAME": null, "X_Coord": 32.0594, "Y_Coord": -18.7145 }, "geometry": { "type": "Point", "coordinates": [ 32.059410854251404, -18.714523226430632 ] } },
{ "type": "Feature", "properties": { "ID": 0, "NAME": null, "X_Coord": 32.0275, "Y_Coord": -18.7028 }, "geometry": { "type": "Point", "coordinates": [ 32.027510589020409, -18.702750426286944 ] } },
{ "type": "Feature", "properties": { "ID": 0, "NAME": null, "X_Coord": 31.9817, "Y_Coord": -18.7134 }, "geometry": { "type": "Point", "coordinates": [ 31.981654773074929, -18.713420792205781 ] } },
{ "type": "Feature", "properties": { "ID": 0, "NAME": null, "X_Coord": 31.9458, "Y_Coord": -18.7 }, "geometry": { "type": "Point", "coordinates": [ 31.945844162918426, -18.700030843794128 ] } },
{ "type": "Feature", "properties": { "ID": 0, "NAME": null, "X_Coord": 31.7753, "Y_Coord": -18.5895 }, "geometry": { "type": "Point", "coordinates": [ 31.775274409335029, -18.589522643338437 ] } },
{ "type": "Feature", "properties": { "ID": 0, "NAME": null, "X_Coord": 31.7982, "Y_Coord": -18.574 }, "geometry": { "type": "Point", "coordinates": [ 31.7981914351382, -18.573985644164566 ] } },
{ "type": "Feature", "properties": { "ID": 0, "NAME": null, "X_Coord": 31.7925, "Y_Coord": -18.484 }, "geometry": { "type": "Point", "coordinates": [ 31.792522984268814, -18.484034886317136 ] } },
{ "type": "Feature", "properties": { "ID": 0, "NAME": null, "X_Coord": 31.8348, "Y_Coord": -18.6616 }, "geometry": { "type": "Point", "coordinates": [ 31.834837822800953, -18.661565504950321 ] } },
{ "type": "Feature", "properties": { "ID": 0, "NAME": null, "X_Coord": 32.3064, "Y_Coord": -18.6775 }, "geometry": { "type": "Point", "coordinates": [ 32.30643403654075, -18.677507260417137 ] } },
{ "type": "Feature", "properties": { "ID": 0, "NAME": null, "X_Coord": 32.3177, "Y_Coord": -18.6576 }, "geometry": { "type": "Point", "coordinates": [ 32.317660872075542, -18.657585289391861 ] } },
{ "type": "Feature", "properties": { "ID": 0, "NAME": null, "X_Coord": 32.381, "Y_Coord": -18.6789 }, "geometry": { "type": "Point", "coordinates": [ 32.381024579868203, -18.678910523978118 ] } },
{ "type": "Feature", "properties": { "ID": 0, "NAME": null, "X_Coord": 32.442, "Y_Coord": -18.6735 }, "geometry": { "type": "Point", "coordinates": [ 32.442030984274815, -18.673480907936167 ] } },
{ "type": "Feature", "properties": { "ID": 0, "NAME": null, "X_Coord": 32.3843, "Y_Coord": -18.6311 }, "geometry": { "type": "Point", "coordinates": [ 32.384263776863499, -18.631088005452135 ] } },
{ "type": "Feature", "properties": { "ID": 0, "NAME": null, "X_Coord": 32.403, "Y_Coord": -18.593 }, "geometry": { "type": "Point", "coordinates": [ 32.402966006765467, -18.592972109429226 ] } },
{ "type": "Feature", "properties": { "ID": 0, "NAME": null, "X_Coord": 32.387, "Y_Coord": -18.5679 }, "geometry": { "type": "Point", "coordinates": [ 32.387040519179372, -18.567897168892248 ] } },
{ "type": "Feature", "properties": { "ID": 0, "NAME": null, "X_Coord": 31.8047, "Y_Coord": -18.6149 }, "geometry": { "type": "Point", "coordinates": [ 31.804684226847112, -18.614894310294659 ] } },
{ "type": "Feature", "properties": { "ID": 0, "NAME": null, "X_Coord": 31.865, "Y_Coord": -18.6299 }, "geometry": { "type": "Point", "coordinates": [ 31.864981872200094, -18.629905635776307 ] } },
{ "type": "Feature", "properties": { "ID": 0, "NAME": null, "X_Coord": 31.8866, "Y_Coord": -18.5967 }, "geometry": { "type": "Point", "coordinates": [ 31.886603643107083, -18.59670011995588 ] } },
{ "type": "Feature", "properties": { "ID": 0, "NAME": null, "X_Coord": 31.8433, "Y_Coord": -18.5942 }, "geometry": { "type": "Point", "coordinates": [ 31.843328540200016, -18.594188844867926 ] } },
{ "type": "Feature", "properties": { "ID": 0, "NAME": null, "X_Coord": 32.0443, "Y_Coord": -18.634 }, "geometry": { "type": "Point", "coordinates": [ 32.044271078640072, -18.634021281526962 ] } },
{ "type": "Feature", "properties": { "ID": 0, "NAME": null, "X_Coord": 32.042, "Y_Coord": -18.6573 }, "geometry": { "type": "Point", "coordinates": [ 32.042014247230775, -18.657291014213701 ] } },
{ "type": "Feature", "properties": { "ID": 0, "NAME": null, "X_Coord": 32.0046, "Y_Coord": -18.6581 }, "geometry": { "type": "Point", "coordinates": [ 32.004552470278405, -18.658059878094083 ] } },
{ "type": "Feature", "properties": { "ID": 0, "NAME": null, "X_Coord": 31.9663, "Y_Coord": -18.6684 }, "geometry": { "type": "Point", "coordinates": [ 31.96628948128712, -18.668427073638529 ] } },
{ "type": "Feature", "properties": { "ID": 0, "NAME": null, "X_Coord": 31.9894, "Y_Coord": -18.6104 }, "geometry": { "type": "Point", "coordinates": [ 31.989363450586367, -18.610425510165648 ] } },
{ "type": "Feature", "properties": { "ID": 0, "NAME": null, "X_Coord": 31.9561, "Y_Coord": -18.6004 }, "geometry": { "type": "Point", "coordinates": [ 31.956134714540486, -18.600391730638375 ] } },
{ "type": "Feature", "properties": { "ID": 0, "NAME": null, "X_Coord": 31.9808, "Y_Coord": -18.5725 }, "geometry": { "type": "Point", "coordinates": [ 31.98078013981403, -18.572541656655797 ] } },
{ "type": "Feature", "properties": { "ID": 0, "NAME": null, "X_Coord": 31.968, "Y_Coord": -18.5487 }, "geometry": { "type": "Point", "coordinates": [ 31.968014557604661, -18.548750269524703 ] } },
{ "type": "Feature", "properties": { "ID": 0, "NAME": null, "X_Coord": 31.9055, "Y_Coord": -18.5691 }, "geometry": { "type": "Point", "coordinates": [ 31.905492047674819, -18.569118656492691 ] } },
{ "type": "Feature", "properties": { "ID": 0, "NAME": null, "X_Coord": 31.868, "Y_Coord": -18.5435 }, "geometry": { "type": "Point", "coordinates": [ 31.867980145212965, -18.543469233470486 ] } },
{ "type": "Feature", "properties": { "ID": 0, "NAME": null, "X_Coord": 32.0546, "Y_Coord": -18.4515 }, "geometry": { "type": "Point", "coordinates": [ 32.054590510075407, -18.451455333465912 ] } },
{ "type": "Feature", "properties": { "ID": 0, "NAME": null, "X_Coord": 31.9212, "Y_Coord": -18.5271 }, "geometry": { "type": "Point", "coordinates": [ 31.921225945378339, -18.527072907946323 ] } },
{ "type": "Feature", "properties": { "ID": 0, "NAME": null, "X_Coord": 31.8934, "Y_Coord": -18.5167 }, "geometry": { "type": "Point", "coordinates": [ 31.893412897625936, -18.516712829784861 ] } },
{ "type": "Feature", "properties": { "ID": 0, "NAME": null, "X_Coord": 31.976, "Y_Coord": -18.5034 }, "geometry": { "type": "Point", "coordinates": [ 31.975989852936454, -18.503394338602568 ] } },
{ "type": "Feature", "properties": { "ID": 0, "NAME": null, "X_Coord": 32.1019, "Y_Coord": -18.5434 }, "geometry": { "type": "Point", "coordinates": [ 32.101944780438735, -18.543385230586267 ] } },
{ "type": "Feature", "properties": { "ID": 0, "NAME": null, "X_Coord": 32.0324, "Y_Coord": -18.5394 }, "geometry": { "type": "Point", "coordinates": [ 32.032438244940259, -18.539370274574285 ] } },
{ "type": "Feature", "properties": { "ID": 0, "NAME": null, "X_Coord": 32.1197, "Y_Coord": -18.5369 }, "geometry": { "type": "Point", "coordinates": [ 32.119685102867805, -18.536929036642377 ] } },
{ "type": "Feature", "properties": { "ID": 0, "NAME": null, "X_Coord": 32.0256, "Y_Coord": -18.5786 }, "geometry": { "type": "Point", "coordinates": [ 32.025588792255057, -18.578620842915516 ] } },
{ "type": "Feature", "properties": { "ID": 0, "NAME": null, "X_Coord": 32.0969, "Y_Coord": -18.662 }, "geometry": { "type": "Point", "coordinates": [ 32.096889173792256, -18.661954930647841 ] } },
{ "type": "Feature", "properties": { "ID": 0, "NAME": null, "X_Coord": 32.11, "Y_Coord": -18.6482 }, "geometry": { "type": "Point", "coordinates": [ 32.109983986631867, -18.648199722791158 ] } },
{ "type": "Feature", "properties": { "ID": 0, "NAME": null, "X_Coord": 32.1562, "Y_Coord": -18.6106 }, "geometry": { "type": "Point", "coordinates": [ 32.156220170158612, -18.610600664932125 ] } },
{ "type": "Feature", "properties": { "ID": 0, "NAME": null, "X_Coord": 32.1886, "Y_Coord": -18.604 }, "geometry": { "type": "Point", "coordinates": [ 32.188576662885744, -18.604043600777178 ] } },
{ "type": "Feature", "properties": { "ID": 0, "NAME": null, "X_Coord": 32.2716, "Y_Coord": -18.615 }, "geometry": { "type": "Point", "coordinates": [ 32.271650302400936, -18.615040063225287 ] } },
{ "type": "Feature", "properties": { "ID": 0, "NAME": null, "X_Coord": 32.3553, "Y_Coord": -18.5863 }, "geometry": { "type": "Point", "coordinates": [ 32.355274443725122, -18.586337268820252 ] } },
{ "type": "Feature", "properties": { "ID": 0, "NAME": null, "X_Coord": 32.3524, "Y_Coord": -18.55 }, "geometry": { "type": "Point", "coordinates": [ 32.352410408253206, -18.549958865371803 ] } },
{ "type": "Feature", "properties": { "ID": 0, "NAME": null, "X_Coord": 32.3233, "Y_Coord": -18.4477 }, "geometry": { "type": "Point", "coordinates": [ 32.323320534161965, -18.447659134237298 ] } },
{ "type": "Feature", "properties": { "ID": 0, "NAME": null, "X_Coord": 32.2806, "Y_Coord": -18.5797 }, "geometry": { "type": "Point", "coordinates": [ 32.280594527472395, -18.579703658871786 ] } },
{ "type": "Feature", "properties": { "ID": 0, "NAME": null, "X_Coord": 32.2996, "Y_Coord": -18.5451 }, "geometry": { "type": "Point", "coordinates": [ 32.29958728686556, -18.545146342169335 ] } },
{ "type": "Feature", "properties": { "ID": 0, "NAME": null, "X_Coord": 32.4524, "Y_Coord": -18.5365 }, "geometry": { "type": "Point", "coordinates": [ 32.452374165544853, -18.536529882984667 ] } },
{ "type": "Feature", "properties": { "ID": 0, "NAME": null, "X_Coord": 32.3603, "Y_Coord": -18.4334 }, "geometry": { "type": "Point", "coordinates": [ 32.360306442802759, -18.433383454902778 ] } },
{ "type": "Feature", "properties": { "ID": 0, "NAME": null, "X_Coord": 32.2887, "Y_Coord": -18.5082 }, "geometry": { "type": "Point", "coordinates": [ 32.288724327589726, -18.508242902242689 ] } },
{ "type": "Feature", "properties": { "ID": 0, "NAME": null, "X_Coord": 32.3818, "Y_Coord": -18.5002 }, "geometry": { "type": "Point", "coordinates": [ 32.38176901624842, -18.500172751970819 ] } },
{ "type": "Feature", "properties": { "ID": 0, "NAME": null, "X_Coord": 32.3627, "Y_Coord": -18.4581 }, "geometry": { "type": "Point", "coordinates": [ 32.362711752558788, -18.458077110068427 ] } },
{ "type": "Feature", "properties": { "ID": 0, "NAME": null, "X_Coord": 32.3103, "Y_Coord": -18.3674 }, "geometry": { "type": "Point", "coordinates": [ 32.31032035264446, -18.367398859056877 ] } },
{ "type": "Feature", "properties": { "ID": 0, "NAME": null, "X_Coord": 32.2838, "Y_Coord": -18.4203 }, "geometry": { "type": "Point", "coordinates": [ 32.283778738712755, -18.420292900605943 ] } },
{ "type": "Feature", "properties": { "ID": 0, "NAME": null, "X_Coord": 32.3937, "Y_Coord": -18.2998 }, "geometry": { "type": "Point", "coordinates": [ 32.3937118811753, -18.299824676327653 ] } },
{ "type": "Feature", "properties": { "ID": 0, "NAME": null, "X_Coord": 32.37, "Y_Coord": -18.3706 }, "geometry": { "type": "Point", "coordinates": [ 32.369962837524859, -18.37061840232235 ] } },
{ "type": "Feature", "properties": { "ID": 0, "NAME": null, "X_Coord": 32.4058, "Y_Coord": -18.4004 }, "geometry": { "type": "Point", "coordinates": [ 32.405766136536307, -18.400440308421793 ] } },
{ "type": "Feature", "properties": { "ID": 0, "NAME": null, "X_Coord": 32.4246, "Y_Coord": -18.4256 }, "geometry": { "type": "Point", "coordinates": [ 32.424599800621898, -18.425584384808911 ] } },
{ "type": "Feature", "properties": { "ID": 0, "NAME": null, "X_Coord": 32.2555, "Y_Coord": -18.2811 }, "geometry": { "type": "Point", "coordinates": [ 32.255499727150649, -18.281123604945556 ] } },
{ "type": "Feature", "properties": { "ID": 0, "NAME": null, "X_Coord": 32.1342, "Y_Coord": -18.3265 }, "geometry": { "type": "Point", "coordinates": [ 32.134185552406855, -18.32648745139829 ] } },
{ "type": "Feature", "properties": { "ID": 0, "NAME": null, "X_Coord": 31.9318, "Y_Coord": -18.4332 }, "geometry": { "type": "Point", "coordinates": [ 31.93184507985864, -18.433227121007651 ] } },
{ "type": "Feature", "properties": { "ID": 0, "NAME": null, "X_Coord": 31.931, "Y_Coord": -18.333 }, "geometry": { "type": "Point", "coordinates": [ 31.930987434954023, -18.332988576129839 ] } },
{ "type": "Feature", "properties": { "ID": 0, "NAME": null, "X_Coord": 31.9681, "Y_Coord": -18.1768 }, "geometry": { "type": "Point", "coordinates": [ 31.968110722679889, -18.176767556543545 ] } },
{ "type": "Feature", "properties": { "ID": 0, "NAME": null, "X_Coord": 31.9617, "Y_Coord": -18.222 }, "geometry": { "type": "Point", "coordinates": [ 31.961705925302258, -18.222013953744835 ] } },
{ "type": "Feature", "properties": { "ID": 0, "NAME": null, "X_Coord": 32.0759, "Y_Coord": -18.2646 }, "geometry": { "type": "Point", "coordinates": [ 32.075877855785954, -18.264582576711557 ] } },
{ "type": "Feature", "properties": { "ID": 0, "NAME": null, "X_Coord": 32.1469, "Y_Coord": -18.2243 }, "geometry": { "type": "Point", "coordinates": [ 32.146943451301645, -18.224271967582741 ] } },
{ "type": "Feature", "properties": { "ID": 0, "NAME": null, "X_Coord": 32.1271, "Y_Coord": -18.2142 }, "geometry": { "type": "Point", "coordinates": [ 32.127055630842975, -18.214248041171583 ] } },
{ "type": "Feature", "properties": { "ID": 0, "NAME": null, "X_Coord": 32.2023, "Y_Coord": -18.2435 }, "geometry": { "type": "Point", "coordinates": [ 32.202262233927826, -18.243544218219249 ] } },
{ "type": "Feature", "properties": { "ID": 0, "NAME": null, "X_Coord": 32.262, "Y_Coord": -18.2416 }, "geometry": { "type": "Point", "coordinates": [ 32.262032084517813, -18.241575908984203 ] } },
{ "type": "Feature", "properties": { "ID": 0, "NAME": null, "X_Coord": 32.1968, "Y_Coord": -18.1995 }, "geometry": { "type": "Point", "coordinates": [ 32.196775088976182, -18.199525439419276 ] } },
{ "type": "Feature", "properties": { "ID": 0, "NAME": null, "X_Coord": 32.1442, "Y_Coord": -18.1396 }, "geometry": { "type": "Point", "coordinates": [ 32.144226205099947, -18.139587276922377 ] } },
{ "type": "Feature", "properties": { "ID": 0, "NAME": null, "X_Coord": 32.1092, "Y_Coord": -18.1817 }, "geometry": { "type": "Point", "coordinates": [ 32.109214230561335, -18.181749876172368 ] } },
{ "type": "Feature", "properties": { "ID": 0, "NAME": null, "X_Coord": 32.1509, "Y_Coord": -18.1 }, "geometry": { "type": "Point", "coordinates": [ 32.150921920593881, -18.100010349646809 ] } },
{ "type": "Feature", "properties": { "ID": 0, "NAME": null, "X_Coord": 32.2419, "Y_Coord": -18.1593 }, "geometry": { "type": "Point", "coordinates": [ 32.241928224409293, -18.159316508326565 ] } },
{ "type": "Feature", "properties": { "ID": 0, "NAME": null, "X_Coord": 32.2626, "Y_Coord": -18.2071 }, "geometry": { "type": "Point", "coordinates": [ 32.262615120631708, -18.207096753984882 ] } },
{ "type": "Feature", "properties": { "ID": 0, "NAME": null, "X_Coord": 32.3755, "Y_Coord": -18.2337 }, "geometry": { "type": "Point", "coordinates": [ 32.375448793367553, -18.233703712567976 ] } },
{ "type": "Feature", "properties": { "ID": 0, "NAME": null, "X_Coord": 32.3016, "Y_Coord": -18.217 }, "geometry": { "type": "Point", "coordinates": [ 32.301637246440812, -18.217004120148683 ] } },
{ "type": "Feature", "properties": { "ID": 0, "NAME": null, "X_Coord": 32.3372, "Y_Coord": -18.1753 }, "geometry": { "type": "Point", "coordinates": [ 32.337188889002995, -18.175347622291028 ] } },
{ "type": "Feature", "properties": { "ID": 0, "NAME": null, "X_Coord": 32.4857, "Y_Coord": -18.156 }, "geometry": { "type": "Point", "coordinates": [ 32.485706293902396, -18.15603724214504 ] } },
{ "type": "Feature", "properties": { "ID": 0, "NAME": null, "X_Coord": 32.5536, "Y_Coord": -18.1291 }, "geometry": { "type": "Point", "coordinates": [ 32.553575274527873, -18.129144803591522 ] } },
{ "type": "Feature", "properties": { "ID": 0, "NAME": null, "X_Coord": 32.4983, "Y_Coord": -18.0877 }, "geometry": { "type": "Point", "coordinates": [ 32.498317137215167, -18.087737889703273 ] } },
{ "type": "Feature", "properties": { "ID": 0, "NAME": null, "X_Coord": 32.465, "Y_Coord": -18.0648 }, "geometry": { "type": "Point", "coordinates": [ 32.46496730963397, -18.064774880961021 ] } },
{ "type": "Feature", "properties": { "ID": 0, "NAME": null, "X_Coord": 32.5402, "Y_Coord": -18.018 }, "geometry": { "type": "Point", "coordinates": [ 32.540244074482267, -18.017985914040572 ] } },
{ "type": "Feature", "properties": { "ID": 0, "NAME": null, "X_Coord": 32.5284, "Y_Coord": -18.0548 }, "geometry": { "type": "Point", "coordinates": [ 32.528418001390925, -18.054818102196588 ] } },
{ "type": "Feature", "properties": { "ID": 0, "NAME": null, "X_Coord": 32.4877, "Y_Coord": -17.9915 }, "geometry": { "type": "Point", "coordinates": [ 32.48767443863818, -17.991464528358179 ] } },
{ "type": "Feature", "properties": { "ID": 0, "NAME": null, "X_Coord": 32.4261, "Y_Coord": -17.9978 }, "geometry": { "type": "Point", "coordinates": [ 32.426093005953724, -17.997806423047962 ] } },
{ "type": "Feature", "properties": { "ID": 0, "NAME": null, "X_Coord": 32.3662, "Y_Coord": -18.0502 }, "geometry": { "type": "Point", "coordinates": [ 32.366242191136337, -18.050152011909013 ] } },
{ "type": "Feature", "properties": { "ID": 0, "NAME": null, "X_Coord": 32.3848, "Y_Coord": -18.014 }, "geometry": { "type": "Point", "coordinates": [ 32.384821196970833, -18.013969228497299 ] } },
{ "type": "Feature", "properties": { "ID": 0, "NAME": null, "X_Coord": 32.3511, "Y_Coord": -18.0635 }, "geometry": { "type": "Point", "coordinates": [ 32.351107149742404, -18.063511328578244 ] } },
{ "type": "Feature", "properties": { "ID": 0, "NAME": null, "X_Coord": 32.3058, "Y_Coord": -18.1034 }, "geometry": { "type": "Point", "coordinates": [ 32.305832046424527, -18.10338092679973 ] } },
{ "type": "Feature", "properties": { "ID": 0, "NAME": null, "X_Coord": 32.2132, "Y_Coord": -18.1275 }, "geometry": { "type": "Point", "coordinates": [ 32.213221794816661, -18.127500857090197 ] } },
{ "type": "Feature", "properties": { "ID": 0, "NAME": null, "X_Coord": 32.2357, "Y_Coord": -18.0861 }, "geometry": { "type": "Point", "coordinates": [ 32.23565231873711, -18.086143822391925 ] } },
{ "type": "Feature", "properties": { "ID": 0, "NAME": null, "X_Coord": 32.2002, "Y_Coord": -18.0658 }, "geometry": { "type": "Point", "coordinates": [ 32.20020867737869, -18.065762647871029 ] } },
{ "type": "Feature", "properties": { "ID": 0, "NAME": null, "X_Coord": 32.1994, "Y_Coord": -18.0918 }, "geometry": { "type": "Point", "coordinates": [ 32.199387126391372, -18.091799458481699 ] } },
{ "type": "Feature", "properties": { "ID": 0, "NAME": null, "X_Coord": 32.1689, "Y_Coord": -18.06 }, "geometry": { "type": "Point", "coordinates": [ 32.168888296344043, -18.059986573436728 ] } },
{ "type": "Feature", "properties": { "ID": 0, "NAME": null, "X_Coord": 32.2676, "Y_Coord": -18.0134 }, "geometry": { "type": "Point", "coordinates": [ 32.267628436471206, -18.013428315579123 ] } },
{ "type": "Feature", "properties": { "ID": 0, "NAME": null, "X_Coord": 32.1152, "Y_Coord": -18.002 }, "geometry": { "type": "Point", "coordinates": [ 32.115244669160411, -18.00203692460822 ] } },
{ "type": "Feature", "properties": { "ID": 0, "NAME": null, "X_Coord": 32.1244, "Y_Coord": -17.9536 }, "geometry": { "type": "Point", "coordinates": [ 32.124442983493879, -17.953623161744705 ] } },
{ "type": "Feature", "properties": { "ID": 0, "NAME": null, "X_Coord": 32.1642, "Y_Coord": -17.9438 }, "geometry": { "type": "Point", "coordinates": [ 32.164164054981043, -17.943753926403311 ] } },
{ "type": "Feature", "properties": { "ID": 0, "NAME": null, "X_Coord": 32.2397, "Y_Coord": -17.9486 }, "geometry": { "type": "Point", "coordinates": [ 32.239651342131872, -17.948553950833727 ] } },
{ "type": "Feature", "properties": { "ID": 0, "NAME": null, "X_Coord": 32.1971, "Y_Coord": -17.8592 }, "geometry": { "type": "Point", "coordinates": [ 32.197061988568443, -17.859161816314359 ] } },
{ "type": "Feature", "properties": { "ID": 0, "NAME": null, "X_Coord": 32.2395, "Y_Coord": -17.851 }, "geometry": { "type": "Point", "coordinates": [ 32.239488408476667, -17.850977933494889 ] } },
{ "type": "Feature", "properties": { "ID": 0, "NAME": null, "X_Coord": 32.3494, "Y_Coord": -17.9243 }, "geometry": { "type": "Point", "coordinates": [ 32.349422213157155, -17.924285997126034 ] } },
{ "type": "Feature", "properties": { "ID": 0, "NAME": null, "X_Coord": 32.3772, "Y_Coord": -17.9471 }, "geometry": { "type": "Point", "coordinates": [ 32.377157007009494, -17.947068798725809 ] } },
{ "type": "Feature", "properties": { "ID": 0, "NAME": null, "X_Coord": 32.4779, "Y_Coord": -17.9087 }, "geometry": { "type": "Point", "coordinates": [ 32.477878375778324, -17.908659013326485 ] } },
{ "type": "Feature", "properties": { "ID": 0, "NAME": null, "X_Coord": 32.4945, "Y_Coord": -17.9348 }, "geometry": { "type": "Point", "coordinates": [ 32.494485007185098, -17.934826009621116 ] } },
{ "type": "Feature", "properties": { "ID": 0, "NAME": null, "X_Coord": 32.5615, "Y_Coord": -17.831 }, "geometry": { "type": "Point", "coordinates": [ 32.561533174453771, -17.830964655475356 ] } },
{ "type": "Feature", "properties": { "ID": 0, "NAME": null, "X_Coord": 32.2465, "Y_Coord": -17.8 }, "geometry": { "type": "Point", "coordinates": [ 32.246498440082327, -17.800017445381442 ] } },
{ "type": "Feature", "properties": { "ID": 0, "NAME": null, "X_Coord": 32.3173, "Y_Coord": -17.8152 }, "geometry": { "type": "Point", "coordinates": [ 32.317276526482004, -17.815215453937867 ] } },
{ "type": "Feature", "properties": { "ID": 0, "NAME": null, "X_Coord": 32.3483, "Y_Coord": -17.8028 }, "geometry": { "type": "Point", "coordinates": [ 32.348268974849752, -17.802833404890237 ] } },
{ "type": "Feature", "properties": { "ID": 0, "NAME": null, "X_Coord": 32.3686, "Y_Coord": -17.7254 }, "geometry": { "type": "Point", "coordinates": [ 32.368612689206664, -17.7254457074953 ] } },
{ "type": "Feature", "properties": { "ID": 0, "NAME": null, "X_Coord": 32.4879, "Y_Coord": -17.7103 }, "geometry": { "type": "Point", "coordinates": [ 32.487938083559577, -17.710251187436608 ] } },
{ "type": "Feature", "properties": { "ID": 0, "NAME": null, "X_Coord": 31.9263, "Y_Coord": -18.5059 }, "geometry": { "type": "Point", "coordinates": [ 31.926272173627552, -18.505918293689586 ] } },
{ "type": "Feature", "properties": { "ID": 0, "NAME": null, "X_Coord": 32.506, "Y_Coord": -17.6772 }, "geometry": { "type": "Point", "coordinates": [ 32.505963794312784, -17.677192740574402 ] } },
{ "type": "Feature", "properties": { "ID": 0, "NAME": null, "X_Coord": 32.5043, "Y_Coord": -17.6443 }, "geometry": { "type": "Point", "coordinates": [ 32.504280171504185, -17.644277219363168 ] } },
{ "type": "Feature", "properties": { "ID": 0, "NAME": null, "X_Coord": 32.0565, "Y_Coord": -18.1003 }, "geometry": { "type": "Point", "coordinates": [ 32.056549317559067, -18.100265394390171 ] } },
{ "type": "Feature", "properties": { "ID": 0, "NAME": null, "X_Coord": 32.3697, "Y_Coord": -17.8267 }, "geometry": { "type": "Point", "coordinates": [ 32.36972324185944, -17.826738555237927 ] } },
{ "type": "Feature", "properties": { "ID": 0, "NAME": null, "X_Coord": 32.4581, "Y_Coord": -17.8351 }, "geometry": { "type": "Point", "coordinates": [ 32.458118708172734, -17.835059445180708 ] } },
{ "type": "Feature", "properties": { "ID": 0, "NAME": "Tamandai", "X_Coord": 32.8329, "Y_Coord": -20.2901 }, "geometry": { "type": "Point", "coordinates": [ 32.832915430399112, -20.290107410710917 ] } },
{ "type": "Feature", "properties": { "ID": 0, "NAME": "Southdown", "X_Coord": 32.8383, "Y_Coord": -20.2711 }, "geometry": { "type": "Point", "coordinates": [ 32.838273827176479, -20.271055454002898 ] } },
{ "type": "Feature", "properties": { "ID": 0, "NAME": "Shakavanhu", "X_Coord": 32.8083, "Y_Coord": -20.2596 }, "geometry": { "type": "Point", "coordinates": [ 32.808287322746196, -20.25958442973419 ] } },
{ "type": "Feature", "properties": { "ID": 0, "NAME": "Ratelshoek", "X_Coord": 32.8002, "Y_Coord": -20.2499 }, "geometry": { "type": "Point", "coordinates": [ 32.800224184761262, -20.249941442003681 ] } },
{ "type": "Feature", "properties": { "ID": 0, "NAME": "Mapungwana", "X_Coord": 32.7613, "Y_Coord": -20.3016 }, "geometry": { "type": "Point", "coordinates": [ 32.761272049599953, -20.301609091978527 ] } },
{ "type": "Feature", "properties": { "ID": 0, "NAME": "Chivunze", "X_Coord": 32.7302, "Y_Coord": -20.1682 }, "geometry": { "type": "Point", "coordinates": [ 32.730164161643458, -20.168164356359291 ] } },
{ "type": "Feature", "properties": { "ID": 0, "NAME": "Mafumise", "X_Coord": 32.8336, "Y_Coord": -20.1246 }, "geometry": { "type": "Point", "coordinates": [ 32.833571958887447, -20.124620305406719 ] } },
{ "type": "Feature", "properties": { "ID": 0, "NAME": "Paidamoyo", "X_Coord": 32.8283, "Y_Coord": -20.091 }, "geometry": { "type": "Point", "coordinates": [ 32.828347463048679, -20.090956216504743 ] } },
{ "type": "Feature", "properties": { "ID": 0, "NAME": "Mvurachena", "X_Coord": 32.6959, "Y_Coord": -20.1084 }, "geometry": { "type": "Point", "coordinates": [ 32.695945171666708, -20.108440545193506 ] } },
{ "type": "Feature", "properties": { "ID": 0, "NAME": "Junction Gate", "X_Coord": 32.7864, "Y_Coord": -20.1473 }, "geometry": { "type": "Point", "coordinates": [ 32.786357424863226, -20.147252482388733 ] } },
{ "type": "Feature", "properties": { "ID": 0, "NAME": "Christina", "X_Coord": 32.6841, "Y_Coord": -20.0673 }, "geometry": { "type": "Point", "coordinates": [ 32.684065744699751, -20.067339101441657 ] } },
{ "type": "Feature", "properties": { "ID": 0, "NAME": "Clearwater", "X_Coord": 32.7081, "Y_Coord": -20.0913 }, "geometry": { "type": "Point", "coordinates": [ 32.708149533064365, -20.091310110748982 ] } },
{ "type": "Feature", "properties": { "ID": 0, "NAME": "Mooiplaats", "X_Coord": 32.6342, "Y_Coord": -20.1355 }, "geometry": { "type": "Point", "coordinates": [ 32.634198865175435, -20.135459308758129 ] } },
{ "type": "Feature", "properties": { "ID": 0, "NAME": "New Year's Gift", "X_Coord": 32.5678, "Y_Coord": -20.0836 }, "geometry": { "type": "Point", "coordinates": [ 32.567759126954243, -20.08363496476138 ] } },
{ "type": "Feature", "properties": { "ID": 0, "NAME": "Samhutsa", "X_Coord": 32.5848, "Y_Coord": -20.0586 }, "geometry": { "type": "Point", "coordinates": [ 32.584776225927726, -20.058615853009343 ] } },
{ "type": "Feature", "properties": { "ID": 0, "NAME": "Ngaone Toti", "X_Coord": 32.5417, "Y_Coord": -20.0466 }, "geometry": { "type": "Point", "coordinates": [ 32.541656043778325, -20.046641142568234 ] } },
{ "type": "Feature", "properties": { "ID": 0, "NAME": "Museye", "X_Coord": 32.5854, "Y_Coord": -20.0249 }, "geometry": { "type": "Point", "coordinates": [ 32.58535091066323, -20.024885544867626 ] } },
{ "type": "Feature", "properties": { "ID": 0, "NAME": "Chichichi", "X_Coord": 32.5962, "Y_Coord": -20.0147 }, "geometry": { "type": "Point", "coordinates": [ 32.596175171896412, -20.014735791540335 ] } },
{ "type": "Feature", "properties": { "ID": 0, "NAME": "Museye", "X_Coord": 32.6328, "Y_Coord": -19.998 }, "geometry": { "type": "Point", "coordinates": [ 32.632846649174567, -19.998048455907924 ] } },
{ "type": "Feature", "properties": { "ID": 0, "NAME": "Ngaone", "X_Coord": 32.5616, "Y_Coord": -19.9852 }, "geometry": { "type": "Point", "coordinates": [ 32.561621266856264, -19.985221656316259 ] } },
{ "type": "Feature", "properties": { "ID": 0, "NAME": "Bangwe", "X_Coord": 32.4489, "Y_Coord": -19.9617 }, "geometry": { "type": "Point", "coordinates": [ 32.448891603067743, -19.961722159899278 ] } },
{ "type": "Feature", "properties": { "ID": 0, "NAME": "Maunganidze", "X_Coord": 32.3943, "Y_Coord": -19.9764 }, "geometry": { "type": "Point", "coordinates": [ 32.394291325956807, -19.97639045668938 ] } },
{ "type": "Feature", "properties": { "ID": 0, "NAME": "Nyunga", "X_Coord": 32.392, "Y_Coord": -20.0207 }, "geometry": { "type": "Point", "coordinates": [ 32.392013777860555, -20.020651611110829 ] } },
{ "type": "Feature", "properties": { "ID": 0, "NAME": "Musani", "X_Coord": 32.428, "Y_Coord": -20.0766 }, "geometry": { "type": "Point", "coordinates": [ 32.42801160170167, -20.076564030360807 ] } },
{ "type": "Feature", "properties": { "ID": 0, "NAME": "Goko", "X_Coord": 32.3532, "Y_Coord": -19.998 }, "geometry": { "type": "Point", "coordinates": [ 32.353249679854777, -19.997953415337975 ] } },
{ "type": "Feature", "properties": { "ID": 0, "NAME": "Charuma", "X_Coord": 32.358, "Y_Coord": -20.0471 }, "geometry": { "type": "Point", "coordinates": [ 32.357996602628674, -20.047080866446155 ] } },
{ "type": "Feature", "properties": { "ID": 0, "NAME": "Birirano", "X_Coord": 32.4881, "Y_Coord": -20.0871 }, "geometry": { "type": "Point", "coordinates": [ 32.488102011949451, -20.087089799705364 ] } },
{ "type": "Feature", "properties": { "ID": 0, "NAME": "Tanganda", "X_Coord": 32.4322, "Y_Coord": -20.1173 }, "geometry": { "type": "Point", "coordinates": [ 32.43221090398324, -20.117283222438214 ] } },
{ "type": "Feature", "properties": { "ID": 0, "NAME": "Nyamure", "X_Coord": 32.3932, "Y_Coord": -20.1304 }, "geometry": { "type": "Point", "coordinates": [ 32.393249412604611, -20.130425277121873 ] } },
{ "type": "Feature", "properties": { "ID": 0, "NAME": "Mutema", "X_Coord": 32.3601, "Y_Coord": -20.1342 }, "geometry": { "type": "Point", "coordinates": [ 32.360120202410172, -20.134244999389029 ] } },
{ "type": "Feature", "properties": { "ID": 0, "NAME": "Manesa", "X_Coord": 32.3565, "Y_Coord": -20.106 }, "geometry": { "type": "Point", "coordinates": [ 32.356463136055723, -20.105959264167822 ] } },
{ "type": "Feature", "properties": { "ID": 0, "NAME": "Sabi Valley", "X_Coord": 32.3733, "Y_Coord": -20.2282 }, "geometry": { "type": "Point", "coordinates": [ 32.373298939847956, -20.228214477248045 ] } },
{ "type": "Feature", "properties": { "ID": 0, "NAME": "Chipangai", "X_Coord": 32.3907, "Y_Coord": -20.2462 }, "geometry": { "type": "Point", "coordinates": [ 32.390700963191499, -20.246179108812353 ] } },
{ "type": "Feature", "properties": { "ID": 0, "NAME": "Chipinge", "X_Coord": 32.6204, "Y_Coord": -20.19 }, "geometry": { "type": "Point", "coordinates": [ 32.620441568866994, -20.189950021885245 ] } },
{ "type": "Feature", "properties": { "ID": 0, "NAME": "Matione", "X_Coord": 32.6235, "Y_Coord": -20.175 }, "geometry": { "type": "Point", "coordinates": [ 32.623486888479135, -20.175040479823341 ] } },
{ "type": "Feature", "properties": { "ID": 0, "NAME": "Madziwa", "X_Coord": 32.6459, "Y_Coord": -20.218 }, "geometry": { "type": "Point", "coordinates": [ 32.645921286963407, -20.217975650983654 ] } },
{ "type": "Feature", "properties": { "ID": 0, "NAME": "Gaza", "X_Coord": 32.6347, "Y_Coord": -20.1854 }, "geometry": { "type": "Point", "coordinates": [ 32.63465149918477, -20.185426631116719 ] } },
{ "type": "Feature", "properties": { "ID": 0, "NAME": "Chiriga", "X_Coord": 32.5963, "Y_Coord": -20.2705 }, "geometry": { "type": "Point", "coordinates": [ 32.596333724475755, -20.270527062837477 ] } },
{ "type": "Feature", "properties": { "ID": 0, "NAME": "Munoirirwa", "X_Coord": 32.5937, "Y_Coord": -20.3285 }, "geometry": { "type": "Point", "coordinates": [ 32.593693278017042, -20.328486796769095 ] } },
{ "type": "Feature", "properties": { "ID": 0, "NAME": "Grassflats", "X_Coord": 32.6488, "Y_Coord": -20.337 }, "geometry": { "type": "Point", "coordinates": [ 32.648848405887293, -20.336976279716652 ] } },
{ "type": "Feature", "properties": { "ID": 0, "NAME": "Chimana", "X_Coord": 32.7155, "Y_Coord": -20.3654 }, "geometry": { "type": "Point", "coordinates": [ 32.715539395321592, -20.365410620615773 ] } },
{ "type": "Feature", "properties": { "ID": 0, "NAME": "Mt Selinda", "X_Coord": 32.7025, "Y_Coord": -20.4169 }, "geometry": { "type": "Point", "coordinates": [ 32.702521906355834, -20.41692417647258 ] } },
{ "type": "Feature", "properties": { "ID": 0, "NAME": "Tazviona", "X_Coord": 32.6251, "Y_Coord": -20.3873 }, "geometry": { "type": "Point", "coordinates": [ 32.625131185525149, -20.387273261246708 ] } },
{ "type": "Feature", "properties": { "ID": 0, "NAME": "Musirizwi", "X_Coord": 32.5797, "Y_Coord": -20.4055 }, "geometry": { "type": "Point", "coordinates": [ 32.579673752644979, -20.405505062411155 ] } },
{ "type": "Feature", "properties": { "ID": 0, "NAME": "Sakuinje", "X_Coord": 32.4832, "Y_Coord": -20.3603 }, "geometry": { "type": "Point", "coordinates": [ 32.483228950699768, -20.360319654860401 ] } },
{ "type": "Feature", "properties": { "ID": 0, "NAME": "Shekwa", "X_Coord": 32.5116, "Y_Coord": -20.3929 }, "geometry": { "type": "Point", "coordinates": [ 32.511602546389902, -20.392945789968678 ] } },
{ "type": "Feature", "properties": { "ID": 0, "NAME": "Chikore", "X_Coord": 32.5071, "Y_Coord": -20.4057 }, "geometry": { "type": "Point", "coordinates": [ 32.507107796464467, -20.405663088395649 ] } },
{ "type": "Feature", "properties": { "ID": 0, "NAME": "Emerald", "X_Coord": 32.6535, "Y_Coord": -20.4341 }, "geometry": { "type": "Point", "coordinates": [ 32.653504978330503, -20.434076699363722 ] } },
{ "type": "Feature", "properties": { "ID": 0, "NAME": "Big Tree", "X_Coord": 32.507, "Y_Coord": -20.4391 }, "geometry": { "type": "Point", "coordinates": [ 32.506993992641945, -20.439073962837149 ] } },
{ "type": "Feature", "properties": { "ID": 0, "NAME": "Bangira", "X_Coord": 32.5181, "Y_Coord": -20.4553 }, "geometry": { "type": "Point", "coordinates": [ 32.518071827596046, -20.455308778812764 ] } },
{ "type": "Feature", "properties": { "ID": 0, "NAME": "Chinaa", "X_Coord": 32.4782, "Y_Coord": -20.4065 }, "geometry": { "type": "Point", "coordinates": [ 32.478167916428987, -20.406465832659578 ] } },
{ "type": "Feature", "properties": { "ID": 0, "NAME": "Rebai", "X_Coord": 32.4835, "Y_Coord": -20.4204 }, "geometry": { "type": "Point", "coordinates": [ 32.483460446395995, -20.420440478489358 ] } },
{ "type": "Feature", "properties": { "ID": 0, "NAME": "Dzika", "X_Coord": 32.4322, "Y_Coord": -20.4368 }, "geometry": { "type": "Point", "coordinates": [ 32.432195940740527, -20.436788698166087 ] } },
{ "type": "Feature", "properties": { "ID": 0, "NAME": "Kondo", "X_Coord": 32.3869, "Y_Coord": -20.3969 }, "geometry": { "type": "Point", "coordinates": [ 32.386945171449952, -20.396919067122731 ] } },
{ "type": "Feature", "properties": { "ID": 0, "NAME": "Gwenzi", "X_Coord": 32.6359, "Y_Coord": -20.5342 }, "geometry": { "type": "Point", "coordinates": [ 32.635880859054538, -20.534222382832212 ] } },
{ "type": "Feature", "properties": { "ID": 0, "NAME": "Muzite", "X_Coord": 32.5904, "Y_Coord": -20.5462 }, "geometry": { "type": "Point", "coordinates": [ 32.590399120201916, -20.546191475455412 ] } },
{ "type": "Feature", "properties": { "ID": 0, "NAME": "Mugondi", "X_Coord": 32.5183, "Y_Coord": -20.5346 }, "geometry": { "type": "Point", "coordinates": [ 32.518251779935618, -20.534640230405738 ] } },
{ "type": "Feature", "properties": { "ID": 0, "NAME": "Tafara", "X_Coord": 32.5523, "Y_Coord": -20.4647 }, "geometry": { "type": "Point", "coordinates": [ 32.552332867469154, -20.464713487815317 ] } },
{ "type": "Feature", "properties": { "ID": 0, "NAME": "Masvingo", "X_Coord": 32.4432, "Y_Coord": -20.4743 }, "geometry": { "type": "Point", "coordinates": [ 32.443184143121464, -20.474327213842496 ] } },
{ "type": "Feature", "properties": { "ID": 0, "NAME": "Tuzuka", "X_Coord": 32.4596, "Y_Coord": -20.5037 }, "geometry": { "type": "Point", "coordinates": [ 32.459553764278375, -20.503705933398354 ] } },
{ "type": "Feature", "properties": { "ID": 0, "NAME": "Nyagadza", "X_Coord": 32.4728, "Y_Coord": -20.5307 }, "geometry": { "type": "Point", "coordinates": [ 32.472819328329287, -20.530708418477744 ] } },
{ "type": "Feature", "properties": { "ID": 0, "NAME": "Rimbi", "X_Coord": 32.3917, "Y_Coord": -20.5462 }, "geometry": { "type": "Point", "coordinates": [ 32.391665975054025, -20.546206803550241 ] } },
{ "type": "Feature", "properties": { "ID": 0, "NAME": "Mbeure", "X_Coord": 32.375, "Y_Coord": -20.483 }, "geometry": { "type": "Point", "coordinates": [ 32.375004268496404, -20.48301306378109 ] } },
{ "type": "Feature", "properties": { "ID": 0, "NAME": "Mwacheta", "X_Coord": 32.3587, "Y_Coord": -20.4361 }, "geometry": { "type": "Point", "coordinates": [ 32.358729693024237, -20.436086554180729 ] } },
{ "type": "Feature", "properties": { "ID": 0, "NAME": "Musapingura", "X_Coord": 32.3593, "Y_Coord": -20.4068 }, "geometry": { "type": "Point", "coordinates": [ 32.359302523464208, -20.406834360788448 ] } },
{ "type": "Feature", "properties": { "ID": 0, "NAME": "Zona", "X_Coord": 32.7359, "Y_Coord": -20.4238 }, "geometry": { "type": "Point", "coordinates": [ 32.735900557591457, -20.423825567482535 ] } },
{ "type": "Feature", "properties": { "ID": 0, "NAME": "Beacon Hills", "X_Coord": 32.6939, "Y_Coord": -20.4799 }, "geometry": { "type": "Point", "coordinates": [ 32.693923909944658, -20.479937531291654 ] } },
{ "type": "Feature", "properties": { "ID": 0, "NAME": "Mundanda", "X_Coord": 32.648, "Y_Coord": -20.5015 }, "geometry": { "type": "Point", "coordinates": [ 32.647992973836629, -20.501547105669982 ] } },
{ "type": "Feature", "properties": { "ID": 0, "NAME": "Jersey", "X_Coord": 32.6635, "Y_Coord": -20.518 }, "geometry": { "type": "Point", "coordinates": [ 32.663544780825184, -20.517998763816959 ] } },
{ "type": "Feature", "properties": { "ID": 0, "NAME": "Musikavanhu", "X_Coord": 32.4749, "Y_Coord": -20.5707 }, "geometry": { "type": "Point", "coordinates": [ 32.474901579189329, -20.570707068782237 ] } },
{ "type": "Feature", "properties": { "ID": 0, "NAME": "Nyazvikari", "X_Coord": 32.4187, "Y_Coord": -20.5847 }, "geometry": { "type": "Point", "coordinates": [ 32.418692291820676, -20.584749953709419 ] } },
{ "type": "Feature", "properties": { "ID": 0, "NAME": "Matezwa", "X_Coord": 32.3536, "Y_Coord": -20.5954 }, "geometry": { "type": "Point", "coordinates": [ 32.353573527212873, -20.595384069783734 ] } },
{ "type": "Feature", "properties": { "ID": 0, "NAME": "Gumira", "X_Coord": 32.2778, "Y_Coord": -20.6018 }, "geometry": { "type": "Point", "coordinates": [ 32.277768944609825, -20.60183702422075 ] } },
{ "type": "Feature", "properties": { "ID": 0, "NAME": "Matsuro", "X_Coord": 32.4127, "Y_Coord": -20.6251 }, "geometry": { "type": "Point", "coordinates": [ 32.412734780529277, -20.625082869401389 ] } },
{ "type": "Feature", "properties": { "ID": 0, "NAME": "Muumbe", "X_Coord": 32.4532, "Y_Coord": -20.6472 }, "geometry": { "type": "Point", "coordinates": [ 32.453220138639836, -20.647194053251763 ] } },
{ "type": "Feature", "properties": { "ID": 0, "NAME": "Zamchiya", "X_Coord": 32.4758, "Y_Coord": -20.6989 }, "geometry": { "type": "Point", "coordinates": [ 32.475771366789076, -20.69886132299477 ] } },
{ "type": "Feature", "properties": { "ID": 0, "NAME": "Manzvire", "X_Coord": 32.3208, "Y_Coord": -20.656 }, "geometry": { "type": "Point", "coordinates": [ 32.320753303513186, -20.656025403520911 ] } },
{ "type": "Feature", "properties": { "ID": 0, "NAME": "Chisavanye", "X_Coord": 32.2677, "Y_Coord": -20.6586 }, "geometry": { "type": "Point", "coordinates": [ 32.267678561849635, -20.658614252096097 ] } },
{ "type": "Feature", "properties": { "ID": 0, "NAME": "Chisavanye", "X_Coord": 32.3363, "Y_Coord": -20.6721 }, "geometry": { "type": "Point", "coordinates": [ 32.336286463488982, -20.672088143227928 ] } },
{ "type": "Feature", "properties": { "ID": 0, "NAME": "Mabhiza", "X_Coord": 32.2705, "Y_Coord": -20.7136 }, "geometry": { "type": "Point", "coordinates": [ 32.27052488322461, -20.713610768652554 ] } },
{ "type": "Feature", "properties": { "ID": 0, "NAME": "Madhuku", "X_Coord": 32.3548, "Y_Coord": -20.726 }, "geometry": { "type": "Point", "coordinates": [ 32.354776181489108, -20.726023352522237 ] } },
{ "type": "Feature", "properties": { "ID": 0, "NAME": "Guyo", "X_Coord": 32.4101, "Y_Coord": -20.7183 }, "geometry": { "type": "Point", "coordinates": [ 32.410125144647168, -20.718304214679993 ] } },
{ "type": "Feature", "properties": { "ID": 0, "NAME": "Maria", "X_Coord": 32.4435, "Y_Coord": -20.7436 }, "geometry": { "type": "Point", "coordinates": [ 32.443483528841242, -20.743637815968338 ] } },
{ "type": "Feature", "properties": { "ID": 0, "NAME": "Rimai", "X_Coord": 32.3818, "Y_Coord": -20.7642 }, "geometry": { "type": "Point", "coordinates": [ 32.381825340375251, -20.764154426670331 ] } },
{ "type": "Feature", "properties": { "ID": 0, "NAME": "Mwanyisa", "X_Coord": 32.2774, "Y_Coord": -20.7689 }, "geometry": { "type": "Point", "coordinates": [ 32.277387357195309, -20.768860862665846 ] } },
{ "type": "Feature", "properties": { "ID": 0, "NAME": "Checheche", "X_Coord": 32.2207, "Y_Coord": -20.7657 }, "geometry": { "type": "Point", "coordinates": [ 32.220733627058344, -20.765733160446064 ] } },
{ "type": "Feature", "properties": { "ID": 0, "NAME": "St Peters Gokomera", "X_Coord": 32.2227, "Y_Coord": -20.7823 }, "geometry": { "type": "Point", "coordinates": [ 32.222655517792177, -20.782329410870897 ] } },
{ "type": "Feature", "properties": { "ID": 0, "NAME": "Matikwa", "X_Coord": 32.2736, "Y_Coord": -20.8108 }, "geometry": { "type": "Point", "coordinates": [ 32.273607745055003, -20.81076632195499 ] } },
{ "type": "Feature", "properties": { "ID": 0, "NAME": "Chisumbanje", "X_Coord": 32.1985, "Y_Coord": -20.8242 }, "geometry": { "type": "Point", "coordinates": [ 32.198547311314421, -20.824243664457939 ] } },
{ "type": "Feature", "properties": { "ID": 0, "NAME": "Hakwata", "X_Coord": 32.4347, "Y_Coord": -20.8275 }, "geometry": { "type": "Point", "coordinates": [ 32.434675604978715, -20.827514138761657 ] } },
{ "type": "Feature", "properties": { "ID": 0, "NAME": "Rukangare", "X_Coord": 32.4079, "Y_Coord": -20.8311 }, "geometry": { "type": "Point", "coordinates": [ 32.407876156045823, -20.831133537648725 ] } },
{ "type": "Feature", "properties": { "ID": 0, "NAME": "Takwirira", "X_Coord": 32.2148, "Y_Coord": -20.8724 }, "geometry": { "type": "Point", "coordinates": [ 32.214802796974368, -20.872435689883407 ] } },
{ "type": "Feature", "properties": { "ID": 0, "NAME": "Marega", "X_Coord": 32.3844, "Y_Coord": -20.883 }, "geometry": { "type": "Point", "coordinates": [ 32.384439709774107, -20.883043284676553 ] } },
{ "type": "Feature", "properties": { "ID": 0, "NAME": "Chinyamukwakwa", "X_Coord": 32.3472, "Y_Coord": -20.9134 }, "geometry": { "type": "Point", "coordinates": [ 32.347236546372578, -20.913386064004921 ] } },
{ "type": "Feature", "properties": { "ID": 0, "NAME": "Garahwa", "X_Coord": 32.424, "Y_Coord": -20.9232 }, "geometry": { "type": "Point", "coordinates": [ 32.424022542727656, -20.923156183781742 ] } },
{ "type": "Feature", "properties": { "ID": 0, "NAME": "Mabee", "X_Coord": 32.4683, "Y_Coord": -20.9029 }, "geometry": { "type": "Point", "coordinates": [ 32.46832085844899, -20.902937915318034 ] } },
{ "type": "Feature", "properties": { "ID": 0, "NAME": "Makoho", "X_Coord": 32.4435, "Y_Coord": -20.972 }, "geometry": { "type": "Point", "coordinates": [ 32.443485462140615, -20.972033377113753 ] } },
{ "type": "Feature", "properties": { "ID": 0, "NAME": "Machona", "X_Coord": 32.1684, "Y_Coord": -20.866 }, "geometry": { "type": "Point", "coordinates": [ 32.16840134046376, -20.865951688618328 ] } },
{ "type": "Feature", "properties": { "ID": 0, "NAME": "Vheneka", "X_Coord": 32.1518, "Y_Coord": -20.9127 }, "geometry": { "type": "Point", "coordinates": [ 32.151783387570042, -20.912746601506043 ] } },
{ "type": "Feature", "properties": { "ID": 0, "NAME": "Chitepo", "X_Coord": 32.1641, "Y_Coord": -20.9777 }, "geometry": { "type": "Point", "coordinates": [ 32.164118707827576, -20.977690768224125 ] } },
{ "type": "Feature", "properties": { "ID": 0, "NAME": "Mutandahwe", "X_Coord": 32.1783, "Y_Coord": -21.0129 }, "geometry": { "type": "Point", "coordinates": [ 32.178283278613193, -21.012928483122714 ] } },
{ "type": "Feature", "properties": { "ID": 0, "NAME": "Maparadze", "X_Coord": 32.2517, "Y_Coord": -21.078 }, "geometry": { "type": "Point", "coordinates": [ 32.25168932228074, -21.07802365038841 ] } },
{ "type": "Feature", "properties": { "ID": 0, "NAME": "Chisuma", "X_Coord": 32.347, "Y_Coord": -21.057 }, "geometry": { "type": "Point", "coordinates": [ 32.34702736189746, -21.057020871300871 ] } },
{ "type": "Feature", "properties": { "ID": 0, "NAME": "Mahenye", "X_Coord": 32.4422, "Y_Coord": -21.3031 }, "geometry": { "type": "Point", "coordinates": [ 32.442240792281318, -21.303129275586304 ] } },
{ "type": "Feature", "properties": { "ID": 0, "NAME": "Masimbe", "X_Coord": 32.3237, "Y_Coord": -20.5068 }, "geometry": { "type": "Point", "coordinates": [ 32.323673585292404, -20.506845504061303 ] } },
{ "type": "Feature", "properties": { "ID": 0, "NAME": "Ndunduma", "X_Coord": 32.323, "Y_Coord": -20.4676 }, "geometry": { "type": "Point", "coordinates": [ 32.322963507186898, -20.467625995290803 ] } },
{ "type": "Feature", "properties": { "ID": 0, "NAME": "Mutovhoti", "X_Coord": 32.2964, "Y_Coord": -20.4378 }, "geometry": { "type": "Point", "coordinates": [ 32.296384725080721, -20.437820344570312 ] } },
{ "type": "Feature", "properties": { "ID": 0, "NAME": "Chibuwe", "X_Coord": 32.3173, "Y_Coord": -20.4445 }, "geometry": { "type": "Point", "coordinates": [ 32.317281345458618, -20.444477550553493 ] } },
{ "type": "Feature", "properties": { "ID": 0, "NAME": "Maronga", "X_Coord": 32.3095, "Y_Coord": -20.3943 }, "geometry": { "type": "Point", "coordinates": [ 32.309501282658957, -20.39427504318126 ] } },
{ "type": "Feature", "properties": { "ID": 0, "NAME": "Tongogara", "X_Coord": 32.3217, "Y_Coord": -20.3478 }, "geometry": { "type": "Point", "coordinates": [ 32.321733314589672, -20.347841632689178 ] } },
{ "type": "Feature", "properties": { "ID": 0, "NAME": "Kwirire", "X_Coord": 32.8449, "Y_Coord": -19.9526 }, "geometry": { "type": "Point", "coordinates": [ 32.844920209663165, -19.952643341871568 ] } },
{ "type": "Feature", "properties": { "ID": 0, "NAME": "Kushinga", "X_Coord": 32.8399, "Y_Coord": -19.9135 }, "geometry": { "type": "Point", "coordinates": [ 32.839864176869618, -19.913523563728972 ] } },
{ "type": "Feature", "properties": { "ID": 0, "NAME": "Tilbury", "X_Coord": 32.9786, "Y_Coord": -19.8912 }, "geometry": { "type": "Point", "coordinates": [ 32.978586380193398, -19.891204407004093 ] } },
{ "type": "Feature", "properties": { "ID": 0, "NAME": "Tarka", "X_Coord": 32.9389, "Y_Coord": -19.9558 }, "geometry": { "type": "Point", "coordinates": [ 32.938921876262285, -19.955824638374946 ] } },
{ "type": "Feature", "properties": { "ID": 0, "NAME": "Vhimba", "X_Coord": 32.9765, "Y_Coord": -20.03 }, "geometry": { "type": "Point", "coordinates": [ 32.976508499944835, -20.029968388828365 ] } },
{ "type": "Feature", "properties": { "ID": 0, "NAME": "Muchadziya", "X_Coord": 32.9373, "Y_Coord": -20.0232 }, "geometry": { "type": "Point", "coordinates": [ 32.937266774326545, -20.023194234286159 ] } },
{ "type": "Feature", "properties": { "ID": 0, "NAME": "Hlabiso", "X_Coord": 32.92, "Y_Coord": -20.032 }, "geometry": { "type": "Point", "coordinates": [ 32.920039546585123, -20.032014863540372 ] } },
{ "type": "Feature", "properties": { "ID": 0, "NAME": "Hode", "X_Coord": 32.8885, "Y_Coord": -20.0353 }, "geometry": { "type": "Point", "coordinates": [ 32.888455269096291, -20.03533141775829 ] } },
{ "type": "Feature", "properties": { "ID": 0, "NAME": "Ndieme", "X_Coord": 32.913, "Y_Coord": -20.1064 }, "geometry": { "type": "Point", "coordinates": [ 32.913024287509224, -20.106392987721232 ] } },
{ "type": "Feature", "properties": { "ID": 0, "NAME": "Mutsvangwa", "X_Coord": 32.9193, "Y_Coord": -20.0855 }, "geometry": { "type": "Point", "coordinates": [ 32.91926053934155, -20.085508832294675 ] } },
{ "type": "Feature", "properties": { "ID": 0, "NAME": "Ndima", "X_Coord": 32.8872, "Y_Coord": -20.0821 }, "geometry": { "type": "Point", "coordinates": [ 32.887181766192882, -20.082067574523116 ] } },
{ "type": "Feature", "properties": { "ID": 0, "NAME": "Ndakopa", "X_Coord": 32.8903, "Y_Coord": -20.0485 }, "geometry": { "type": "Point", "coordinates": [ 32.890276122794106, -20.048501846703434 ] } },
{ "type": "Feature", "properties": { "ID": 0, "NAME": "Dzingire", "X_Coord": 32.8657, "Y_Coord": -20.0438 }, "geometry": { "type": "Point", "coordinates": [ 32.865661485430799, -20.043820985197211 ] } },
{ "type": "Feature", "properties": { "ID": 0, "NAME": "Roscommon", "X_Coord": 32.8314, "Y_Coord": -20.0433 }, "geometry": { "type": "Point", "coordinates": [ 32.831378411834976, -20.043300805555759 ] } },
{ "type": "Feature", "properties": { "ID": 0, "NAME": "Brightside", "X_Coord": 32.7579, "Y_Coord": -20.0364 }, "geometry": { "type": "Point", "coordinates": [ 32.757856747678645, -20.036354066078374 ] } },
{ "type": "Feature", "properties": { "ID": 0, "NAME": "Cecilton", "X_Coord": 32.6901, "Y_Coord": -19.9733 }, "geometry": { "type": "Point", "coordinates": [ 32.690147189788689, -19.973338005235167 ] } },
{ "type": "Feature", "properties": { "ID": 0, "NAME": "Heathfield", "X_Coord": 32.7688, "Y_Coord": -19.9795 }, "geometry": { "type": "Point", "coordinates": [ 32.768755495692055, -19.979484825568811 ] } },
{ "type": "Feature", "properties": { "ID": 0, "NAME": "Alban", "X_Coord": 32.8123, "Y_Coord": -20.0005 }, "geometry": { "type": "Point", "coordinates": [ 32.812259486860405, -20.000498485311066 ] } },
{ "type": "Feature", "properties": { "ID": 0, "NAME": "Fairfield", "X_Coord": 32.7914, "Y_Coord": -19.8155 }, "geometry": { "type": "Point", "coordinates": [ 32.791406925453295, -19.815453848493643 ] } },
{ "type": "Feature", "properties": { "ID": 0, "NAME": "Gwendingwe", "X_Coord": 32.6557, "Y_Coord": -19.9107 }, "geometry": { "type": "Point", "coordinates": [ 32.655673989350198, -19.910672188593974 ] } },
{ "type": "Feature", "properties": { "ID": 0, "NAME": "Mataa", "X_Coord": 32.6838, "Y_Coord": -19.9516 }, "geometry": { "type": "Point", "coordinates": [ 32.683841914070292, -19.951648781220101 ] } },
{ "type": "Feature", "properties": { "ID": 0, "NAME": "Thornton", "X_Coord": 32.7331, "Y_Coord": -19.9357 }, "geometry": { "type": "Point", "coordinates": [ 32.733074559996069, -19.935692044642167 ] } },
{ "type": "Feature", "properties": { "ID": 0, "NAME": "Muusha", "X_Coord": 32.7028, "Y_Coord": -19.8453 }, "geometry": { "type": "Point", "coordinates": [ 32.702812888949886, -19.84528277134935 ] } },
{ "type": "Feature", "properties": { "ID": 0, "NAME": "Tiya", "X_Coord": 32.7103, "Y_Coord": -19.859 }, "geometry": { "type": "Point", "coordinates": [ 32.710256077702937, -19.859010319244113 ] } },
{ "type": "Feature", "properties": { "ID": 0, "NAME": "Chimanimani", "X_Coord": 32.8701, "Y_Coord": -19.7906 }, "geometry": { "type": "Point", "coordinates": [ 32.870132875765826, -19.790591419913941 ] } },
{ "type": "Feature", "properties": { "ID": 0, "NAME": "Ngangu", "X_Coord": 32.8561, "Y_Coord": -19.8183 }, "geometry": { "type": "Point", "coordinates": [ 32.856110867272577, -19.818289137986092 ] } },
{ "type": "Feature", "properties": { "ID": 0, "NAME": "Biriiri", "X_Coord": 32.7107, "Y_Coord": -19.8135 }, "geometry": { "type": "Point", "coordinates": [ 32.710677685374179, -19.813503157110254 ] } },
{ "type": "Feature", "properties": { "ID": 0, "NAME": "Nyamusundu", "X_Coord": 32.7325, "Y_Coord": -19.8323 }, "geometry": { "type": "Point", "coordinates": [ 32.7324727706741, -19.832307376370839 ] } },
{ "type": "Feature", "properties": { "ID": 0, "NAME": "Mhakwe", "X_Coord": 32.6315, "Y_Coord": -19.8087 }, "geometry": { "type": "Point", "coordinates": [ 32.631526198610118, -19.808660086844249 ] } },
{ "type": "Feature", "properties": { "ID": 0, "NAME": "Chikwakwa", "X_Coord": 32.5455, "Y_Coord": -19.8467 }, "geometry": { "type": "Point", "coordinates": [ 32.545468609036682, -19.846716770522338 ] } },
{ "type": "Feature", "properties": { "ID": 0, "NAME": "Tonhorai", "X_Coord": 32.375, "Y_Coord": -19.9217 }, "geometry": { "type": "Point", "coordinates": [ 32.374988414664678, -19.921717281718028 ] } },
{ "type": "Feature", "properties": { "ID": 0, "NAME": "Changazi", "X_Coord": 32.4569, "Y_Coord": -19.9235 }, "geometry": { "type": "Point", "coordinates": [ 32.456895199870068, -19.923498402151299 ] } },
{ "type": "Feature", "properties": { "ID": 0, "NAME": "Makandwa", "X_Coord": 32.4776, "Y_Coord": -19.9016 }, "geometry": { "type": "Point", "coordinates": [ 32.477587360768752, -19.901590329927402 ] } },
{ "type": "Feature", "properties": { "ID": 0, "NAME": "Gudyanga", "X_Coord": 32.409, "Y_Coord": -19.8478 }, "geometry": { "type": "Point", "coordinates": [ 32.409050806330384, -19.847822179409672 ] } },
{ "type": "Feature", "properties": { "ID": 0, "NAME": "Chitinha", "X_Coord": 32.4295, "Y_Coord": -19.8347 }, "geometry": { "type": "Point", "coordinates": [ 32.429477043634719, -19.834684710358811 ] } },
{ "type": "Feature", "properties": { "ID": 0, "NAME": "Dirikwe", "X_Coord": 32.4239, "Y_Coord": -19.7789 }, "geometry": { "type": "Point", "coordinates": [ 32.423869658179512, -19.778894534401736 ] } },
{ "type": "Feature", "properties": { "ID": 0, "NAME": "Nyanyadzi", "X_Coord": 32.4391, "Y_Coord": -19.7812 }, "geometry": { "type": "Point", "coordinates": [ 32.439057554844354, -19.781166097715769 ] } },
{ "type": "Feature", "properties": { "ID": 0, "NAME": "St. Patrick", "X_Coord": 32.4421, "Y_Coord": -19.7454 }, "geometry": { "type": "Point", "coordinates": [ 32.442049633453465, -19.745371295761032 ] } },
{ "type": "Feature", "properties": { "ID": 0, "NAME": "Nenohwe", "X_Coord": 32.4492, "Y_Coord": -19.7318 }, "geometry": { "type": "Point", "coordinates": [ 32.449179715040728, -19.731826303270115 ] } },
{ "type": "Feature", "properties": { "ID": 0, "NAME": "Nemaramba", "X_Coord": 32.4743, "Y_Coord": -19.7116 }, "geometry": { "type": "Point", "coordinates": [ 32.474274936961507, -19.711586238608923 ] } },
{ "type": "Feature", "properties": { "ID": 0, "NAME": "Chikwizi", "X_Coord": 32.5196, "Y_Coord": -19.8203 }, "geometry": { "type": "Point", "coordinates": [ 32.519646229509299, -19.820334539055551 ] } },
{ "type": "Feature", "properties": { "ID": 0, "NAME": "Charleswood", "X_Coord": 32.944, "Y_Coord": -19.7841 }, "geometry": { "type": "Point", "coordinates": [ 32.943985643616998, -19.784114133160749 ] } },
{ "type": "Feature", "properties": { "ID": 0, "NAME": "Martin", "X_Coord": 32.922, "Y_Coord": -19.7394 }, "geometry": { "type": "Point", "coordinates": [ 32.922002954450292, -19.739443620367144 ] } },
{ "type": "Feature", "properties": { "ID": 0, "NAME": "Chikukwa", "X_Coord": 32.9287, "Y_Coord": -19.6874 }, "geometry": { "type": "Point", "coordinates": [ 32.928673575988874, -19.687408720380514 ] } },
{ "type": "Feature", "properties": { "ID": 0, "NAME": "Ruwedza", "X_Coord": 32.7986, "Y_Coord": -19.6818 }, "geometry": { "type": "Point", "coordinates": [ 32.798604740770635, -19.681798465691109 ] } },
{ "type": "Feature", "properties": { "ID": 0, "NAME": "Cambridge", "X_Coord": 32.763, "Y_Coord": -19.7853 }, "geometry": { "type": "Point", "coordinates": [ 32.763007395225074, -19.785256315392452 ] } },
{ "type": "Feature", "properties": { "ID": 0, "NAME": "Takaengwa", "X_Coord": 32.5595, "Y_Coord": -19.7734 }, "geometry": { "type": "Point", "coordinates": [ 32.559484436513955, -19.773436975717249 ] } },
{ "type": "Feature", "properties": { "ID": 0, "NAME": "Shinja", "X_Coord": 32.5988, "Y_Coord": -19.743 }, "geometry": { "type": "Point", "coordinates": [ 32.598785370832381, -19.74302046822352 ] } },
{ "type": "Feature", "properties": { "ID": 0, "NAME": "Zimunda", "X_Coord": 32.6371, "Y_Coord": -19.766 }, "geometry": { "type": "Point", "coordinates": [ 32.637051061242943, -19.766026330567794 ] } },
{ "type": "Feature", "properties": { "ID": 0, "NAME": "Bvumbura", "X_Coord": 32.6823, "Y_Coord": -19.6827 }, "geometry": { "type": "Point", "coordinates": [ 32.682290104459078, -19.682737734466826 ] } },
{ "type": "Feature", "properties": { "ID": 0, "NAME": "Dokotoko", "X_Coord": 32.5371, "Y_Coord": -19.6517 }, "geometry": { "type": "Point", "coordinates": [ 32.537123917066758, -19.651664830922357 ] } },
{ "type": "Feature", "properties": { "ID": 0, "NAME": "Chayamiti", "X_Coord": 32.5803, "Y_Coord": -19.6672 }, "geometry": { "type": "Point", "coordinates": [ 32.580309100182795, -19.667228278342716 ] } },
{ "type": "Feature", "properties": { "ID": 0, "NAME": "Hot Springs", "X_Coord": 32.4924, "Y_Coord": -19.6404 }, "geometry": { "type": "Point", "coordinates": [ 32.492366500898257, -19.640365494342525 ] } },
{ "type": "Feature", "properties": { "ID": 0, "NAME": "Chaseyama", "X_Coord": 32.5118, "Y_Coord": -19.6072 }, "geometry": { "type": "Point", "coordinates": [ 32.511802774338697, -19.607168657796652 ] } },
{ "type": "Feature", "properties": { "ID": 0, "NAME": "Nechitima", "X_Coord": 32.5534, "Y_Coord": -19.586 }, "geometry": { "type": "Point", "coordinates": [ 32.553371258859251, -19.58596159444874 ] } },
{ "type": "Feature", "properties": { "ID": 0, "NAME": "Chakohwa", "X_Coord": 32.5295, "Y_Coord": -19.5323 }, "geometry": { "type": "Point", "coordinates": [ 32.529539337287602, -19.53229234302016 ] } },
{ "type": "Feature", "properties": { "ID": 0, "NAME": "Mashonjowa", "X_Coord": 32.5444, "Y_Coord": -19.4992 }, "geometry": { "type": "Point", "coordinates": [ 32.544379557930966, -19.499232339805019 ] } },
{ "type": "Feature", "properties": { "ID": 0, "NAME": "Mhandarume", "X_Coord": 32.5912, "Y_Coord": -19.5232 }, "geometry": { "type": "Point", "coordinates": [ 32.591194711136616, -19.523204885630342 ] } },
{ "type": "Feature", "properties": { "ID": 0, "NAME": "Matendeudze", "X_Coord": 32.6413, "Y_Coord": -19.5428 }, "geometry": { "type": "Point", "coordinates": [ 32.641324991890826, -19.542761418556839 ] } },
{ "type": "Feature", "properties": { "ID": 0, "NAME": "Chiramba", "X_Coord": 32.6054, "Y_Coord": -19.5662 }, "geometry": { "type": "Point", "coordinates": [ 32.605421639779529, -19.566227476684006 ] } },
{ "type": "Feature", "properties": { "ID": 0, "NAME": "Mutambara Reserve", "X_Coord": 32.7, "Y_Coord": -19.5524 }, "geometry": { "type": "Point", "coordinates": [ 32.700039884499319, -19.552371591553523 ] } },
{ "type": "Feature", "properties": { "ID": 0, "NAME": "Mutambara Mission", "X_Coord": 32.7188, "Y_Coord": -19.5294 }, "geometry": { "type": "Point", "coordinates": [ 32.718828932074061, -19.529433754622186 ] } },
{ "type": "Feature", "properties": { "ID": 0, "NAME": "Nyambeya", "X_Coord": 32.7414, "Y_Coord": -19.4484 }, "geometry": { "type": "Point", "coordinates": [ 32.741390692061564, -19.44841280382483 ] } },
{ "type": "Feature", "properties": { "ID": 0, "NAME": "Thabanchu", "X_Coord": 32.7878, "Y_Coord": -19.526 }, "geometry": { "type": "Point", "coordinates": [ 32.787756027759087, -19.526009974040001 ] } },
{ "type": "Feature", "properties": { "ID": 0, "NAME": "Bumba", "X_Coord": 32.6176, "Y_Coord": -19.6365 }, "geometry": { "type": "Point", "coordinates": [ 32.617633610304374, -19.636479598019154 ] } },
{ "type": "Feature", "properties": { "ID": 0, "NAME": "Ndapetwa", "X_Coord": 32.5821, "Y_Coord": -19.8481 }, "geometry": { "type": "Point", "coordinates": [ 32.582110693117727, -19.848094635130977 ] } },
{ "type": "Feature", "properties": { "ID": 0, "NAME": "Dewure", "X_Coord": 32.3155, "Y_Coord": -19.9658 }, "geometry": { "type": "Point", "coordinates": [ 32.315493379833889, -19.965797488649415 ] } },
{ "type": "Feature", "properties": { "ID": 0, "NAME": "Zvakare", "X_Coord": 31.9097, "Y_Coord": -19.6528 }, "geometry": { "type": "Point", "coordinates": [ 31.909743439975937, -19.652765444935401 ] } },
{ "type": "Feature", "properties": { "ID": 0, "NAME": "Kufakwatenzi", "X_Coord": 32.3118, "Y_Coord": -19.9265 }, "geometry": { "type": "Point", "coordinates": [ 32.311753306961108, -19.926473307201739 ] } },
{ "type": "Feature", "properties": { "ID": 0, "NAME": "Chishanye", "X_Coord": 32.3307, "Y_Coord": -19.8914 }, "geometry": { "type": "Point", "coordinates": [ 32.330703392498428, -19.891414776697214 ] } },
{ "type": "Feature", "properties": { "ID": 0, "NAME": "Gunura", "X_Coord": 32.2904, "Y_Coord": -19.8854 }, "geometry": { "type": "Point", "coordinates": [ 32.290437993840847, -19.885438091496887 ] } },
{ "type": "Feature", "properties": { "ID": 0, "NAME": "Nechikowa", "X_Coord": 32.222, "Y_Coord": -19.8884 }, "geometry": { "type": "Point", "coordinates": [ 32.221979544445638, -19.888357246659258 ] } },
{ "type": "Feature", "properties": { "ID": 0, "NAME": "Begedhe", "X_Coord": 32.1325, "Y_Coord": -19.9046 }, "geometry": { "type": "Point", "coordinates": [ 32.132536759609394, -19.904589918078461 ] } },
{ "type": "Feature", "properties": { "ID": 0, "NAME": "Neshumba", "X_Coord": 32.219, "Y_Coord": -19.7826 }, "geometry": { "type": "Point", "coordinates": [ 32.21900326342913, -19.782588386859075 ] } },
{ "type": "Feature", "properties": { "ID": 0, "NAME": "Mutepfe", "X_Coord": 31.9565, "Y_Coord": -19.7913 }, "geometry": { "type": "Point", "coordinates": [ 31.956481776552799, -19.79132803787785 ] } },
{ "type": "Feature", "properties": { "ID": 0, "NAME": "Barura", "X_Coord": 32.0946, "Y_Coord": -19.7121 }, "geometry": { "type": "Point", "coordinates": [ 32.094637279687831, -19.712122430581974 ] } },
{ "type": "Feature", "properties": { "ID": 0, "NAME": "Dzaramba", "X_Coord": 31.9697, "Y_Coord": -19.7401 }, "geometry": { "type": "Point", "coordinates": [ 31.969737827754695, -19.740058080434963 ] } },
{ "type": "Feature", "properties": { "ID": 0, "NAME": "Nechishayi", "X_Coord": 32.3008, "Y_Coord": -19.7987 }, "geometry": { "type": "Point", "coordinates": [ 32.300795318977826, -19.798659307174741 ] } },
{ "type": "Feature", "properties": { "ID": 0, "NAME": "Muchini", "X_Coord": 32.0943, "Y_Coord": -19.8514 }, "geometry": { "type": "Point", "coordinates": [ 32.094285330670061, -19.851442908348549 ] } },
{ "type": "Feature", "properties": { "ID": 0, "NAME": "Humambi", "X_Coord": 32.1001, "Y_Coord": -19.7954 }, "geometry": { "type": "Point", "coordinates": [ 32.100090783962209, -19.795437904105505 ] } },
{ "type": "Feature", "properties": { "ID": 0, "NAME": "Dune", "X_Coord": 32.1359, "Y_Coord": -19.6501 }, "geometry": { "type": "Point", "coordinates": [ 32.135909536710081, -19.650103680772609 ] } },
{ "type": "Feature", "properties": { "ID": 0, "NAME": "Neshumba", "X_Coord": 32.1298, "Y_Coord": -19.7486 }, "geometry": { "type": "Point", "coordinates": [ 32.129765449449714, -19.748555639861838 ] } },
{ "type": "Feature", "properties": { "ID": 0, "NAME": "Nehumambo", "X_Coord": 32.1207, "Y_Coord": -19.758 }, "geometry": { "type": "Point", "coordinates": [ 32.120726684833564, -19.7579589998142 ] } },
{ "type": "Feature", "properties": { "ID": 0, "NAME": "Nemadziwa", "X_Coord": 32.2721, "Y_Coord": -19.7305 }, "geometry": { "type": "Point", "coordinates": [ 32.272086428364652, -19.730492955080184 ] } },
{ "type": "Feature", "properties": { "ID": 0, "NAME": "Manjokora", "X_Coord": 32.0714, "Y_Coord": -19.6491 }, "geometry": { "type": "Point", "coordinates": [ 32.071379660226867, -19.649112105965298 ] } },
{ "type": "Feature", "properties": { "ID": 0, "NAME": "Muchuwa", "X_Coord": 32.0471, "Y_Coord": -19.7878 }, "geometry": { "type": "Point", "coordinates": [ 32.047053757420414, -19.7877919448899 ] } },
{ "type": "Feature", "properties": { "ID": 0, "NAME": "Ngomayevisi", "X_Coord": 32.0171, "Y_Coord": -19.7393 }, "geometry": { "type": "Point", "coordinates": [ 32.017057453273672, -19.739274463358839 ] } },
{ "type": "Feature", "properties": { "ID": 0, "NAME": "Mutiusinazita", "X_Coord": 32.0573, "Y_Coord": -19.7308 }, "geometry": { "type": "Point", "coordinates": [ 32.057332366374155, -19.730792371896264 ] } },
{ "type": "Feature", "properties": { "ID": 0, "NAME": "Chimombe", "X_Coord": 32.0341, "Y_Coord": -19.6974 }, "geometry": { "type": "Point", "coordinates": [ 32.034142173093834, -19.697356074065411 ] } },
{ "type": "Feature", "properties": { "ID": 0, "NAME": "Chapanduka", "X_Coord": 32.1581, "Y_Coord": -19.6873 }, "geometry": { "type": "Point", "coordinates": [ 32.158122658007564, -19.687349109641975 ] } },
{ "type": "Feature", "properties": { "ID": 0, "NAME": "Pedzisai", "X_Coord": 31.8811, "Y_Coord": -19.6667 }, "geometry": { "type": "Point", "coordinates": [ 31.881114562881507, -19.666651060412335 ] } },
{ "type": "Feature", "properties": { "ID": 0, "NAME": "Mabhoko", "X_Coord": 31.8892, "Y_Coord": -19.7009 }, "geometry": { "type": "Point", "coordinates": [ 31.889168864101901, -19.700942581838977 ] } },
{ "type": "Feature", "properties": { "ID": 0, "NAME": "Nyadi", "X_Coord": 31.9323, "Y_Coord": -19.7071 }, "geometry": { "type": "Point", "coordinates": [ 31.932291953088225, -19.707064448415931 ] } },
{ "type": "Feature", "properties": { "ID": 0, "NAME": "Basira", "X_Coord": 31.8446, "Y_Coord": -19.5941 }, "geometry": { "type": "Point", "coordinates": [ 31.8445887318431, -19.594056327499477 ] } },
{ "type": "Feature", "properties": { "ID": 0, "NAME": "Mukambirwa", "X_Coord": 31.8704, "Y_Coord": -19.6318 }, "geometry": { "type": "Point", "coordinates": [ 31.870370023044323, -19.631841038621975 ] } },
{ "type": "Feature", "properties": { "ID": 0, "NAME": "Matsakanure", "X_Coord": 31.9242, "Y_Coord": -19.6266 }, "geometry": { "type": "Point", "coordinates": [ 31.924196176651076, -19.626629447338956 ] } },
{ "type": "Feature", "properties": { "ID": 0, "NAME": "Muzokomba", "X_Coord": 31.9583, "Y_Coord": -19.6095 }, "geometry": { "type": "Point", "coordinates": [ 31.958265529354922, -19.609525168499236 ] } },
{ "type": "Feature", "properties": { "ID": 0, "NAME": "Mushongwi", "X_Coord": 31.9605, "Y_Coord": -19.6682 }, "geometry": { "type": "Point", "coordinates": [ 31.960507461008525, -19.668243314238637 ] } },
{ "type": "Feature", "properties": { "ID": 0, "NAME": "Zvenyika", "X_Coord": 32.0264, "Y_Coord": -19.6093 }, "geometry": { "type": "Point", "coordinates": [ 32.026440099201025, -19.609294042529388 ] } },
{ "type": "Feature", "properties": { "ID": 0, "NAME": "Ngomayepasi", "X_Coord": 32.0848, "Y_Coord": -19.6072 }, "geometry": { "type": "Point", "coordinates": [ 32.084754715512986, -19.607201574667265 ] } },
{ "type": "Feature", "properties": { "ID": 0, "NAME": "Romerehoto", "X_Coord": 32.1836, "Y_Coord": -19.5699 }, "geometry": { "type": "Point", "coordinates": [ 32.183566954289304, -19.569926713768091 ] } },
{ "type": "Feature", "properties": { "ID": 0, "NAME": "Chirozva", "X_Coord": 32.106, "Y_Coord": -19.4572 }, "geometry": { "type": "Point", "coordinates": [ 32.10598093470167, -19.457172413464196 ] } },
{ "type": "Feature", "properties": { "ID": 0, "NAME": "Machirangwani", "X_Coord": 32.1222, "Y_Coord": -19.4727 }, "geometry": { "type": "Point", "coordinates": [ 32.122220913160142, -19.472725178816525 ] } },
{ "type": "Feature", "properties": { "ID": 0, "NAME": "Neunze", "X_Coord": 32.1496, "Y_Coord": -19.4939 }, "geometry": { "type": "Point", "coordinates": [ 32.149615228207061, -19.493852063649175 ] } },
{ "type": "Feature", "properties": { "ID": 0, "NAME": "Zangama", "X_Coord": 32.1037, "Y_Coord": -19.5611 }, "geometry": { "type": "Point", "coordinates": [ 32.103694088361223, -19.561055341970039 ] } },
{ "type": "Feature", "properties": { "ID": 0, "NAME": "Charambira", "X_Coord": 32.0399, "Y_Coord": -19.5368 }, "geometry": { "type": "Point", "coordinates": [ 32.039892866279892, -19.536773600751545 ] } },
{ "type": "Feature", "properties": { "ID": 0, "NAME": "Usavi", "X_Coord": 31.9073, "Y_Coord": -19.5498 }, "geometry": { "type": "Point", "coordinates": [ 31.907268849258724, -19.549808864947149 ] } },
{ "type": "Feature", "properties": { "ID": 0, "NAME": "Zvekare", "X_Coord": 31.9132, "Y_Coord": -19.5635 }, "geometry": { "type": "Point", "coordinates": [ 31.913183954330549, -19.563466906811531 ] } },
{ "type": "Feature", "properties": { "ID": 0, "NAME": "Mafuruse", "X_Coord": 31.9578, "Y_Coord": -19.5471 }, "geometry": { "type": "Point", "coordinates": [ 31.95780129562597, -19.547052520044595 ] } },
{ "type": "Feature", "properties": { "ID": 0, "NAME": "Mzilikazi", "X_Coord": 31.988, "Y_Coord": -19.552 }, "geometry": { "type": "Point", "coordinates": [ 31.987971851063445, -19.551950923726945 ] } },
{ "type": "Feature", "properties": { "ID": 0, "NAME": "Gotora", "X_Coord": 31.8899, "Y_Coord": -19.5269 }, "geometry": { "type": "Point", "coordinates": [ 31.889924143081554, -19.526910437731868 ] } },
{ "type": "Feature", "properties": { "ID": 0, "NAME": "Marambanyika", "X_Coord": 31.9817, "Y_Coord": -19.5101 }, "geometry": { "type": "Point", "coordinates": [ 31.981717080862442, -19.510113783314623 ] } },
{ "type": "Feature", "properties": { "ID": 0, "NAME": "Kandenga", "X_Coord": 32.0256, "Y_Coord": -19.4575 }, "geometry": { "type": "Point", "coordinates": [ 32.025596537374163, -19.457481113544528 ] } },
{ "type": "Feature", "properties": { "ID": 0, "NAME": "Mpeza", "X_Coord": 32.043, "Y_Coord": -19.503 }, "geometry": { "type": "Point", "coordinates": [ 32.042975976428203, -19.503025149139919 ] } },
{ "type": "Feature", "properties": { "ID": 0, "NAME": "Kuenda", "X_Coord": 32.0114, "Y_Coord": -19.4519 }, "geometry": { "type": "Point", "coordinates": [ 32.011384354952128, -19.451909144420348 ] } },
{ "type": "Feature", "properties": { "ID": 0, "NAME": "Zvomwoyo", "X_Coord": 31.9397, "Y_Coord": -19.4953 }, "geometry": { "type": "Point", "coordinates": [ 31.939721013736126, -19.495256209252823 ] } },
{ "type": "Feature", "properties": { "ID": 0, "NAME": "Betera", "X_Coord": 31.9806, "Y_Coord": -19.3733 }, "geometry": { "type": "Point", "coordinates": [ 31.980559424885811, -19.373296297773155 ] } },
{ "type": "Feature", "properties": { "ID": 0, "NAME": "Mutemera", "X_Coord": 32.0426, "Y_Coord": -19.3812 }, "geometry": { "type": "Point", "coordinates": [ 32.042647203099591, -19.381196919916707 ] } },
{ "type": "Feature", "properties": { "ID": 0, "NAME": "Mukwasi", "X_Coord": 31.9379, "Y_Coord": -19.2052 }, "geometry": { "type": "Point", "coordinates": [ 31.937881941270494, -19.205163380227251 ] } },
{ "type": "Feature", "properties": { "ID": 0, "NAME": "Anthonys", "X_Coord": 32.0182, "Y_Coord": -19.1889 }, "geometry": { "type": "Point", "coordinates": [ 32.01824329425952, -19.188920330568177 ] } },
{ "type": "Feature", "properties": { "ID": 0, "NAME": "Chinhuwo", "X_Coord": 31.9816, "Y_Coord": -19.246 }, "geometry": { "type": "Point", "coordinates": [ 31.981552403178018, -19.24604385036724 ] } },
{ "type": "Feature", "properties": { "ID": 0, "NAME": "Mugombe", "X_Coord": 32.0132, "Y_Coord": -19.2788 }, "geometry": { "type": "Point", "coordinates": [ 32.013238577813262, -19.27884226421752 ] } },
{ "type": "Feature", "properties": { "ID": 0, "NAME": "Matauto", "X_Coord": 31.9595, "Y_Coord": -19.318 }, "geometry": { "type": "Point", "coordinates": [ 31.959493709990703, -19.317973299822899 ] } },
{ "type": "Feature", "properties": { "ID": 0, "NAME": "Chihera", "X_Coord": 32.0137, "Y_Coord": -19.3419 }, "geometry": { "type": "Point", "coordinates": [ 32.0137394281181, -19.341942263586521 ] } },
{ "type": "Feature", "properties": { "ID": 0, "NAME": "Nhamo", "X_Coord": 32.057, "Y_Coord": -19.3262 }, "geometry": { "type": "Point", "coordinates": [ 32.056995698181808, -19.326162566646161 ] } },
{ "type": "Feature", "properties": { "ID": 0, "NAME": "Murwira", "X_Coord": 31.8266, "Y_Coord": -19.5126 }, "geometry": { "type": "Point", "coordinates": [ 31.826615315183954, -19.512553758852519 ] } },
{ "type": "Feature", "properties": { "ID": 0, "NAME": "Nyarima", "X_Coord": 31.7274, "Y_Coord": -19.5097 }, "geometry": { "type": "Point", "coordinates": [ 31.727389161796019, -19.509719191631572 ] } },
{ "type": "Feature", "properties": { "ID": 0, "NAME": "Changamire", "X_Coord": 31.9288, "Y_Coord": -19.3931 }, "geometry": { "type": "Point", "coordinates": [ 31.928759343063575, -19.393102907383305 ] } },
{ "type": "Feature", "properties": { "ID": 0, "NAME": "Mavangwe", "X_Coord": 31.9222, "Y_Coord": -19.2148 }, "geometry": { "type": "Point", "coordinates": [ 31.922203167831132, -19.214767017827437 ] } },
{ "type": "Feature", "properties": { "ID": 0, "NAME": "Chaibva", "X_Coord": 31.8974, "Y_Coord": -19.2208 }, "geometry": { "type": "Point", "coordinates": [ 31.897385243562663, -19.220781354264211 ] } },
{ "type": "Feature", "properties": { "ID": 0, "NAME": "Ndongwe", "X_Coord": 31.8268, "Y_Coord": -19.2912 }, "geometry": { "type": "Point", "coordinates": [ 31.826845966395492, -19.291223013754848 ] } },
{ "type": "Feature", "properties": { "ID": 0, "NAME": "Nyashanu", "X_Coord": 31.8916, "Y_Coord": -19.2887 }, "geometry": { "type": "Point", "coordinates": [ 31.891570026999087, -19.288726823482467 ] } },
{ "type": "Feature", "properties": { "ID": 0, "NAME": "Nemakute", "X_Coord": 31.7264, "Y_Coord": -19.4923 }, "geometry": { "type": "Point", "coordinates": [ 31.726401740397744, -19.492271911315022 ] } },
{ "type": "Feature", "properties": { "ID": 0, "NAME": "Chimbudzi", "X_Coord": 31.7758, "Y_Coord": -19.4681 }, "geometry": { "type": "Point", "coordinates": [ 31.775779677808671, -19.468136884853482 ] } },
{ "type": "Feature", "properties": { "ID": 0, "NAME": "Maneta", "X_Coord": 31.8457, "Y_Coord": -19.4731 }, "geometry": { "type": "Point", "coordinates": [ 31.845722251469333, -19.473095137550995 ] } },
{ "type": "Feature", "properties": { "ID": 0, "NAME": "Matereke", "X_Coord": 31.8654, "Y_Coord": -19.4872 }, "geometry": { "type": "Point", "coordinates": [ 31.865359861280758, -19.487246686646586 ] } },
{ "type": "Feature", "properties": { "ID": 0, "NAME": "Sango", "X_Coord": 31.8733, "Y_Coord": -19.3668 }, "geometry": { "type": "Point", "coordinates": [ 31.873339643505258, -19.366840002766438 ] } },
{ "type": "Feature", "properties": { "ID": 0, "NAME": "Bika", "X_Coord": 31.7065, "Y_Coord": -19.437 }, "geometry": { "type": "Point", "coordinates": [ 31.706546759882972, -19.43696171939213 ] } },
{ "type": "Feature", "properties": { "ID": 0, "NAME": "Madzimba", "X_Coord": 31.6622, "Y_Coord": -19.4514 }, "geometry": { "type": "Point", "coordinates": [ 31.662233937824197, -19.451440694171215 ] } },
{ "type": "Feature", "properties": { "ID": 0, "NAME": "Nechavava", "X_Coord": 31.6771, "Y_Coord": -19.4301 }, "geometry": { "type": "Point", "coordinates": [ 31.677096925893103, -19.430147160423267 ] } },
{ "type": "Feature", "properties": { "ID": 0, "NAME": "Mudanda", "X_Coord": 31.6956, "Y_Coord": -19.3632 }, "geometry": { "type": "Point", "coordinates": [ 31.695641947809939, -19.363165851589947 ] } },
{ "type": "Feature", "properties": { "ID": 0, "NAME": "Viriri", "X_Coord": 31.7756, "Y_Coord": -19.4021 }, "geometry": { "type": "Point", "coordinates": [ 31.775589439028671, -19.402069047489015 ] } },
{ "type": "Feature", "properties": { "ID": 0, "NAME": "Hukuimwe", "X_Coord": 31.841, "Y_Coord": -19.3989 }, "geometry": { "type": "Point", "coordinates": [ 31.841005007861128, -19.398948069397168 ] } },
{ "type": "Feature", "properties": { "ID": 0, "NAME": "Manetsa", "X_Coord": 31.8131, "Y_Coord": -19.3768 }, "geometry": { "type": "Point", "coordinates": [ 31.813106180953252, -19.376767226388175 ] } },
{ "type": "Feature", "properties": { "ID": 0, "NAME": "Mukono", "X_Coord": 31.8094, "Y_Coord": -19.3506 }, "geometry": { "type": "Point", "coordinates": [ 31.809430867185224, -19.350616380402847 ] } },
{ "type": "Feature", "properties": { "ID": 0, "NAME": "Madzivire", "X_Coord": 31.7316, "Y_Coord": -19.3239 }, "geometry": { "type": "Point", "coordinates": [ 31.731610770248494, -19.323897631680833 ] } },
{ "type": "Feature", "properties": { "ID": 0, "NAME": "Mutunha", "X_Coord": 31.7671, "Y_Coord": -19.3516 }, "geometry": { "type": "Point", "coordinates": [ 31.767083023983705, -19.351631796838376 ] } },
{ "type": "Feature", "properties": { "ID": 0, "NAME": "Murairwa", "X_Coord": 31.6253, "Y_Coord": -19.3647 }, "geometry": { "type": "Point", "coordinates": [ 31.625291593262169, -19.364717264154574 ] } },
{ "type": "Feature", "properties": { "ID": 0, "NAME": "Mutasa", "X_Coord": 31.5686, "Y_Coord": -19.3646 }, "geometry": { "type": "Point", "coordinates": [ 31.568588572504758, -19.364558767800087 ] } },
{ "type": "Feature", "properties": { "ID": 0, "NAME": "Mutewe", "X_Coord": 31.5933, "Y_Coord": -19.4161 }, "geometry": { "type": "Point", "coordinates": [ 31.593299123264721, -19.416100747393852 ] } },
{ "type": "Feature", "properties": { "ID": 0, "NAME": "Chikuvire", "X_Coord": 31.4304, "Y_Coord": -19.3573 }, "geometry": { "type": "Point", "coordinates": [ 31.430392124177182, -19.357284022692138 ] } },
{ "type": "Feature", "properties": { "ID": 0, "NAME": "Makanda", "X_Coord": 31.4767, "Y_Coord": -19.3561 }, "geometry": { "type": "Point", "coordinates": [ 31.476733135163727, -19.356147151641402 ] } },
{ "type": "Feature", "properties": { "ID": 0, "NAME": "Munyira", "X_Coord": 31.4914, "Y_Coord": -19.3483 }, "geometry": { "type": "Point", "coordinates": [ 31.491438868761676, -19.348269222295382 ] } },
{ "type": "Feature", "properties": { "ID": 0, "NAME": "Matsveru", "X_Coord": 31.591, "Y_Coord": -19.3281 }, "geometry": { "type": "Point", "coordinates": [ 31.591033945191391, -19.328077605256055 ] } },
{ "type": "Feature", "properties": { "ID": 0, "NAME": "Chipudzana", "X_Coord": 31.7526, "Y_Coord": -19.2471 }, "geometry": { "type": "Point", "coordinates": [ 31.752644403966155, -19.247105863045118 ] } },
{ "type": "Feature", "properties": { "ID": 0, "NAME": "Buhera", "X_Coord": 31.4485, "Y_Coord": -19.3308 }, "geometry": { "type": "Point", "coordinates": [ 31.448519281812835, -19.330846842130409 ] } },
{ "type": "Feature", "properties": { "ID": 0, "NAME": "Gute", "X_Coord": 31.5435, "Y_Coord": -19.2382 }, "geometry": { "type": "Point", "coordinates": [ 31.543525594197899, -19.238178500508102 ] } },
{ "type": "Feature", "properties": { "ID": 0, "NAME": "Dzarova", "X_Coord": 31.5877, "Y_Coord": -19.2951 }, "geometry": { "type": "Point", "coordinates": [ 31.5876813365375, -19.295061129807344 ] } },
{ "type": "Feature", "properties": { "ID": 0, "NAME": "Marume", "X_Coord": 31.4647, "Y_Coord": -19.2951 }, "geometry": { "type": "Point", "coordinates": [ 31.464679275043849, -19.295092034177998 ] } },
{ "type": "Feature", "properties": { "ID": 0, "NAME": "Gwebu", "X_Coord": 31.4215, "Y_Coord": -19.2185 }, "geometry": { "type": "Point", "coordinates": [ 31.42154386114473, -19.218515634127602 ] } },
{ "type": "Feature", "properties": { "ID": 0, "NAME": "Chatindo", "X_Coord": 31.4456, "Y_Coord": -19.2231 }, "geometry": { "type": "Point", "coordinates": [ 31.445615176985992, -19.223118008519233 ] } },
{ "type": "Feature", "properties": { "ID": 0, "NAME": "Chapungu", "X_Coord": 31.3255, "Y_Coord": -19.2565 }, "geometry": { "type": "Point", "coordinates": [ 31.325508040647541, -19.256506182409503 ] } },
{ "type": "Feature", "properties": { "ID": 0, "NAME": "Munyaradzi", "X_Coord": 31.3532, "Y_Coord": -19.2216 }, "geometry": { "type": "Point", "coordinates": [ 31.353225934655516, -19.221565759032458 ] } },
{ "type": "Feature", "properties": { "ID": 0, "NAME": "Chikwekwete", "X_Coord": 31.6674, "Y_Coord": -19.2522 }, "geometry": { "type": "Point", "coordinates": [ 31.66738392273356, -19.252162855791926 ] } },
{ "type": "Feature", "properties": { "ID": 0, "NAME": "Neshava", "X_Coord": 31.691, "Y_Coord": -19.2548 }, "geometry": { "type": "Point", "coordinates": [ 31.691011017571576, -19.254845821624592 ] } },
{ "type": "Feature", "properties": { "ID": 0, "NAME": "Nyamasanga", "X_Coord": 31.8059, "Y_Coord": -19.1874 }, "geometry": { "type": "Point", "coordinates": [ 31.805855133952463, -19.187427942519978 ] } },
{ "type": "Feature", "properties": { "ID": 0, "NAME": "Watekama", "X_Coord": 31.8454, "Y_Coord": -19.2106 }, "geometry": { "type": "Point", "coordinates": [ 31.845382839340896, -19.210646842411773 ] } },
{ "type": "Feature", "properties": { "ID": 0, "NAME": "St Albans", "X_Coord": 31.851, "Y_Coord": -19.1995 }, "geometry": { "type": "Point", "coordinates": [ 31.851001750291484, -19.199527125492303 ] } },
{ "type": "Feature", "properties": { "ID": 0, "NAME": "Masocha", "X_Coord": 31.7729, "Y_Coord": -19.2168 }, "geometry": { "type": "Point", "coordinates": [ 31.772883492321053, -19.216762408382706 ] } },
{ "type": "Feature", "properties": { "ID": 0, "NAME": "Murowe", "X_Coord": 31.7617, "Y_Coord": -19.1677 }, "geometry": { "type": "Point", "coordinates": [ 31.761676140067529, -19.1677426913358 ] } },
{ "type": "Feature", "properties": { "ID": 0, "NAME": "St Johns", "X_Coord": 31.7502, "Y_Coord": -19.1596 }, "geometry": { "type": "Point", "coordinates": [ 31.750200639975237, -19.159568123087933 ] } },
{ "type": "Feature", "properties": { "ID": 0, "NAME": "Kuenda", "X_Coord": 31.4376, "Y_Coord": -19.1368 }, "geometry": { "type": "Point", "coordinates": [ 31.437612955788914, -19.136848104495524 ] } },
{ "type": "Feature", "properties": { "ID": 0, "NAME": "Mudzamiri", "X_Coord": 31.3864, "Y_Coord": -19.1328 }, "geometry": { "type": "Point", "coordinates": [ 31.386405378686813, -19.132817084144765 ] } },
{ "type": "Feature", "properties": { "ID": 0, "NAME": "St George", "X_Coord": 31.4024, "Y_Coord": -19.1547 }, "geometry": { "type": "Point", "coordinates": [ 31.402372518378016, -19.154699394278467 ] } },
{ "type": "Feature", "properties": { "ID": 0, "NAME": "Madende", "X_Coord": 31.4212, "Y_Coord": -19.1803 }, "geometry": { "type": "Point", "coordinates": [ 31.421174910605792, -19.180272079454593 ] } },
{ "type": "Feature", "properties": { "ID": 0, "NAME": "Gosho", "X_Coord": 31.4884, "Y_Coord": -19.1974 }, "geometry": { "type": "Point", "coordinates": [ 31.488367187753948, -19.19737441153714 ] } },
{ "type": "Feature", "properties": { "ID": 0, "NAME": "Nerutanga", "X_Coord": 31.3755, "Y_Coord": -19.2821 }, "geometry": { "type": "Point", "coordinates": [ 31.375496640898092, -19.282087570746857 ] } },
{ "type": "Feature", "properties": { "ID": 0, "NAME": "Nyanzira", "X_Coord": 31.5403, "Y_Coord": -19.3086 }, "geometry": { "type": "Point", "coordinates": [ 31.540346607017817, -19.30864948408156 ] } },
{ "type": "Feature", "properties": { "ID": 0, "NAME": "Makumbe", "X_Coord": 31.5459, "Y_Coord": -19.2651 }, "geometry": { "type": "Point", "coordinates": [ 31.54585098332544, -19.265087224828989 ] } },
{ "type": "Feature", "properties": { "ID": 0, "NAME": "Murambinda (B)", "X_Coord": 31.6848, "Y_Coord": -19.2874 }, "geometry": { "type": "Point", "coordinates": [ 31.684843632716177, -19.28740281021393 ] } },
{ "type": "Feature", "properties": { "ID": 0, "NAME": "Kwarire", "X_Coord": 31.7609, "Y_Coord": -19.2678 }, "geometry": { "type": "Point", "coordinates": [ 31.760945459512996, -19.267791821804529 ] } },
{ "type": "Feature", "properties": { "ID": 0, "NAME": "St Augustine", "X_Coord": 31.5361, "Y_Coord": -19.1679 }, "geometry": { "type": "Point", "coordinates": [ 31.536141027732519, -19.167919430519319 ] } },
{ "type": "Feature", "properties": { "ID": 0, "NAME": "Holy Family", "X_Coord": 31.7915, "Y_Coord": -19.0708 }, "geometry": { "type": "Point", "coordinates": [ 31.791506632973711, -19.070786315185906 ] } },
{ "type": "Feature", "properties": { "ID": 0, "NAME": "Chihera", "X_Coord": 31.6998, "Y_Coord": -19.1249 }, "geometry": { "type": "Point", "coordinates": [ 31.699831791410897, -19.12487044310863 ] } },
{ "type": "Feature", "properties": { "ID": 0, "NAME": "St Michaels", "X_Coord": 31.8117, "Y_Coord": -19.1206 }, "geometry": { "type": "Point", "coordinates": [ 31.811683454617079, -19.120572777893511 ] } },
{ "type": "Feature", "properties": { "ID": 0, "NAME": "Honde", "X_Coord": 31.7417, "Y_Coord": -19.1079 }, "geometry": { "type": "Point", "coordinates": [ 31.741657137259299, -19.107860262401466 ] } },
{ "type": "Feature", "properties": { "ID": 0, "NAME": "Chiturike", "X_Coord": 31.6541, "Y_Coord": -19.1568 }, "geometry": { "type": "Point", "coordinates": [ 31.654130611005503, -19.156787750394955 ] } },
{ "type": "Feature", "properties": { "ID": 0, "NAME": "St Edwards", "X_Coord": 31.7016, "Y_Coord": -19.1073 }, "geometry": { "type": "Point", "coordinates": [ 31.701556805919893, -19.107294559513004 ] } },
{ "type": "Feature", "properties": { "ID": 0, "NAME": "Gunde", "X_Coord": 31.6854, "Y_Coord": -19.0681 }, "geometry": { "type": "Point", "coordinates": [ 31.685447923596321, -19.068147818577113 ] } },
{ "type": "Feature", "properties": { "ID": 0, "NAME": "St Bernards", "X_Coord": 31.6394, "Y_Coord": -19.0764 }, "geometry": { "type": "Point", "coordinates": [ 31.639396106939323, -19.076449334580346 ] } },
{ "type": "Feature", "properties": { "ID": 0, "NAME": "Chawatama", "X_Coord": 31.601, "Y_Coord": -19.1442 }, "geometry": { "type": "Point", "coordinates": [ 31.600968993853719, -19.14420644769239 ] } },
{ "type": "Feature", "properties": { "ID": 0, "NAME": "Ndawana", "X_Coord": 31.5512, "Y_Coord": -19.1493 }, "geometry": { "type": "Point", "coordinates": [ 31.551241651119728, -19.149265536868658 ] } },
{ "type": "Feature", "properties": { "ID": 0, "NAME": "Madende", "X_Coord": 31.5536, "Y_Coord": -19.1949 }, "geometry": { "type": "Point", "coordinates": [ 31.553644919989971, -19.194941340592319 ] } },
{ "type": "Feature", "properties": { "ID": 0, "NAME": "Ngombeyarara", "X_Coord": 31.6026, "Y_Coord": -19.2097 }, "geometry": { "type": "Point", "coordinates": [ 31.602574860137775, -19.209707369990355 ] } },
{ "type": "Feature", "properties": { "ID": 0, "NAME": "Machacha", "X_Coord": 31.6975, "Y_Coord": -19.1482 }, "geometry": { "type": "Point", "coordinates": [ 31.697517806753623, -19.148180035325954 ] } },
{ "type": "Feature", "properties": { "ID": 0, "NAME": "Mahoko", "X_Coord": 31.5818, "Y_Coord": -19.1016 }, "geometry": { "type": "Point", "coordinates": [ 31.581812022222859, -19.101638241524704 ] } },
{ "type": "Feature", "properties": { "ID": 0, "NAME": "Mukondomi", "X_Coord": 31.6727, "Y_Coord": -19.1963 }, "geometry": { "type": "Point", "coordinates": [ 31.672706506885071, -19.196348394496308 ] } },
{ "type": "Feature", "properties": { "ID": 0, "NAME": "St Joseph", "X_Coord": 31.297, "Y_Coord": -19.2363 }, "geometry": { "type": "Point", "coordinates": [ 31.297002822996379, -19.236297722101362 ] } },
{ "type": "Feature", "properties": { "ID": 0, "NAME": "Bepe", "X_Coord": 31.2745, "Y_Coord": -19.2677 }, "geometry": { "type": "Point", "coordinates": [ 31.27451113898038, -19.267696652735037 ] } },
{ "type": "Feature", "properties": { "ID": 0, "NAME": "Mukamba", "X_Coord": 31.7299, "Y_Coord": -19.0389 }, "geometry": { "type": "Point", "coordinates": [ 31.729869029932289, -19.038931396643545 ] } },
{ "type": "Feature", "properties": { "ID": 0, "NAME": "Chirasauta", "X_Coord": 31.5987, "Y_Coord": -19.0437 }, "geometry": { "type": "Point", "coordinates": [ 31.598742240051607, -19.043741969574544 ] } },
{ "type": "Feature", "properties": { "ID": 0, "NAME": "Rupfunde", "X_Coord": 31.9501, "Y_Coord": -19.1542 }, "geometry": { "type": "Point", "coordinates": [ 31.950053856337856, -19.154175562519686 ] } },
{ "type": "Feature", "properties": { "ID": 0, "NAME": "Mambinjo", "X_Coord": 31.8865, "Y_Coord": -19.327 }, "geometry": { "type": "Point", "coordinates": [ 31.886483908329932, -19.326954055936966 ] } },
{ "type": "Feature", "properties": { "ID": 0, "NAME": "Chiurwi", "X_Coord": 31.8669, "Y_Coord": -19.441 }, "geometry": { "type": "Point", "coordinates": [ 31.866915491128601, -19.440982755505107 ] } },
{ "type": "Feature", "properties": { "ID": 0, "NAME": "Bangure", "X_Coord": 31.7725, "Y_Coord": -19.5511 }, "geometry": { "type": "Point", "coordinates": [ 31.772500923831736, -19.551068099619357 ] } }
]
}
